sam_model,clip_model,clip_pretrained,threshold,mask_threshold,post_processing,avg_speed_ms_per_frame,vram_gb_per_frame,vram_reserved_gb_per_frame,miou,sa_co_f1,recall_obj,precision_hit,avg_masks_per_image,percent_fragmented_masks,avg_clip_score_selected,mAP_retrieval
sam1:sam_vit_b_01ec64.pth,ViT-B-32,laion2b_s34b_b79k,0.5,0.5,"ThresholdGrid(conf=0.5,mask=0.5)",0.393750318326056,0.35103893280029297,2.07421875,0.09931968538590753,0.09115281501340483,0.9731903485254692,0.1778373547810545,96.51,0.04919930621583439,0.2628493756455327,0.16046358716479922
sam1:sam_vit_b_01ec64.pth,ViT-B-32,laion2b_s34b_b79k,0.5,0.7,"ThresholdGrid(conf=0.5,mask=0.7)",0.3822982660494745,0.35103893280029297,2.07421875,0.09931968538590753,0.09115281501340483,0.9731903485254692,0.1778373547810545,96.51,0.04919930621583439,0.2628493756455327,0.16046358716479922
sam1:sam_vit_b_01ec64.pth,ViT-B-32,laion2b_s34b_b79k,0.5,0.9,"ThresholdGrid(conf=0.5,mask=0.9)",0.38117440650239587,0.3508024215698242,2.07421875,0.09663382876344856,0.09115281501340483,0.938337801608579,0.16532618409294011,72.55,0.03634323976411357,0.260420040441369,0.16582186162684392
sam1:sam_vit_b_01ec64.pth,ViT-B-32,laion2b_s34b_b79k,0.7,0.5,"ThresholdGrid(conf=0.7,mask=0.5)",0.38527897326275706,0.35103893280029297,2.07421875,0.09931968538590753,0.09115281501340483,0.9731903485254692,0.1778373547810545,96.51,0.04919930621583439,0.2628493756455327,0.16046358716479922
sam1:sam_vit_b_01ec64.pth,ViT-B-32,laion2b_s34b_b79k,0.7,0.7,"ThresholdGrid(conf=0.7,mask=0.7)",0.3792097885161638,0.35103893280029297,2.07421875,0.09931968538590753,0.09115281501340483,0.9731903485254692,0.1778373547810545,96.51,0.04919930621583439,0.2628493756455327,0.16046358716479922
sam1:sam_vit_b_01ec64.pth,ViT-B-32,laion2b_s34b_b79k,0.7,0.9,"ThresholdGrid(conf=0.7,mask=0.9)",0.3727144026197493,0.3508024215698242,2.07421875,0.09663382876344856,0.09115281501340483,0.938337801608579,0.16532618409294011,72.55,0.03634323976411357,0.260420040441369,0.16582186162684392
sam1:sam_vit_b_01ec64.pth,ViT-B-32,laion2b_s34b_b79k,0.9,0.5,"ThresholdGrid(conf=0.9,mask=0.5)",0.3623622842133045,0.35051584243774414,2.07421875,0.10894738752273606,0.10455764075067024,0.9088471849865952,0.1876675603217158,47.12,0.03170253699942377,0.25986326409302407,0.1887916516658096
sam1:sam_vit_b_01ec64.pth,ViT-B-32,laion2b_s34b_b79k,0.9,0.7,"ThresholdGrid(conf=0.9,mask=0.7)",0.3617446357384324,0.35051584243774414,2.07421875,0.10894738752273606,0.10455764075067024,0.9088471849865952,0.1876675603217158,47.12,0.03170253699942377,0.25986326409302407,0.1887916516658096
sam1:sam_vit_b_01ec64.pth,ViT-B-32,laion2b_s34b_b79k,0.9,0.9,"ThresholdGrid(conf=0.9,mask=0.9)",0.3594132047146559,0.35050201416015625,2.07421875,0.10410921810092727,0.10008936550491511,0.8838248436103664,0.1769436997319035,43.58,0.027835865628393467,0.25862543982677527,0.18249088618160475
sam1:sam_vit_b_01ec64.pth,ViT-B-32,datacomp_xl_s13b_b90k,0.5,0.5,"ThresholdGrid(conf=0.5,mask=0.5)",0.3828233038075268,0.34835338592529297,2.07421875,0.10246585026346847,0.08847184986595175,0.9731903485254692,0.18141197497765862,96.51,0.04919930621583439,0.21043259304905704,0.14704475902802064
sam1:sam_vit_b_01ec64.pth,ViT-B-32,datacomp_xl_s13b_b90k,0.5,0.7,"ThresholdGrid(conf=0.5,mask=0.7)",0.3809112962335348,0.34835338592529297,2.07421875,0.10246585026346847,0.08847184986595175,0.9731903485254692,0.18141197497765862,96.51,0.04919930621583439,0.21043259304905704,0.14704475902802064
sam1:sam_vit_b_01ec64.pth,ViT-B-32,datacomp_xl_s13b_b90k,0.5,0.9,"ThresholdGrid(conf=0.5,mask=0.9)",0.3694985620677471,0.3481168746948242,2.07421875,0.10274269588531074,0.0902591599642538,0.938337801608579,0.17605004468275245,72.55,0.03634323976411357,0.20840638407220577,0.15056465067539965
sam1:sam_vit_b_01ec64.pth,ViT-B-32,datacomp_xl_s13b_b90k,0.7,0.5,"ThresholdGrid(conf=0.7,mask=0.5)",0.38165402598679066,0.34835338592529297,2.07421875,0.10246585026346847,0.08847184986595175,0.9731903485254692,0.18141197497765862,96.51,0.04919930621583439,0.21043259304905704,0.14704475902802064
sam1:sam_vit_b_01ec64.pth,ViT-B-32,datacomp_xl_s13b_b90k,0.7,0.7,"ThresholdGrid(conf=0.7,mask=0.7)",0.38564497139304876,0.34835338592529297,2.07421875,0.10246585026346847,0.08847184986595175,0.9731903485254692,0.18141197497765862,96.51,0.04919930621583439,0.21043259304905704,0.14704475902802064
sam1:sam_vit_b_01ec64.pth,ViT-B-32,datacomp_xl_s13b_b90k,0.7,0.9,"ThresholdGrid(conf=0.7,mask=0.9)",0.37658790359273553,0.3481168746948242,2.07421875,0.10274269588531074,0.0902591599642538,0.938337801608579,0.17605004468275245,72.55,0.03634323976411357,0.20840638407220577,0.15056465067539965
sam1:sam_vit_b_01ec64.pth,ViT-B-32,datacomp_xl_s13b_b90k,0.9,0.5,"ThresholdGrid(conf=0.9,mask=0.5)",0.36746895406395197,0.34783029556274414,2.07421875,0.11262865235130823,0.10366398570151922,0.9088471849865952,0.18856121537086684,47.12,0.03170253699942377,0.20686495129661542,0.17413995629305412
sam1:sam_vit_b_01ec64.pth,ViT-B-32,datacomp_xl_s13b_b90k,0.9,0.7,"ThresholdGrid(conf=0.9,mask=0.7)",0.35768971778452396,0.34783029556274414,2.07421875,0.11262865235130823,0.10366398570151922,0.9088471849865952,0.18856121537086684,47.12,0.03170253699942377,0.20686495129661542,0.17413995629305412
sam1:sam_vit_b_01ec64.pth,ViT-B-32,datacomp_xl_s13b_b90k,0.9,0.9,"ThresholdGrid(conf=0.9,mask=0.9)",0.34929492976516485,0.34781646728515625,2.07421875,0.1128190386796844,0.10455764075067024,0.8838248436103664,0.18856121537086684,43.58,0.027835865628393467,0.20587898793499634,0.1703461807724924
sam1:sam_vit_b_01ec64.pth,ViT-B-16,laion2b_s34b_b88k,0.5,0.5,"ThresholdGrid(conf=0.5,mask=0.5)",0.380507989320904,0.3476753234863281,3.69140625,0.11139239084947082,0.09830205540661305,0.9731903485254692,0.19749776586237713,96.51,0.04919930621583439,0.23923505728163816,0.16013831850006754
sam1:sam_vit_b_01ec64.pth,ViT-B-16,laion2b_s34b_b88k,0.5,0.7,"ThresholdGrid(conf=0.5,mask=0.7)",0.3765669511631131,0.3476753234863281,3.69140625,0.11139239084947082,0.09830205540661305,0.9731903485254692,0.19749776586237713,96.51,0.04919930621583439,0.23923505728163816,0.16013831850006754
sam1:sam_vit_b_01ec64.pth,ViT-B-16,laion2b_s34b_b88k,0.5,0.9,"ThresholdGrid(conf=0.5,mask=0.9)",0.36984805250540376,0.3474388122558594,3.69140625,0.10934979287242623,0.10008936550491511,0.938337801608579,0.1840929401251117,72.55,0.03634323976411357,0.23677345431202537,0.16281955601854373
sam1:sam_vit_b_01ec64.pth,ViT-B-16,laion2b_s34b_b88k,0.7,0.5,"ThresholdGrid(conf=0.7,mask=0.5)",0.37802606588229537,0.3476753234863281,3.69140625,0.11139239084947082,0.09830205540661305,0.9731903485254692,0.19749776586237713,96.51,0.04919930621583439,0.23923505728163816,0.16013831850006754
sam1:sam_vit_b_01ec64.pth,ViT-B-16,laion2b_s34b_b88k,0.7,0.7,"ThresholdGrid(conf=0.7,mask=0.7)",0.3797203511931002,0.3476753234863281,3.69140625,0.11139239084947082,0.09830205540661305,0.9731903485254692,0.19749776586237713,96.51,0.04919930621583439,0.23923505728163816,0.16013831850006754
sam1:sam_vit_b_01ec64.pth,ViT-B-16,laion2b_s34b_b88k,0.7,0.9,"ThresholdGrid(conf=0.7,mask=0.9)",0.37138222716748714,0.3474388122558594,3.69140625,0.10934979287242623,0.10008936550491511,0.938337801608579,0.1840929401251117,72.55,0.03634323976411357,0.23677345431202537,0.16281955601854373
sam1:sam_vit_b_01ec64.pth,ViT-B-16,laion2b_s34b_b88k,0.9,0.5,"ThresholdGrid(conf=0.9,mask=0.5)",0.36488828947767615,0.3471522331237793,3.69140625,0.11882763078832712,0.10723860589812333,0.9088471849865952,0.20911528150134048,47.12,0.03170253699942377,0.2356833705979868,0.1826319312355205
sam1:sam_vit_b_01ec64.pth,ViT-B-16,laion2b_s34b_b88k,0.9,0.7,"ThresholdGrid(conf=0.9,mask=0.7)",0.3570128488354385,0.3471522331237793,3.69140625,0.11882763078832712,0.10723860589812333,0.9088471849865952,0.20911528150134048,47.12,0.03170253699942377,0.2356833705979868,0.1826319312355205
sam1:sam_vit_b_01ec64.pth,ViT-B-16,laion2b_s34b_b88k,0.9,0.9,"ThresholdGrid(conf=0.9,mask=0.9)",0.35008723847568035,0.3471384048461914,3.69140625,0.11628955553049174,0.1063449508489723,0.8838248436103664,0.19839142091152814,43.58,0.027835865628393467,0.2345036435223137,0.17857506527569217
sam1:sam_vit_b_01ec64.pth,ViT-B-16-SigLIP,webli,0.5,0.5,"ThresholdGrid(conf=0.5,mask=0.5)",0.4067170713096857,0.4021434783935547,3.439453125,0.12472442157568542,0.11528150134048257,0.9731903485254692,0.20822162645218945,96.51,0.04919930621583439,0.07669141965188332,0.1774478211730269
sam1:sam_vit_b_01ec64.pth,ViT-B-16-SigLIP,webli,0.5,0.7,"ThresholdGrid(conf=0.5,mask=0.7)",0.38826364325359464,0.4021434783935547,3.439453125,0.12472442157568542,0.11528150134048257,0.9731903485254692,0.20822162645218945,96.51,0.04919930621583439,0.07669141965188332,0.1774478211730269
sam1:sam_vit_b_01ec64.pth,ViT-B-16-SigLIP,webli,0.5,0.9,"ThresholdGrid(conf=0.5,mask=0.9)",0.3829750814475119,0.4017953872680664,3.439453125,0.1162396036155376,0.10723860589812333,0.938337801608579,0.19481680071492405,72.55,0.03634323976411357,0.07468335673136435,0.17563624616065526
sam1:sam_vit_b_01ec64.pth,ViT-B-16-SigLIP,webli,0.7,0.5,"ThresholdGrid(conf=0.7,mask=0.5)",0.3912083781324327,0.4021434783935547,3.439453125,0.12472442157568542,0.11528150134048257,0.9731903485254692,0.20822162645218945,96.51,0.04919930621583439,0.07669141965188332,0.1774478211730269
sam1:sam_vit_b_01ec64.pth,ViT-B-16-SigLIP,webli,0.7,0.7,"ThresholdGrid(conf=0.7,mask=0.7)",0.3864648914895952,0.4021434783935547,3.439453125,0.12472442157568542,0.11528150134048257,0.9731903485254692,0.20822162645218945,96.51,0.04919930621583439,0.07669141965188332,0.1774478211730269
sam1:sam_vit_b_01ec64.pth,ViT-B-16-SigLIP,webli,0.7,0.9,"ThresholdGrid(conf=0.7,mask=0.9)",0.37788783200085163,0.4017953872680664,3.439453125,0.1162396036155376,0.10723860589812333,0.938337801608579,0.19481680071492405,72.55,0.03634323976411357,0.07468335673136435,0.17563624616065526
sam1:sam_vit_b_01ec64.pth,ViT-B-16-SigLIP,webli,0.9,0.5,"ThresholdGrid(conf=0.9,mask=0.5)",0.36381756654009223,0.40137147903442383,3.439453125,0.13639676933558328,0.12511170688114387,0.9088471849865952,0.22609472743521,47.12,0.03170253699942377,0.07355564423205066,0.20122546504661065
sam1:sam_vit_b_01ec64.pth,ViT-B-16-SigLIP,webli,0.9,0.7,"ThresholdGrid(conf=0.9,mask=0.7)",0.3586592571809888,0.40137147903442383,3.439453125,0.13639676933558328,0.12511170688114387,0.9088471849865952,0.22609472743521,47.12,0.03170253699942377,0.07355564423205066,0.20122546504661065
sam1:sam_vit_b_01ec64.pth,ViT-B-16-SigLIP,webli,0.9,0.9,"ThresholdGrid(conf=0.9,mask=0.9)",0.3594277799129486,0.4013509750366211,3.439453125,0.13068935411374297,0.11885612153708669,0.8838248436103664,0.21983914209115282,43.58,0.027835865628393467,0.07232375402782541,0.19272151806831062
sam1:sam_vit_b_01ec64.pth,ViT-L-14,laion2b_s32b_b82k,0.5,0.5,"ThresholdGrid(conf=0.5,mask=0.5)",0.3891651099547744,0.8976821899414062,6.44140625,0.10863677461392343,0.09204647006255585,0.9731903485254692,0.20017873100983022,96.51,0.04919930621583439,0.2584037761852292,0.15109037836896283
sam1:sam_vit_b_01ec64.pth,ViT-L-14,laion2b_s32b_b82k,0.5,0.7,"ThresholdGrid(conf=0.5,mask=0.7)",0.3862430714070797,0.8976821899414062,6.44140625,0.10863677461392343,0.09204647006255585,0.9731903485254692,0.20017873100983022,96.51,0.04919930621583439,0.2584037761852292,0.15109037836896283
sam1:sam_vit_b_01ec64.pth,ViT-L-14,laion2b_s32b_b82k,0.5,0.9,"ThresholdGrid(conf=0.5,mask=0.9)",0.38275918923318386,0.897334098815918,6.44140625,0.10315676966709643,0.08847184986595175,0.938337801608579,0.1840929401251117,72.55,0.03634323976411357,0.25611781278979684,0.1534704604729644
sam1:sam_vit_b_01ec64.pth,ViT-L-14,laion2b_s32b_b82k,0.7,0.5,"ThresholdGrid(conf=0.7,mask=0.5)",0.3865961660631001,0.8976821899414062,6.44140625,0.10863677461392343,0.09204647006255585,0.9731903485254692,0.20017873100983022,96.51,0.04919930621583439,0.2584037761852292,0.15109037836896283
sam1:sam_vit_b_01ec64.pth,ViT-L-14,laion2b_s32b_b82k,0.7,0.7,"ThresholdGrid(conf=0.7,mask=0.7)",0.3899419051595032,0.8976821899414062,6.44140625,0.10863677461392343,0.09204647006255585,0.9731903485254692,0.20017873100983022,96.51,0.04919930621583439,0.2584037761852292,0.15109037836896283
sam1:sam_vit_b_01ec64.pth,ViT-L-14,laion2b_s32b_b82k,0.7,0.9,"ThresholdGrid(conf=0.7,mask=0.9)",0.38729255087673664,0.897334098815918,6.44140625,0.10315676966709643,0.08847184986595175,0.938337801608579,0.1840929401251117,72.55,0.03634323976411357,0.25611781278979684,0.1534704604729644
sam1:sam_vit_b_01ec64.pth,ViT-L-14,laion2b_s32b_b82k,0.9,0.5,"ThresholdGrid(conf=0.9,mask=0.5)",0.3648010245524347,0.8969101905822754,6.44140625,0.11637721595369016,0.10187667560321716,0.9088471849865952,0.20554066130473636,47.12,0.03170253699942377,0.2544068562814015,0.18143392053824892
sam1:sam_vit_b_01ec64.pth,ViT-L-14,laion2b_s32b_b82k,0.9,0.7,"ThresholdGrid(conf=0.9,mask=0.7)",0.3637085994705558,0.8969101905822754,6.44140625,0.11637721595369016,0.10187667560321716,0.9088471849865952,0.20554066130473636,47.12,0.03170253699942377,0.2544068562814015,0.18143392053824892
sam1:sam_vit_b_01ec64.pth,ViT-L-14,laion2b_s32b_b82k,0.9,0.9,"ThresholdGrid(conf=0.9,mask=0.9)",0.3703984967432916,0.8968896865844727,6.44140625,0.11288975636198113,0.09740840035746202,0.8838248436103664,0.19928507596067918,43.58,0.027835865628393467,0.25312716807500923,0.17517511997635862
sam1:sam_vit_b_01ec64.pth,ViT-L-14,dfn2b,0.5,0.5,"ThresholdGrid(conf=0.5,mask=0.5)",0.3885748144239187,0.8976821899414062,6.44140625,0.13257886037938005,0.1260053619302949,0.9731903485254692,0.21805183199285075,96.51,0.04919930621583439,0.20959930432173052,0.19194231744645915
sam1:sam_vit_b_01ec64.pth,ViT-L-14,dfn2b,0.5,0.7,"ThresholdGrid(conf=0.5,mask=0.7)",0.3899195441044867,0.8976821899414062,6.44140625,0.13257886037938005,0.1260053619302949,0.9731903485254692,0.21805183199285075,96.51,0.04919930621583439,0.20959930432173052,0.19194231744645915
sam1:sam_vit_b_01ec64.pth,ViT-L-14,dfn2b,0.5,0.9,"ThresholdGrid(conf=0.5,mask=0.9)",0.38806105265393853,0.897334098815918,6.44140625,0.12944094738655168,0.12153708668453976,0.938337801608579,0.2126899016979446,72.55,0.03634323976411357,0.2071092116369319,0.1925273609613623
sam1:sam_vit_b_01ec64.pth,ViT-L-14,dfn2b,0.7,0.5,"ThresholdGrid(conf=0.7,mask=0.5)",0.3894871356897056,0.8976821899414062,6.44140625,0.13257886037938005,0.1260053619302949,0.9731903485254692,0.21805183199285075,96.51,0.04919930621583439,0.20959930432173052,0.19194231744645915
sam1:sam_vit_b_01ec64.pth,ViT-L-14,dfn2b,0.7,0.7,"ThresholdGrid(conf=0.7,mask=0.7)",0.39412677520886064,0.8976821899414062,6.44140625,0.13257886037938005,0.1260053619302949,0.9731903485254692,0.21805183199285075,96.51,0.04919930621583439,0.20959930432173052,0.19194231744645915
sam1:sam_vit_b_01ec64.pth,ViT-L-14,dfn2b,0.7,0.9,"ThresholdGrid(conf=0.7,mask=0.9)",0.3850913606584072,0.897334098815918,6.44140625,0.12944094738655168,0.12153708668453976,0.938337801608579,0.2126899016979446,72.55,0.03634323976411357,0.2071092116369319,0.1925273609613623
sam1:sam_vit_b_01ec64.pth,ViT-L-14,dfn2b,0.9,0.5,"ThresholdGrid(conf=0.9,mask=0.5)",0.3758372995071113,0.8969101905822754,6.44140625,0.14960936658269963,0.14209115281501342,0.9088471849865952,0.24307417336907952,47.12,0.03170253699942377,0.20549999236048494,0.22160437287841347
sam1:sam_vit_b_01ec64.pth,ViT-L-14,dfn2b,0.9,0.7,"ThresholdGrid(conf=0.9,mask=0.7)",0.37136626429855824,0.8969101905822754,6.44140625,0.14960936658269963,0.14209115281501342,0.9088471849865952,0.24307417336907952,47.12,0.03170253699942377,0.20549999236048494,0.22160437287841347
sam1:sam_vit_b_01ec64.pth,ViT-L-14,dfn2b,0.9,0.9,"ThresholdGrid(conf=0.9,mask=0.9)",0.3728869650512934,0.8968896865844727,6.44140625,0.1420209170928239,0.1322609472743521,0.8838248436103664,0.23145665773011617,43.58,0.027835865628393467,0.20400179738813048,0.2129578123398576
sam1:sam_vit_b_01ec64.pth,ViT-L-14,datacomp_xl_s13b_b90k,0.5,0.5,"ThresholdGrid(conf=0.5,mask=0.5)",0.3910396434366703,0.8976821899414062,6.44140625,0.12994931226066442,0.1161751563896336,0.9731903485254692,0.2287756925826631,96.51,0.04919930621583439,0.1994186230303455,0.18062224890388306
sam1:sam_vit_b_01ec64.pth,ViT-L-14,datacomp_xl_s13b_b90k,0.5,0.7,"ThresholdGrid(conf=0.5,mask=0.7)",0.38916150806471705,0.8976821899414062,6.44140625,0.12994931226066442,0.1161751563896336,0.9731903485254692,0.2287756925826631,96.51,0.04919930621583439,0.1994186230303455,0.18062224890388306
sam1:sam_vit_b_01ec64.pth,ViT-L-14,datacomp_xl_s13b_b90k,0.5,0.9,"ThresholdGrid(conf=0.5,mask=0.9)",0.3827480156905949,0.897334098815918,6.44140625,0.12995440742850015,0.11796246648793565,0.938337801608579,0.2225201072386059,72.55,0.03634323976411357,0.1967693706366822,0.18498628647610516
sam1:sam_vit_b_01ec64.pth,ViT-L-14,datacomp_xl_s13b_b90k,0.7,0.5,"ThresholdGrid(conf=0.7,mask=0.5)",0.39434402249753475,0.8976821899414062,6.44140625,0.12994931226066442,0.1161751563896336,0.9731903485254692,0.2287756925826631,96.51,0.04919930621583439,0.1994186230303455,0.18062224890388306
sam1:sam_vit_b_01ec64.pth,ViT-L-14,datacomp_xl_s13b_b90k,0.7,0.7,"ThresholdGrid(conf=0.7,mask=0.7)",0.3948046872392297,0.8976821899414062,6.44140625,0.12994931226066442,0.1161751563896336,0.9731903485254692,0.2287756925826631,96.51,0.04919930621583439,0.1994186230303455,0.18062224890388306
sam1:sam_vit_b_01ec64.pth,ViT-L-14,datacomp_xl_s13b_b90k,0.7,0.9,"ThresholdGrid(conf=0.7,mask=0.9)",0.37573267705738544,0.897334098815918,6.44140625,0.12995440742850015,0.11796246648793565,0.938337801608579,0.2225201072386059,72.55,0.03634323976411357,0.1967693706366822,0.18498628647610516
sam1:sam_vit_b_01ec64.pth,ViT-L-14,datacomp_xl_s13b_b90k,0.9,0.5,"ThresholdGrid(conf=0.9,mask=0.5)",0.36921547958627343,0.8969101905822754,6.44140625,0.13371271724791547,0.12421805183199285,0.9088471849865952,0.22788203753351208,47.12,0.03170253699942377,0.19476272472720577,0.20312207202432156
sam1:sam_vit_b_01ec64.pth,ViT-L-14,datacomp_xl_s13b_b90k,0.9,0.7,"ThresholdGrid(conf=0.9,mask=0.7)",0.3690742049366236,0.8969101905822754,6.44140625,0.13371271724791547,0.12421805183199285,0.9088471849865952,0.22788203753351208,47.12,0.03170253699942377,0.19476272472720577,0.20312207202432156
sam1:sam_vit_b_01ec64.pth,ViT-L-14,datacomp_xl_s13b_b90k,0.9,0.9,"ThresholdGrid(conf=0.9,mask=0.9)",0.37186339031904936,0.8968896865844727,6.44140625,0.13502167736337403,0.12511170688114387,0.8838248436103664,0.22698838248436104,43.58,0.027835865628393467,0.19337662054397253,0.20111988236786366
sam1:sam_vit_b_01ec64.pth,MobileCLIP-S1,datacompdr,0.5,0.5,"ThresholdGrid(conf=0.5,mask=0.5)",0.3764809318818152,0.16884565353393555,7.205078125,0.15382096491607397,0.13494191242180517,0.9731903485254692,0.2716711349419124,96.51,0.04919930621583439,0.22457099208563328,0.22090631608336264
sam1:sam_vit_b_01ec64.pth,MobileCLIP-S1,datacompdr,0.5,0.7,"ThresholdGrid(conf=0.5,mask=0.7)",0.3789040422998369,0.16884565353393555,7.205078125,0.15382096491607397,0.13494191242180517,0.9731903485254692,0.2716711349419124,96.51,0.04919930621583439,0.22457099208563328,0.22090631608336264
sam1:sam_vit_b_01ec64.pth,MobileCLIP-S1,datacompdr,0.5,0.9,"ThresholdGrid(conf=0.5,mask=0.9)",0.3609855566173792,0.1686091423034668,7.205078125,0.16020316054271092,0.14655942806076855,0.938337801608579,0.26362823949955316,72.55,0.03634323976411357,0.22225670545787232,0.22889598824025867
sam1:sam_vit_b_01ec64.pth,MobileCLIP-S1,datacompdr,0.7,0.5,"ThresholdGrid(conf=0.7,mask=0.5)",0.37928812904283404,0.16884565353393555,7.205078125,0.15382096491607397,0.13494191242180517,0.9731903485254692,0.2716711349419124,96.51,0.04919930621583439,0.22457099208563328,0.22090631608336264
sam1:sam_vit_b_01ec64.pth,MobileCLIP-S1,datacompdr,0.7,0.7,"ThresholdGrid(conf=0.7,mask=0.7)",0.3818957949988544,0.16884565353393555,7.205078125,0.15382096491607397,0.13494191242180517,0.9731903485254692,0.2716711349419124,96.51,0.04919930621583439,0.22457099208563328,0.22090631608336264
sam1:sam_vit_b_01ec64.pth,MobileCLIP-S1,datacompdr,0.7,0.9,"ThresholdGrid(conf=0.7,mask=0.9)",0.37612759741023183,0.1686091423034668,7.205078125,0.16020316054271092,0.14655942806076855,0.938337801608579,0.26362823949955316,72.55,0.03634323976411357,0.22225670545787232,0.22889598824025867
sam1:sam_vit_b_01ec64.pth,MobileCLIP-S1,datacompdr,0.9,0.5,"ThresholdGrid(conf=0.9,mask=0.5)",0.3574489103630185,0.16832256317138672,7.205078125,0.16173434434579315,0.14924039320822163,0.9088471849865952,0.2725647899910634,47.12,0.03170253699942377,0.22076540098752798,0.24415731552401607
sam1:sam_vit_b_01ec64.pth,MobileCLIP-S1,datacompdr,0.9,0.7,"ThresholdGrid(conf=0.9,mask=0.7)",0.35902271745726466,0.16832256317138672,7.205078125,0.16173434434579315,0.14924039320822163,0.9088471849865952,0.2725647899910634,47.12,0.03170253699942377,0.22076540098752798,0.24415731552401607
sam1:sam_vit_b_01ec64.pth,MobileCLIP-S1,datacompdr,0.9,0.9,"ThresholdGrid(conf=0.9,mask=0.9)",0.35243773367255926,0.16830873489379883,7.205078125,0.16779330910441662,0.15638963360142985,0.8838248436103664,0.2752457551385165,43.58,0.027835865628393467,0.21961330861465755,0.2435207700071576
sam1:sam_vit_b_01ec64.pth,MobileCLIP-S2,datacompdr,0.5,0.5,"ThresholdGrid(conf=0.5,mask=0.5)",0.37420903565362096,0.19670772552490234,8.92578125,0.15527208516911825,0.13672922252010725,0.9731903485254692,0.26899016979445933,96.51,0.04919930621583439,0.231304923933036,0.22307943568743396
sam1:sam_vit_b_01ec64.pth,MobileCLIP-S2,datacompdr,0.5,0.7,"ThresholdGrid(conf=0.5,mask=0.7)",0.3799233282916248,0.19670772552490234,8.92578125,0.15527208516911825,0.13672922252010725,0.9731903485254692,0.26899016979445933,96.51,0.04919930621583439,0.231304923933036,0.22307943568743396
sam1:sam_vit_b_01ec64.pth,MobileCLIP-S2,datacompdr,0.5,0.9,"ThresholdGrid(conf=0.5,mask=0.9)",0.36975180730223656,0.1964712142944336,8.92578125,0.16121868564522615,0.15013404825737264,0.938337801608579,0.2609472743521001,72.55,0.03634323976411357,0.22884062671629418,0.22941780887581675
sam1:sam_vit_b_01ec64.pth,MobileCLIP-S2,datacompdr,0.7,0.5,"ThresholdGrid(conf=0.7,mask=0.5)",0.377167162951082,0.19670772552490234,8.92578125,0.15527208516911825,0.13672922252010725,0.9731903485254692,0.26899016979445933,96.51,0.04919930621583439,0.231304923933036,0.22307943568743396
sam1:sam_vit_b_01ec64.pth,MobileCLIP-S2,datacompdr,0.7,0.7,"ThresholdGrid(conf=0.7,mask=0.7)",0.38496945053339005,0.19670772552490234,8.92578125,0.15527208516911825,0.13672922252010725,0.9731903485254692,0.26899016979445933,96.51,0.04919930621583439,0.231304923933036,0.22307943568743396
sam1:sam_vit_b_01ec64.pth,MobileCLIP-S2,datacompdr,0.7,0.9,"ThresholdGrid(conf=0.7,mask=0.9)",0.36710450891405344,0.1964712142944336,8.92578125,0.16121868564522615,0.15013404825737264,0.938337801608579,0.2609472743521001,72.55,0.03634323976411357,0.22884062671629418,0.22941780887581675
sam1:sam_vit_b_01ec64.pth,MobileCLIP-S2,datacompdr,0.9,0.5,"ThresholdGrid(conf=0.9,mask=0.5)",0.3514460101723671,0.19618463516235352,8.92578125,0.16269503212016212,0.15102770330652368,0.9088471849865952,0.26720285969615726,47.12,0.03170253699942377,0.22741157106782198,0.24686655964286375
sam1:sam_vit_b_01ec64.pth,MobileCLIP-S2,datacompdr,0.9,0.7,"ThresholdGrid(conf=0.9,mask=0.7)",0.3556857770308852,0.19618463516235352,8.92578125,0.16269503212016212,0.15102770330652368,0.9088471849865952,0.26720285969615726,47.12,0.03170253699942377,0.22741157106782198,0.24686655964286375
sam1:sam_vit_b_01ec64.pth,MobileCLIP-S2,datacompdr,0.9,0.9,"ThresholdGrid(conf=0.9,mask=0.9)",0.3492616303265095,0.19617080688476562,8.92578125,0.16486410446932664,0.1546023235031278,0.8838248436103664,0.26541554959785524,43.58,0.027835865628393467,0.22624040912367382,0.24267745831405974
sam1:sam_vit_b_01ec64.pth,ViT-H-14,laion2b_s32b_b79k,0.5,0.5,"ThresholdGrid(conf=0.5,mask=0.5)",0.412528442684561,1.968693733215332,9.666015625,0.11365749744556913,0.10366398570151922,0.9731903485254692,0.19481680071492405,96.51,0.04919930621583439,0.25624487238126314,0.1573088274994705
sam1:sam_vit_b_01ec64.pth,ViT-H-14,laion2b_s32b_b79k,0.5,0.7,"ThresholdGrid(conf=0.5,mask=0.7)",0.3986081760376692,1.968693733215332,9.666015625,0.11365749744556913,0.10366398570151922,0.9731903485254692,0.19481680071492405,96.51,0.04919930621583439,0.25624487238126314,0.1573088274994705
sam1:sam_vit_b_01ec64.pth,ViT-H-14,laion2b_s32b_b79k,0.5,0.9,"ThresholdGrid(conf=0.5,mask=0.9)",0.39359819842502475,1.9682340621948242,9.666015625,0.11200010247417037,0.10277033065236818,0.938337801608579,0.18498659517426275,72.55,0.03634323976411357,0.2536766539603285,0.15800486782065032
sam1:sam_vit_b_01ec64.pth,ViT-H-14,laion2b_s32b_b79k,0.7,0.5,"ThresholdGrid(conf=0.7,mask=0.5)",0.4102441226132214,1.968693733215332,9.666015625,0.11365749744556913,0.10366398570151922,0.9731903485254692,0.19481680071492405,96.51,0.04919930621583439,0.25624487238126314,0.1573088274994705
sam1:sam_vit_b_01ec64.pth,ViT-H-14,laion2b_s32b_b79k,0.7,0.7,"ThresholdGrid(conf=0.7,mask=0.7)",0.40002915309742093,1.968693733215332,9.666015625,0.11365749744556913,0.10366398570151922,0.9731903485254692,0.19481680071492405,96.51,0.04919930621583439,0.25624487238126314,0.1573088274994705
sam1:sam_vit_b_01ec64.pth,ViT-H-14,laion2b_s32b_b79k,0.7,0.9,"ThresholdGrid(conf=0.7,mask=0.9)",0.3898422187194228,1.9682340621948242,9.666015625,0.11200010247417037,0.10277033065236818,0.938337801608579,0.18498659517426275,72.55,0.03634323976411357,0.2536766539603285,0.15800486782065032
sam1:sam_vit_b_01ec64.pth,ViT-H-14,laion2b_s32b_b79k,0.9,0.5,"ThresholdGrid(conf=0.9,mask=0.5)",0.3714622347615659,1.9676728248596191,9.666015625,0.1132479592748165,0.10545129579982127,0.9088471849865952,0.18588025022341376,47.12,0.03170253699942377,0.25107626387911036,0.1753213523866314
sam1:sam_vit_b_01ec64.pth,ViT-H-14,laion2b_s32b_b79k,0.9,0.7,"ThresholdGrid(conf=0.9,mask=0.7)",0.3715891018509865,1.9676728248596191,9.666015625,0.1132479592748165,0.10545129579982127,0.9088471849865952,0.18588025022341376,47.12,0.03170253699942377,0.25107626387911036,0.1753213523866314
sam1:sam_vit_b_01ec64.pth,ViT-H-14,laion2b_s32b_b79k,0.9,0.9,"ThresholdGrid(conf=0.9,mask=0.9)",0.3780803782865405,1.9676456451416016,9.666015625,0.11323808827677206,0.10366398570151922,0.8838248436103664,0.1867739052725648,43.58,0.027835865628393467,0.2497029378943618,0.17124333157387858
sam1:sam_vit_b_01ec64.pth,ViT-H-14,metaclip_fullcc,0.5,0.5,"ThresholdGrid(conf=0.5,mask=0.5)",0.3972237091511488,1.968693733215332,9.666015625,0.15154591022996286,0.13136729222520108,0.9731903485254692,0.2752457551385165,96.51,0.04919930621583439,0.32055873099558047,0.20957154430835878
sam1:sam_vit_b_01ec64.pth,ViT-H-14,metaclip_fullcc,0.5,0.7,"ThresholdGrid(conf=0.5,mask=0.7)",0.3982370509766042,1.968693733215332,9.666015625,0.15154591022996286,0.13136729222520108,0.9731903485254692,0.2752457551385165,96.51,0.04919930621583439,0.32055873099558047,0.20957154430835878
sam1:sam_vit_b_01ec64.pth,ViT-H-14,metaclip_fullcc,0.5,0.9,"ThresholdGrid(conf=0.5,mask=0.9)",0.39431016193702817,1.9682340621948242,9.666015625,0.15095310850259416,0.13315460232350312,0.938337801608579,0.26541554959785524,72.55,0.03634323976411357,0.3194188539794346,0.20942713893962409
sam1:sam_vit_b_01ec64.pth,ViT-H-14,metaclip_fullcc,0.7,0.5,"ThresholdGrid(conf=0.7,mask=0.5)",0.4066546866670251,1.968693733215332,9.666015625,0.15154591022996286,0.13136729222520108,0.9731903485254692,0.2752457551385165,96.51,0.04919930621583439,0.32055873099558047,0.20957154430835878
sam1:sam_vit_b_01ec64.pth,ViT-H-14,metaclip_fullcc,0.7,0.7,"ThresholdGrid(conf=0.7,mask=0.7)",0.4013425391167402,1.968693733215332,9.666015625,0.15154591022996286,0.13136729222520108,0.9731903485254692,0.2752457551385165,96.51,0.04919930621583439,0.32055873099558047,0.20957154430835878
sam1:sam_vit_b_01ec64.pth,ViT-H-14,metaclip_fullcc,0.7,0.9,"ThresholdGrid(conf=0.7,mask=0.9)",0.38909149123355746,1.9682340621948242,9.666015625,0.15095310850259416,0.13315460232350312,0.938337801608579,0.26541554959785524,72.55,0.03634323976411357,0.3194188539794346,0.20942713893962409
sam1:sam_vit_b_01ec64.pth,ViT-H-14,metaclip_fullcc,0.9,0.5,"ThresholdGrid(conf=0.9,mask=0.5)",0.36798069486394525,1.9676728248596191,9.666015625,0.1574749062286349,0.13941018766756033,0.9088471849865952,0.2770330652368186,47.12,0.03170253699942377,0.3192103769067572,0.22909188015079807
sam1:sam_vit_b_01ec64.pth,ViT-H-14,metaclip_fullcc,0.9,0.7,"ThresholdGrid(conf=0.9,mask=0.7)",0.3703611297532916,1.9676728248596191,9.666015625,0.1574749062286349,0.13941018766756033,0.9088471849865952,0.2770330652368186,47.12,0.03170253699942377,0.3192103769067572,0.22909188015079807
sam1:sam_vit_b_01ec64.pth,ViT-H-14,metaclip_fullcc,0.9,0.9,"ThresholdGrid(conf=0.9,mask=0.9)",0.36363648250699043,1.9676456451416016,9.666015625,0.15973629142460255,0.14209115281501342,0.8838248436103664,0.2797140303842717,43.58,0.027835865628393467,0.31854541196260633,0.22367110147247096
sam1:sam_vit_b_01ec64.pth,ViT-B-16-SigLIP2,webli,0.5,0.5,"ThresholdGrid(conf=0.5,mask=0.5)",0.38429619977250695,0.7227001190185547,3.759765625,0.13670275349653968,0.13047363717605004,0.9731903485254692,0.23413762287756926,96.51,0.04919930621583439,0.10460010262154595,0.190024315350542
sam1:sam_vit_b_01ec64.pth,ViT-B-16-SigLIP2,webli,0.5,0.7,"ThresholdGrid(conf=0.5,mask=0.7)",0.38574431324377656,0.7227001190185547,3.759765625,0.13670275349653968,0.13047363717605004,0.9731903485254692,0.23413762287756926,96.51,0.04919930621583439,0.10460010262154595,0.190024315350542
sam1:sam_vit_b_01ec64.pth,ViT-B-16-SigLIP2,webli,0.5,0.9,"ThresholdGrid(conf=0.5,mask=0.9)",0.3750577289611101,0.7223520278930664,3.759765625,0.13276377489017516,0.13047363717605004,0.938337801608579,0.22073279714030383,72.55,0.03634323976411357,0.10336535386374958,0.18949652232406114
sam1:sam_vit_b_01ec64.pth,ViT-B-16-SigLIP2,webli,0.7,0.5,"ThresholdGrid(conf=0.7,mask=0.5)",0.39465747540816665,0.7227001190185547,3.759765625,0.13670275349653968,0.13047363717605004,0.9731903485254692,0.23413762287756926,96.51,0.04919930621583439,0.10460010262154595,0.190024315350542
sam1:sam_vit_b_01ec64.pth,ViT-B-16-SigLIP2,webli,0.7,0.7,"ThresholdGrid(conf=0.7,mask=0.7)",0.3909926931373775,0.7227001190185547,3.759765625,0.13670275349653968,0.13047363717605004,0.9731903485254692,0.23413762287756926,96.51,0.04919930621583439,0.10460010262154595,0.190024315350542
sam1:sam_vit_b_01ec64.pth,ViT-B-16-SigLIP2,webli,0.7,0.9,"ThresholdGrid(conf=0.7,mask=0.9)",0.38114228984341025,0.7223520278930664,3.759765625,0.13276377489017516,0.13047363717605004,0.938337801608579,0.22073279714030383,72.55,0.03634323976411357,0.10336535386374958,0.18949652232406114
sam1:sam_vit_b_01ec64.pth,ViT-B-16-SigLIP2,webli,0.9,0.5,"ThresholdGrid(conf=0.9,mask=0.5)",0.3670653817243874,0.7219281196594238,3.759765625,0.1410634848691287,0.13315460232350312,0.9088471849865952,0.2386058981233244,47.12,0.03170253699942377,0.10219793154843904,0.20657164343807594
sam1:sam_vit_b_01ec64.pth,ViT-B-16-SigLIP2,webli,0.9,0.7,"ThresholdGrid(conf=0.9,mask=0.7)",0.3665606211870909,0.7219281196594238,3.759765625,0.1410634848691287,0.13315460232350312,0.9088471849865952,0.2386058981233244,47.12,0.03170253699942377,0.10219793154843904,0.20657164343807594
sam1:sam_vit_b_01ec64.pth,ViT-B-16-SigLIP2,webli,0.9,0.9,"ThresholdGrid(conf=0.9,mask=0.9)",0.3577593993395567,0.7219076156616211,3.759765625,0.1396423828294065,0.13315460232350312,0.8838248436103664,0.23324396782841822,43.58,0.027835865628393467,0.1015586021345465,0.20150444085683333
sam1:sam_vit_b_01ec64.pth,ViT-L-16-SigLIP2-384,webli,0.5,0.5,"ThresholdGrid(conf=0.5,mask=0.5)",0.40146193001419306,1.6538400650024414,11.919921875,0.15071610700593444,0.13404825737265416,0.9731903485254692,0.26273458445040215,96.51,0.04919930621583439,0.10561118916449427,0.20398008776670346
sam1:sam_vit_b_01ec64.pth,ViT-L-16-SigLIP2-384,webli,0.5,0.7,"ThresholdGrid(conf=0.5,mask=0.7)",0.3999415133148432,1.6538400650024414,11.919921875,0.15071610700593444,0.13404825737265416,0.9731903485254692,0.26273458445040215,96.51,0.04919930621583439,0.10561118916449427,0.20398008776670346
sam1:sam_vit_b_01ec64.pth,ViT-L-16-SigLIP2-384,webli,0.5,0.9,"ThresholdGrid(conf=0.5,mask=0.9)",0.3935350454412401,1.6533803939819336,11.919921875,0.14846400020768238,0.13672922252010725,0.938337801608579,0.2511170688114388,72.55,0.03634323976411357,0.10332994449341053,0.20364524902935655
sam1:sam_vit_b_01ec64.pth,ViT-L-16-SigLIP2-384,webli,0.7,0.5,"ThresholdGrid(conf=0.7,mask=0.5)",0.40065298322588205,1.6538400650024414,11.919921875,0.15071610700593444,0.13404825737265416,0.9731903485254692,0.26273458445040215,96.51,0.04919930621583439,0.10561118916449427,0.20398008776670346
sam1:sam_vit_b_01ec64.pth,ViT-L-16-SigLIP2-384,webli,0.7,0.7,"ThresholdGrid(conf=0.7,mask=0.7)",0.4108184250071645,1.6538400650024414,11.919921875,0.15071610700593444,0.13404825737265416,0.9731903485254692,0.26273458445040215,96.51,0.04919930621583439,0.10561118916449427,0.20398008776670346
sam1:sam_vit_b_01ec64.pth,ViT-L-16-SigLIP2-384,webli,0.7,0.9,"ThresholdGrid(conf=0.7,mask=0.9)",0.38822334026917815,1.6533803939819336,11.919921875,0.14846400020768238,0.13672922252010725,0.938337801608579,0.2511170688114388,72.55,0.03634323976411357,0.10332994449341053,0.20364524902935655
sam1:sam_vit_b_01ec64.pth,ViT-L-16-SigLIP2-384,webli,0.9,0.5,"ThresholdGrid(conf=0.9,mask=0.5)",0.38032528245821595,1.6528191566467285,11.919921875,0.1537756676089169,0.14030384271671134,0.9088471849865952,0.26273458445040215,47.12,0.03170253699942377,0.10278734777179331,0.2234315041997806
sam1:sam_vit_b_01ec64.pth,ViT-L-16-SigLIP2-384,webli,0.9,0.7,"ThresholdGrid(conf=0.9,mask=0.7)",0.38335772696882486,1.6528191566467285,11.919921875,0.1537756676089169,0.14030384271671134,0.9088471849865952,0.26273458445040215,47.12,0.03170253699942377,0.10278734777179331,0.2234315041997806
sam1:sam_vit_b_01ec64.pth,ViT-L-16-SigLIP2-384,webli,0.9,0.9,"ThresholdGrid(conf=0.9,mask=0.9)",0.40200236020609736,1.652791976928711,11.919921875,0.15257033871586048,0.14030384271671134,0.8838248436103664,0.258266309204647,43.58,0.027835865628393467,0.10154310644831478,0.21707906070561345
sam1:sam_vit_b_01ec64.pth,EVA02-B-16,merged2b_s8b_b131k,0.5,0.5,"ThresholdGrid(conf=0.5,mask=0.5)",0.37966053932905197,0.2927236557006836,3.990234375,0.13686732287867165,0.12957998212689903,0.9731903485254692,0.22609472743521,96.51,0.04919930621583439,0.1662369061251428,0.19082238255689657
sam1:sam_vit_b_01ec64.pth,EVA02-B-16,merged2b_s8b_b131k,0.5,0.7,"ThresholdGrid(conf=0.5,mask=0.7)",0.3815898112952709,0.2927236557006836,3.990234375,0.13686732287867165,0.12957998212689903,0.9731903485254692,0.22609472743521,96.51,0.04919930621583439,0.1662369061251428,0.19082238255689657
sam1:sam_vit_b_01ec64.pth,EVA02-B-16,merged2b_s8b_b131k,0.5,0.9,"ThresholdGrid(conf=0.5,mask=0.9)",0.3772682882845402,0.29248714447021484,3.990234375,0.14070705183901297,0.1358355674709562,0.938337801608579,0.23056300268096513,72.55,0.03634323976411357,0.16484758343091493,0.19551800460477692
sam1:sam_vit_b_01ec64.pth,EVA02-B-16,merged2b_s8b_b131k,0.7,0.5,"ThresholdGrid(conf=0.7,mask=0.5)",0.38518718676641583,0.2927236557006836,3.990234375,0.13686732287867165,0.12957998212689903,0.9731903485254692,0.22609472743521,96.51,0.04919930621583439,0.1662369061251428,0.19082238255689657
sam1:sam_vit_b_01ec64.pth,EVA02-B-16,merged2b_s8b_b131k,0.7,0.7,"ThresholdGrid(conf=0.7,mask=0.7)",0.39422011701390147,0.2927236557006836,3.990234375,0.13686732287867165,0.12957998212689903,0.9731903485254692,0.22609472743521,96.51,0.04919930621583439,0.1662369061251428,0.19082238255689657
sam1:sam_vit_b_01ec64.pth,EVA02-B-16,merged2b_s8b_b131k,0.7,0.9,"ThresholdGrid(conf=0.7,mask=0.9)",0.37517117569223046,0.29248714447021484,3.990234375,0.14070705183901297,0.1358355674709562,0.938337801608579,0.23056300268096513,72.55,0.03634323976411357,0.16484758343091493,0.19551800460477692
sam1:sam_vit_b_01ec64.pth,EVA02-B-16,merged2b_s8b_b131k,0.9,0.5,"ThresholdGrid(conf=0.9,mask=0.5)",0.3572167456150055,0.29220056533813477,3.990234375,0.1506068740211853,0.14924039320822163,0.9088471849865952,0.23413762287756926,47.12,0.03170253699942377,0.16407898378036617,0.21607435784103388
sam1:sam_vit_b_01ec64.pth,EVA02-B-16,merged2b_s8b_b131k,0.9,0.7,"ThresholdGrid(conf=0.9,mask=0.7)",0.36540284752845764,0.29220056533813477,3.990234375,0.1506068740211853,0.14924039320822163,0.9088471849865952,0.23413762287756926,47.12,0.03170253699942377,0.16407898378036617,0.21607435784103388
sam1:sam_vit_b_01ec64.pth,EVA02-B-16,merged2b_s8b_b131k,0.9,0.9,"ThresholdGrid(conf=0.9,mask=0.9)",0.34857293823733926,0.2921867370605469,3.990234375,0.14891749254722214,0.1456657730116175,0.8838248436103664,0.2350312779267203,43.58,0.027835865628393467,0.16352764333301192,0.21103749381364012
sam1:sam_vit_b_01ec64.pth,EVA02-L-14,merged2b_s4b_b131k,0.5,0.5,"ThresholdGrid(conf=0.5,mask=0.5)",0.38777410751208663,0.8127827644348145,7.4453125,0.14427134345686124,0.1322609472743521,0.9731903485254692,0.24307417336907952,96.51,0.04919930621583439,0.20938520189424623,0.20000175990840108
sam1:sam_vit_b_01ec64.pth,EVA02-L-14,merged2b_s4b_b131k,0.5,0.7,"ThresholdGrid(conf=0.5,mask=0.7)",0.39117818232625723,0.8127827644348145,7.4453125,0.14427134345686124,0.1322609472743521,0.9731903485254692,0.24307417336907952,96.51,0.04919930621583439,0.20938520189424623,0.20000175990840108
sam1:sam_vit_b_01ec64.pth,EVA02-L-14,merged2b_s4b_b131k,0.5,0.9,"ThresholdGrid(conf=0.5,mask=0.9)",0.38753883680328727,0.8124346733093262,7.4453125,0.143163116571189,0.13315460232350312,0.938337801608579,0.23949955317247543,72.55,0.03634323976411357,0.20745036594563024,0.20308293868615218
sam1:sam_vit_b_01ec64.pth,EVA02-L-14,merged2b_s4b_b131k,0.7,0.5,"ThresholdGrid(conf=0.7,mask=0.5)",0.39170819567516446,0.8127827644348145,7.4453125,0.14427134345686124,0.1322609472743521,0.9731903485254692,0.24307417336907952,96.51,0.04919930621583439,0.20938520189424623,0.20000175990840108
sam1:sam_vit_b_01ec64.pth,EVA02-L-14,merged2b_s4b_b131k,0.7,0.7,"ThresholdGrid(conf=0.7,mask=0.7)",0.3924754913896322,0.8127827644348145,7.4453125,0.14427134345686124,0.1322609472743521,0.9731903485254692,0.24307417336907952,96.51,0.04919930621583439,0.20938520189424623,0.20000175990840108
sam1:sam_vit_b_01ec64.pth,EVA02-L-14,merged2b_s4b_b131k,0.7,0.9,"ThresholdGrid(conf=0.7,mask=0.9)",0.38349281530827284,0.8124346733093262,7.4453125,0.143163116571189,0.13315460232350312,0.938337801608579,0.23949955317247543,72.55,0.03634323976411357,0.20745036594563024,0.20308293868615218
sam1:sam_vit_b_01ec64.pth,EVA02-L-14,merged2b_s4b_b131k,0.9,0.5,"ThresholdGrid(conf=0.9,mask=0.5)",0.36159640876576304,0.8120107650756836,7.4453125,0.1501661119480062,0.14209115281501342,0.9088471849865952,0.2421805183199285,47.12,0.03170253699942377,0.20692683158440714,0.22318874895020263
sam1:sam_vit_b_01ec64.pth,EVA02-L-14,merged2b_s4b_b131k,0.9,0.7,"ThresholdGrid(conf=0.9,mask=0.7)",0.37231051828712225,0.8120107650756836,7.4453125,0.1501661119480062,0.14209115281501342,0.9088471849865952,0.2421805183199285,47.12,0.03170253699942377,0.20692683158440714,0.22318874895020263
sam1:sam_vit_b_01ec64.pth,EVA02-L-14,merged2b_s4b_b131k,0.9,0.9,"ThresholdGrid(conf=0.9,mask=0.9)",0.3613836388103664,0.8119902610778809,7.4453125,0.14684770869193703,0.13762287756925826,0.8838248436103664,0.24039320822162646,43.58,0.027835865628393467,0.20598569666838626,0.21606983467334953
sam1:sam_vit_b_01ec64.pth,ViT-H-14,dfn5b,0.5,0.5,"ThresholdGrid(conf=0.5,mask=0.5)",0.40284745395183563,1.968693733215332,9.666015625,0.14602765489394887,0.13494191242180517,0.9731903485254692,0.24754244861483468,96.51,0.04919930621583439,0.23728540539741516,0.2035103205332572
sam1:sam_vit_b_01ec64.pth,ViT-H-14,dfn5b,0.5,0.7,"ThresholdGrid(conf=0.5,mask=0.7)",0.40349435061216354,1.968693733215332,9.666015625,0.14602765489394887,0.13494191242180517,0.9731903485254692,0.24754244861483468,96.51,0.04919930621583439,0.23728540539741516,0.2035103205332572
sam1:sam_vit_b_01ec64.pth,ViT-H-14,dfn5b,0.5,0.9,"ThresholdGrid(conf=0.5,mask=0.9)",0.3966430900618434,1.9682340621948242,9.666015625,0.1449244783798946,0.13315460232350312,0.938337801608579,0.2386058981233244,72.55,0.03634323976411357,0.23451658950201415,0.20317100203658037
sam1:sam_vit_b_01ec64.pth,ViT-H-14,dfn5b,0.7,0.5,"ThresholdGrid(conf=0.7,mask=0.5)",0.4041079920716584,1.968693733215332,9.666015625,0.14602765489394887,0.13494191242180517,0.9731903485254692,0.24754244861483468,96.51,0.04919930621583439,0.23728540539741516,0.2035103205332572
sam1:sam_vit_b_01ec64.pth,ViT-H-14,dfn5b,0.7,0.7,"ThresholdGrid(conf=0.7,mask=0.7)",0.4029481764882803,1.968693733215332,9.666015625,0.14602765489394887,0.13494191242180517,0.9731903485254692,0.24754244861483468,96.51,0.04919930621583439,0.23728540539741516,0.2035103205332572
sam1:sam_vit_b_01ec64.pth,ViT-H-14,dfn5b,0.7,0.9,"ThresholdGrid(conf=0.7,mask=0.9)",0.3903914731927216,1.9682340621948242,9.666015625,0.1449244783798946,0.13315460232350312,0.938337801608579,0.2386058981233244,72.55,0.03634323976411357,0.23451658950201415,0.20317100203658037
sam1:sam_vit_b_01ec64.pth,ViT-H-14,dfn5b,0.9,0.5,"ThresholdGrid(conf=0.9,mask=0.5)",0.38332139840349555,1.9676728248596191,9.666015625,0.15494177634383594,0.14387846291331546,0.9088471849865952,0.2555853440571939,47.12,0.03170253699942377,0.2326982733498097,0.22323899223912605
sam1:sam_vit_b_01ec64.pth,ViT-H-14,dfn5b,0.9,0.7,"ThresholdGrid(conf=0.9,mask=0.7)",0.3854940994642675,1.9676728248596191,9.666015625,0.15494177634383594,0.14387846291331546,0.9088471849865952,0.2555853440571939,47.12,0.03170253699942377,0.2326982733498097,0.22323899223912605
sam1:sam_vit_b_01ec64.pth,ViT-H-14,dfn5b,0.9,0.9,"ThresholdGrid(conf=0.9,mask=0.9)",0.3708253614604473,1.9676456451416016,9.666015625,0.1529141932291108,0.14119749776586238,0.8838248436103664,0.2520107238605898,43.58,0.027835865628393467,0.23121625207650864,0.21764499451705988
sam1:sam_vit_b_01ec64.pth,MobileCLIP-B,datacompdr,0.5,0.5,"ThresholdGrid(conf=0.5,mask=0.5)",0.3866620361804962,0.29479360580444336,4.01953125,0.15948810851457576,0.14387846291331546,0.9731903485254692,0.27882037533512066,96.51,0.04919930621583439,0.18135741327733626,0.2225654907452487
sam1:sam_vit_b_01ec64.pth,MobileCLIP-B,datacompdr,0.5,0.7,"ThresholdGrid(conf=0.5,mask=0.7)",0.3828111453913152,0.29479360580444336,4.01953125,0.15948810851457576,0.14387846291331546,0.9731903485254692,0.27882037533512066,96.51,0.04919930621583439,0.18135741327733626,0.2225654907452487
sam1:sam_vit_b_01ec64.pth,MobileCLIP-B,datacompdr,0.5,0.9,"ThresholdGrid(conf=0.5,mask=0.9)",0.37574620684608817,0.2945570945739746,4.01953125,0.16292667588064733,0.15281501340482573,0.938337801608579,0.26988382484361034,72.55,0.03634323976411357,0.17861275331610754,0.22760552545317747
sam1:sam_vit_b_01ec64.pth,MobileCLIP-B,datacompdr,0.7,0.5,"ThresholdGrid(conf=0.7,mask=0.5)",0.38625508081167936,0.29479360580444336,4.01953125,0.15948810851457576,0.14387846291331546,0.9731903485254692,0.27882037533512066,96.51,0.04919930621583439,0.18135741327733626,0.2225654907452487
sam1:sam_vit_b_01ec64.pth,MobileCLIP-B,datacompdr,0.7,0.7,"ThresholdGrid(conf=0.7,mask=0.7)",0.3843374433927238,0.29479360580444336,4.01953125,0.15948810851457576,0.14387846291331546,0.9731903485254692,0.27882037533512066,96.51,0.04919930621583439,0.18135741327733626,0.2225654907452487
sam1:sam_vit_b_01ec64.pth,MobileCLIP-B,datacompdr,0.7,0.9,"ThresholdGrid(conf=0.7,mask=0.9)",0.37285652477294207,0.2945570945739746,4.01953125,0.16292667588064733,0.15281501340482573,0.938337801608579,0.26988382484361034,72.55,0.03634323976411357,0.17861275331610754,0.22760552545317747
sam1:sam_vit_b_01ec64.pth,MobileCLIP-B,datacompdr,0.9,0.5,"ThresholdGrid(conf=0.9,mask=0.5)",0.3626993321813643,0.29427051544189453,4.01953125,0.1715389274973434,0.15996425379803395,0.9088471849865952,0.289544235924933,47.12,0.03170253699942377,0.17713315650434552,0.24773229887719977
sam1:sam_vit_b_01ec64.pth,MobileCLIP-B,datacompdr,0.9,0.7,"ThresholdGrid(conf=0.9,mask=0.7)",0.3623496927320957,0.29427051544189453,4.01953125,0.1715389274973434,0.15996425379803395,0.9088471849865952,0.289544235924933,47.12,0.03170253699942377,0.17713315650434552,0.24773229887719977
sam1:sam_vit_b_01ec64.pth,MobileCLIP-B,datacompdr,0.9,0.9,"ThresholdGrid(conf=0.9,mask=0.9)",0.3622032981365919,0.29425668716430664,4.01953125,0.17084210514697526,0.15907059874888294,0.8838248436103664,0.28507596067917784,43.58,0.027835865628393467,0.175970867149685,0.24121184045227362
sam1:sam_vit_b_01ec64.pth,MobileCLIP2-S0,dfndr2b,0.5,0.5,"ThresholdGrid(conf=0.5,mask=0.5)",0.3844883805140853,0.1497941017150879,7.173828125,0.1474156451659417,0.1322609472743521,0.9731903485254692,0.25022341376228774,96.51,0.04919930621583439,0.2392669342877718,0.21694011132174829
sam1:sam_vit_b_01ec64.pth,MobileCLIP2-S0,dfndr2b,0.5,0.7,"ThresholdGrid(conf=0.5,mask=0.7)",0.38485559867694974,0.1497941017150879,7.173828125,0.1474156451659417,0.1322609472743521,0.9731903485254692,0.25022341376228774,96.51,0.04919930621583439,0.2392669342877718,0.21694011132174829
sam1:sam_vit_b_01ec64.pth,MobileCLIP2-S0,dfndr2b,0.5,0.9,"ThresholdGrid(conf=0.5,mask=0.9)",0.37110786186531186,0.14955759048461914,7.173828125,0.14619481553192018,0.1322609472743521,0.938337801608579,0.2350312779267203,72.55,0.03634323976411357,0.2365462950849448,0.21850637574752518
sam1:sam_vit_b_01ec64.pth,MobileCLIP2-S0,dfndr2b,0.7,0.5,"ThresholdGrid(conf=0.7,mask=0.5)",0.38404402788728476,0.1497941017150879,7.173828125,0.1474156451659417,0.1322609472743521,0.9731903485254692,0.25022341376228774,96.51,0.04919930621583439,0.2392669342877718,0.21694011132174829
sam1:sam_vit_b_01ec64.pth,MobileCLIP2-S0,dfndr2b,0.7,0.7,"ThresholdGrid(conf=0.7,mask=0.7)",0.37814308190718293,0.1497941017150879,7.173828125,0.1474156451659417,0.1322609472743521,0.9731903485254692,0.25022341376228774,96.51,0.04919930621583439,0.2392669342877718,0.21694011132174829
sam1:sam_vit_b_01ec64.pth,MobileCLIP2-S0,dfndr2b,0.7,0.9,"ThresholdGrid(conf=0.7,mask=0.9)",0.3755517699755728,0.14955759048461914,7.173828125,0.14619481553192018,0.1322609472743521,0.938337801608579,0.2350312779267203,72.55,0.03634323976411357,0.2365462950849448,0.21850637574752518
sam1:sam_vit_b_01ec64.pth,MobileCLIP2-S0,dfndr2b,0.9,0.5,"ThresholdGrid(conf=0.9,mask=0.5)",0.35477195866405964,0.14927101135253906,7.173828125,0.16335419210703467,0.14745308310991956,0.9088471849865952,0.2680965147453083,47.12,0.03170253699942377,0.23553607356505696,0.23970475834258637
sam1:sam_vit_b_01ec64.pth,MobileCLIP2-S0,dfndr2b,0.9,0.7,"ThresholdGrid(conf=0.9,mask=0.7)",0.35910313483327627,0.14927101135253906,7.173828125,0.16335419210703467,0.14745308310991956,0.9088471849865952,0.2680965147453083,47.12,0.03170253699942377,0.23553607356505696,0.23970475834258637
sam1:sam_vit_b_01ec64.pth,MobileCLIP2-S0,dfndr2b,0.9,0.9,"ThresholdGrid(conf=0.9,mask=0.9)",0.3575060749426484,0.14925718307495117,7.173828125,0.1619861599561794,0.14655942806076855,0.8838248436103664,0.25915996425379806,43.58,0.027835865628393467,0.23412466942731347,0.23503012249550115
sam1:sam_vit_b_01ec64.pth,MobileCLIP2-S2,dfndr2b,0.5,0.5,"ThresholdGrid(conf=0.5,mask=0.5)",0.38226865930482745,0.19670772552490234,8.92578125,0.17480263137956142,0.16532618409294011,0.9731903485254692,0.290437890974084,96.51,0.04919930621583439,0.26096910465978107,0.2416424421588454
sam1:sam_vit_b_01ec64.pth,MobileCLIP2-S2,dfndr2b,0.5,0.7,"ThresholdGrid(conf=0.5,mask=0.7)",0.3835635958239436,0.19670772552490234,8.92578125,0.17480263137956142,0.16532618409294011,0.9731903485254692,0.290437890974084,96.51,0.04919930621583439,0.26096910465978107,0.2416424421588454
sam1:sam_vit_b_01ec64.pth,MobileCLIP2-S2,dfndr2b,0.5,0.9,"ThresholdGrid(conf=0.5,mask=0.9)",0.37693063262850046,0.1964712142944336,8.92578125,0.17684297786506306,0.16890080428954424,0.938337801608579,0.28239499553172476,72.55,0.03634323976411357,0.25742770113563623,0.24501505705740767
sam1:sam_vit_b_01ec64.pth,MobileCLIP2-S2,dfndr2b,0.7,0.5,"ThresholdGrid(conf=0.7,mask=0.5)",0.38171133026480675,0.19670772552490234,8.92578125,0.17480263137956142,0.16532618409294011,0.9731903485254692,0.290437890974084,96.51,0.04919930621583439,0.26096910465978107,0.2416424421588454
sam1:sam_vit_b_01ec64.pth,MobileCLIP2-S2,dfndr2b,0.7,0.7,"ThresholdGrid(conf=0.7,mask=0.7)",0.39030796848237514,0.19670772552490234,8.92578125,0.17480263137956142,0.16532618409294011,0.9731903485254692,0.290437890974084,96.51,0.04919930621583439,0.26096910465978107,0.2416424421588454
sam1:sam_vit_b_01ec64.pth,MobileCLIP2-S2,dfndr2b,0.7,0.9,"ThresholdGrid(conf=0.7,mask=0.9)",0.3719947673380375,0.1964712142944336,8.92578125,0.17684297786506306,0.16890080428954424,0.938337801608579,0.28239499553172476,72.55,0.03634323976411357,0.25742770113563623,0.24501505705740767
sam1:sam_vit_b_01ec64.pth,MobileCLIP2-S2,dfndr2b,0.9,0.5,"ThresholdGrid(conf=0.9,mask=0.5)",0.3606941853649914,0.19618463516235352,8.92578125,0.18297448865935032,0.17515638963360142,0.9088471849865952,0.2940125111706881,47.12,0.03170253699942377,0.256718118585999,0.26127661700030846
sam1:sam_vit_b_01ec64.pth,MobileCLIP2-S2,dfndr2b,0.9,0.7,"ThresholdGrid(conf=0.9,mask=0.7)",0.35691437777131796,0.19618463516235352,8.92578125,0.18297448865935032,0.17515638963360142,0.9088471849865952,0.2940125111706881,47.12,0.03170253699942377,0.256718118585999,0.26127661700030846
sam1:sam_vit_b_01ec64.pth,MobileCLIP2-S2,dfndr2b,0.9,0.9,"ThresholdGrid(conf=0.9,mask=0.9)",0.3601064719259739,0.19617080688476562,8.92578125,0.18563825146187207,0.1778373547810545,0.8838248436103664,0.2966934763181412,43.58,0.027835865628393467,0.25490256060011374,0.25900405428446677
sam1:sam_vit_b_01ec64.pth,MobileCLIP2-B,dfndr2b,0.5,0.5,"ThresholdGrid(conf=0.5,mask=0.5)",0.3773201326839626,0.29479360580444336,4.01953125,0.15582174608799945,0.1447721179624665,0.9731903485254692,0.26541554959785524,96.51,0.04919930621583439,0.2600236948416423,0.2264113911566023
sam1:sam_vit_b_01ec64.pth,MobileCLIP2-B,dfndr2b,0.5,0.7,"ThresholdGrid(conf=0.5,mask=0.7)",0.3851718222722411,0.29479360580444336,4.01953125,0.15582174608799945,0.1447721179624665,0.9731903485254692,0.26541554959785524,96.51,0.04919930621583439,0.2600236948416423,0.2264113911566023
sam1:sam_vit_b_01ec64.pth,MobileCLIP2-B,dfndr2b,0.5,0.9,"ThresholdGrid(conf=0.5,mask=0.9)",0.3717910754494369,0.2945570945739746,4.01953125,0.16196496088333234,0.15638963360142985,0.938337801608579,0.256478999106345,72.55,0.03634323976411357,0.2556845177168075,0.23636382098348044
sam1:sam_vit_b_01ec64.pth,MobileCLIP2-B,dfndr2b,0.7,0.5,"ThresholdGrid(conf=0.7,mask=0.5)",0.37994504906237125,0.29479360580444336,4.01953125,0.15582174608799945,0.1447721179624665,0.9731903485254692,0.26541554959785524,96.51,0.04919930621583439,0.2600236948416423,0.2264113911566023
sam1:sam_vit_b_01ec64.pth,MobileCLIP2-B,dfndr2b,0.7,0.7,"ThresholdGrid(conf=0.7,mask=0.7)",0.38304803892970085,0.29479360580444336,4.01953125,0.15582174608799945,0.1447721179624665,0.9731903485254692,0.26541554959785524,96.51,0.04919930621583439,0.2600236948416423,0.2264113911566023
sam1:sam_vit_b_01ec64.pth,MobileCLIP2-B,dfndr2b,0.7,0.9,"ThresholdGrid(conf=0.7,mask=0.9)",0.3801292972639203,0.2945570945739746,4.01953125,0.16196496088333234,0.15638963360142985,0.938337801608579,0.256478999106345,72.55,0.03634323976411357,0.2556845177168075,0.23636382098348044
sam1:sam_vit_b_01ec64.pth,MobileCLIP2-B,dfndr2b,0.9,0.5,"ThresholdGrid(conf=0.9,mask=0.5)",0.36193092120811343,0.29427051544189453,4.01953125,0.17518066211337832,0.16979445933869527,0.9088471849865952,0.2806076854334227,47.12,0.03170253699942377,0.2548777814738126,0.25646828928940574
sam1:sam_vit_b_01ec64.pth,MobileCLIP2-B,dfndr2b,0.9,0.7,"ThresholdGrid(conf=0.9,mask=0.7)",0.3615684946998954,0.29427051544189453,4.01953125,0.17518066211337832,0.16979445933869527,0.9088471849865952,0.2806076854334227,47.12,0.03170253699942377,0.2548777814738126,0.25646828928940574
sam1:sam_vit_b_01ec64.pth,MobileCLIP2-B,dfndr2b,0.9,0.9,"ThresholdGrid(conf=0.9,mask=0.9)",0.363895685877651,0.29425668716430664,4.01953125,0.17374464891127006,0.16890080428954424,0.8838248436103664,0.2743521000893655,43.58,0.027835865628393467,0.25257435925737676,0.2523387690772218
/mnt/data/model-ckpts/sam/sam2-hiera-base-plus,ViT-B-32,laion2b_s34b_b79k,0.5,0.5,"ThresholdGrid(conf=0.5,mask=0.5)",0.3711853642016649,0.41029882431030273,2.447265625,0.12649959696214705,0.11885612153708669,0.7917783735478106,0.22609472743521,56.97,0.3378899333205443,0.2643262143908493,0.15284165821509277
/mnt/data/model-ckpts/sam/sam2-hiera-base-plus,ViT-B-32,laion2b_s34b_b79k,0.5,0.7,"ThresholdGrid(conf=0.5,mask=0.7)",0.36034512566402555,0.41016149520874023,2.447265625,0.12373994202919947,0.11438784629133154,0.7640750670241286,0.21537086684539766,43.81,0.1538511095371221,0.2622929780716551,0.15772818562683114
/mnt/data/model-ckpts/sam/sam2-hiera-base-plus,ViT-B-32,laion2b_s34b_b79k,0.5,0.9,"ThresholdGrid(conf=0.5,mask=0.9)",0.33600415103137493,0.4099702835083008,2.447265625,0.12269762974663559,0.11528150134048257,0.67828418230563,0.20464700625558535,25.15,0.0911911527844093,0.25783051258757034,0.1721420917527476
/mnt/data/model-ckpts/sam/sam2-hiera-base-plus,ViT-B-32,laion2b_s34b_b79k,0.7,0.5,"ThresholdGrid(conf=0.7,mask=0.5)",0.3676451393403113,0.41016149520874023,2.447265625,0.12373994202919947,0.11438784629133154,0.7640750670241286,0.21537086684539766,43.81,0.1538511095371221,0.2622929780716551,0.15772818562683114
/mnt/data/model-ckpts/sam/sam2-hiera-base-plus,ViT-B-32,laion2b_s34b_b79k,0.7,0.7,"ThresholdGrid(conf=0.7,mask=0.7)",0.36352172028273344,0.41016149520874023,2.447265625,0.12373994202919947,0.11438784629133154,0.7640750670241286,0.21537086684539766,43.81,0.1538511095371221,0.2622929780716551,0.15772818562683114
/mnt/data/model-ckpts/sam/sam2-hiera-base-plus,ViT-B-32,laion2b_s34b_b79k,0.7,0.9,"ThresholdGrid(conf=0.7,mask=0.9)",0.34056089352816343,0.4099702835083008,2.447265625,0.12269762974663559,0.11528150134048257,0.67828418230563,0.20464700625558535,25.15,0.0911911527844093,0.25783051258757034,0.1721420917527476
/mnt/data/model-ckpts/sam/sam2-hiera-base-plus,ViT-B-32,laion2b_s34b_b79k,0.9,0.5,"ThresholdGrid(conf=0.9,mask=0.5)",0.33652000362053514,0.4099702835083008,2.447265625,0.12269762974663559,0.11528150134048257,0.67828418230563,0.20464700625558535,25.15,0.0911911527844093,0.25783051258757034,0.1721420917527476
/mnt/data/model-ckpts/sam/sam2-hiera-base-plus,ViT-B-32,laion2b_s34b_b79k,0.9,0.7,"ThresholdGrid(conf=0.9,mask=0.7)",0.3353496268391609,0.4099702835083008,2.447265625,0.12269762974663559,0.11528150134048257,0.67828418230563,0.20464700625558535,25.15,0.0911911527844093,0.25783051258757034,0.1721420917527476
/mnt/data/model-ckpts/sam/sam2-hiera-base-plus,ViT-B-32,laion2b_s34b_b79k,0.9,0.9,"ThresholdGrid(conf=0.9,mask=0.9)",0.3321443311870098,0.4099702835083008,2.447265625,0.12269762974663559,0.11528150134048257,0.67828418230563,0.20464700625558535,25.15,0.0911911527844093,0.25783051258757034,0.1721420917527476
/mnt/data/model-ckpts/sam/sam2-hiera-base-plus,ViT-B-32,datacomp_xl_s13b_b90k,0.5,0.5,"ThresholdGrid(conf=0.5,mask=0.5)",0.3664373164065182,0.41029882431030273,2.447265625,0.1144295433387285,0.10455764075067024,0.7917783735478106,0.2126899016979446,56.97,0.3378899333205443,0.21210986072192564,0.14522462087332297
/mnt/data/model-ckpts/sam/sam2-hiera-base-plus,ViT-B-32,datacomp_xl_s13b_b90k,0.5,0.7,"ThresholdGrid(conf=0.5,mask=0.7)",0.35217612283304334,0.41016149520874023,2.447265625,0.11334771933586721,0.10277033065236818,0.7640750670241286,0.20017873100983022,43.81,0.1538511095371221,0.20983516623975976,0.15038271925892474
/mnt/data/model-ckpts/sam/sam2-hiera-base-plus,ViT-B-32,datacomp_xl_s13b_b90k,0.5,0.9,"ThresholdGrid(conf=0.5,mask=0.9)",0.3320014802739024,0.4099702835083008,2.447265625,0.1148179693518963,0.10455764075067024,0.67828418230563,0.19571045576407506,25.15,0.0911911527844093,0.20522275160901562,0.16388616658859897
/mnt/data/model-ckpts/sam/sam2-hiera-base-plus,ViT-B-32,datacomp_xl_s13b_b90k,0.7,0.5,"ThresholdGrid(conf=0.7,mask=0.5)",0.357589446939528,0.41016149520874023,2.447265625,0.11334771933586721,0.10277033065236818,0.7640750670241286,0.20017873100983022,43.81,0.1538511095371221,0.20983516623975976,0.15038271925892474
/mnt/data/model-ckpts/sam/sam2-hiera-base-plus,ViT-B-32,datacomp_xl_s13b_b90k,0.7,0.7,"ThresholdGrid(conf=0.7,mask=0.7)",0.35442511085420847,0.41016149520874023,2.447265625,0.11334771933586721,0.10277033065236818,0.7640750670241286,0.20017873100983022,43.81,0.1538511095371221,0.20983516623975976,0.15038271925892474
/mnt/data/model-ckpts/sam/sam2-hiera-base-plus,ViT-B-32,datacomp_xl_s13b_b90k,0.7,0.9,"ThresholdGrid(conf=0.7,mask=0.9)",0.3307322901673615,0.4099702835083008,2.447265625,0.1148179693518963,0.10455764075067024,0.67828418230563,0.19571045576407506,25.15,0.0911911527844093,0.20522275160901562,0.16388616658859897
/mnt/data/model-ckpts/sam/sam2-hiera-base-plus,ViT-B-32,datacomp_xl_s13b_b90k,0.9,0.5,"ThresholdGrid(conf=0.9,mask=0.5)",0.33180677331984043,0.4099702835083008,2.447265625,0.1148179693518963,0.10455764075067024,0.67828418230563,0.19571045576407506,25.15,0.0911911527844093,0.20522275160901562,0.16388616658859897
/mnt/data/model-ckpts/sam/sam2-hiera-base-plus,ViT-B-32,datacomp_xl_s13b_b90k,0.9,0.7,"ThresholdGrid(conf=0.9,mask=0.7)",0.3311805659905076,0.4099702835083008,2.447265625,0.1148179693518963,0.10455764075067024,0.67828418230563,0.19571045576407506,25.15,0.0911911527844093,0.20522275160901562,0.16388616658859897
/mnt/data/model-ckpts/sam/sam2-hiera-base-plus,ViT-B-32,datacomp_xl_s13b_b90k,0.9,0.9,"ThresholdGrid(conf=0.9,mask=0.9)",0.33188981702551246,0.4099702835083008,2.447265625,0.1148179693518963,0.10455764075067024,0.67828418230563,0.19571045576407506,25.15,0.0911911527844093,0.20522275160901562,0.16388616658859897
/mnt/data/model-ckpts/sam/sam2-hiera-base-plus,ViT-B-16,laion2b_s34b_b88k,0.5,0.5,"ThresholdGrid(conf=0.5,mask=0.5)",0.3691933583468199,0.4120621681213379,4.609375,0.1133265164806438,0.09562109025915996,0.7917783735478106,0.21537086684539766,56.97,0.3378899333205443,0.23967287619535788,0.14329050937680404
/mnt/data/model-ckpts/sam/sam2-hiera-base-plus,ViT-B-16,laion2b_s34b_b88k,0.5,0.7,"ThresholdGrid(conf=0.5,mask=0.7)",0.364625477232039,0.4119248390197754,4.609375,0.11333488393274531,0.09740840035746202,0.7640750670241286,0.20196604110813227,43.81,0.1538511095371221,0.2376885881932108,0.14942737253989255
/mnt/data/model-ckpts/sam/sam2-hiera-base-plus,ViT-B-16,laion2b_s34b_b88k,0.5,0.9,"ThresholdGrid(conf=0.5,mask=0.9)",0.3373655257746577,0.41173362731933594,4.609375,0.11152350249943732,0.09562109025915996,0.67828418230563,0.19928507596067918,25.15,0.0911911527844093,0.23341005240251594,0.15766901716934653
/mnt/data/model-ckpts/sam/sam2-hiera-base-plus,ViT-B-16,laion2b_s34b_b88k,0.7,0.5,"ThresholdGrid(conf=0.7,mask=0.5)",0.3619492659345269,0.4119248390197754,4.609375,0.11333488393274531,0.09740840035746202,0.7640750670241286,0.20196604110813227,43.81,0.1538511095371221,0.2376885881932108,0.14942737253989255
/mnt/data/model-ckpts/sam/sam2-hiera-base-plus,ViT-B-16,laion2b_s34b_b88k,0.7,0.7,"ThresholdGrid(conf=0.7,mask=0.7)",0.36337337689474225,0.4119248390197754,4.609375,0.11333488393274531,0.09740840035746202,0.7640750670241286,0.20196604110813227,43.81,0.1538511095371221,0.2376885881932108,0.14942737253989255
/mnt/data/model-ckpts/sam/sam2-hiera-base-plus,ViT-B-16,laion2b_s34b_b88k,0.7,0.9,"ThresholdGrid(conf=0.7,mask=0.9)",0.33877538284286857,0.41173362731933594,4.609375,0.11152350249943732,0.09562109025915996,0.67828418230563,0.19928507596067918,25.15,0.0911911527844093,0.23341005240251594,0.15766901716934653
/mnt/data/model-ckpts/sam/sam2-hiera-base-plus,ViT-B-16,laion2b_s34b_b88k,0.9,0.5,"ThresholdGrid(conf=0.9,mask=0.5)",0.3402404603548348,0.41173362731933594,4.609375,0.11152350249943732,0.09562109025915996,0.67828418230563,0.19928507596067918,25.15,0.0911911527844093,0.23341005240251594,0.15766901716934653
/mnt/data/model-ckpts/sam/sam2-hiera-base-plus,ViT-B-16,laion2b_s34b_b88k,0.9,0.7,"ThresholdGrid(conf=0.9,mask=0.7)",0.3349878778681159,0.41173362731933594,4.609375,0.11152350249943732,0.09562109025915996,0.67828418230563,0.19928507596067918,25.15,0.0911911527844093,0.23341005240251594,0.15766901716934653
/mnt/data/model-ckpts/sam/sam2-hiera-base-plus,ViT-B-16,laion2b_s34b_b88k,0.9,0.9,"ThresholdGrid(conf=0.9,mask=0.9)",0.3318371740169823,0.41173362731933594,4.609375,0.11152350249943732,0.09562109025915996,0.67828418230563,0.19928507596067918,25.15,0.0911911527844093,0.23341005240251594,0.15766901716934653
/mnt/data/model-ckpts/sam/sam2-hiera-base-plus,ViT-B-16-SigLIP,webli,0.5,0.5,"ThresholdGrid(conf=0.5,mask=0.5)",0.3770976373925805,0.4632105827331543,4.345703125,0.13220971247857233,0.12064343163538874,0.7917783735478106,0.2421805183199285,56.97,0.3378899333205443,0.0769493883697048,0.165094815134423
/mnt/data/model-ckpts/sam/sam2-hiera-base-plus,ViT-B-16-SigLIP,webli,0.5,0.7,"ThresholdGrid(conf=0.5,mask=0.7)",0.36826651776209474,0.46300554275512695,4.345703125,0.1285975474881764,0.1161751563896336,0.7640750670241286,0.22609472743521,43.81,0.1538511095371221,0.07483686888432321,0.16887161435025053
/mnt/data/model-ckpts/sam/sam2-hiera-base-plus,ViT-B-16-SigLIP,webli,0.5,0.9,"ThresholdGrid(conf=0.5,mask=0.9)",0.33750271890312433,0.4627237319946289,4.345703125,0.13077663667425832,0.1161751563896336,0.67828418230563,0.22073279714030383,25.15,0.0911911527844093,0.0709159061915247,0.18029161192031226
/mnt/data/model-ckpts/sam/sam2-hiera-base-plus,ViT-B-16-SigLIP,webli,0.7,0.5,"ThresholdGrid(conf=0.7,mask=0.5)",0.36539963679388165,0.46300554275512695,4.345703125,0.1285975474881764,0.1161751563896336,0.7640750670241286,0.22609472743521,43.81,0.1538511095371221,0.07483686888432321,0.16887161435025053
/mnt/data/model-ckpts/sam/sam2-hiera-base-plus,ViT-B-16-SigLIP,webli,0.7,0.7,"ThresholdGrid(conf=0.7,mask=0.7)",0.36553189856931567,0.46300554275512695,4.345703125,0.1285975474881764,0.1161751563896336,0.7640750670241286,0.22609472743521,43.81,0.1538511095371221,0.07483686888432321,0.16887161435025053
/mnt/data/model-ckpts/sam/sam2-hiera-base-plus,ViT-B-16-SigLIP,webli,0.7,0.9,"ThresholdGrid(conf=0.7,mask=0.9)",0.33437244361266494,0.4627237319946289,4.345703125,0.13077663667425832,0.1161751563896336,0.67828418230563,0.22073279714030383,25.15,0.0911911527844093,0.0709159061915247,0.18029161192031226
/mnt/data/model-ckpts/sam/sam2-hiera-base-plus,ViT-B-16-SigLIP,webli,0.9,0.5,"ThresholdGrid(conf=0.9,mask=0.5)",0.3356231236830354,0.4627237319946289,4.345703125,0.13077663667425832,0.1161751563896336,0.67828418230563,0.22073279714030383,25.15,0.0911911527844093,0.0709159061915247,0.18029161192031226
/mnt/data/model-ckpts/sam/sam2-hiera-base-plus,ViT-B-16-SigLIP,webli,0.9,0.7,"ThresholdGrid(conf=0.9,mask=0.7)",0.3389444714412093,0.4627237319946289,4.345703125,0.13077663667425832,0.1161751563896336,0.67828418230563,0.22073279714030383,25.15,0.0911911527844093,0.0709159061915247,0.18029161192031226
/mnt/data/model-ckpts/sam/sam2-hiera-base-plus,ViT-B-16-SigLIP,webli,0.9,0.9,"ThresholdGrid(conf=0.9,mask=0.9)",0.33741370774805546,0.4627237319946289,4.345703125,0.13077663667425832,0.1161751563896336,0.67828418230563,0.22073279714030383,25.15,0.0911911527844093,0.0709159061915247,0.18029161192031226
/mnt/data/model-ckpts/sam/sam2-hiera-base-plus,ViT-L-14,laion2b_s32b_b82k,0.5,0.5,"ThresholdGrid(conf=0.5,mask=0.5)",0.3779717907309532,0.9580206871032715,8.166015625,0.12441115324762378,0.10545129579982127,0.7917783735478106,0.2448614834673816,56.97,0.3378899333205443,0.2597553284707295,0.14345279171606665
/mnt/data/model-ckpts/sam/sam2-hiera-base-plus,ViT-L-14,laion2b_s32b_b82k,0.5,0.7,"ThresholdGrid(conf=0.5,mask=0.7)",0.36662796046584845,0.9578156471252441,8.166015625,0.12393809684729666,0.10366398570151922,0.7640750670241286,0.22609472743521,43.81,0.1538511095371221,0.25713681606068156,0.15001276954933626
/mnt/data/model-ckpts/sam/sam2-hiera-base-plus,ViT-L-14,laion2b_s32b_b82k,0.5,0.9,"ThresholdGrid(conf=0.5,mask=0.9)",0.3408237569965422,0.9575338363647461,8.166015625,0.12506601011893786,0.11170688114387846,0.67828418230563,0.21894548704200179,25.15,0.0911911527844093,0.25134569242716476,0.16396661035118495
/mnt/data/model-ckpts/sam/sam2-hiera-base-plus,ViT-L-14,laion2b_s32b_b82k,0.7,0.5,"ThresholdGrid(conf=0.7,mask=0.5)",0.3677938226610422,0.9578156471252441,8.166015625,0.12393809684729666,0.10366398570151922,0.7640750670241286,0.22609472743521,43.81,0.1538511095371221,0.25713681606068156,0.15001276954933626
/mnt/data/model-ckpts/sam/sam2-hiera-base-plus,ViT-L-14,laion2b_s32b_b82k,0.7,0.7,"ThresholdGrid(conf=0.7,mask=0.7)",0.36850910168141127,0.9578156471252441,8.166015625,0.12393809684729666,0.10366398570151922,0.7640750670241286,0.22609472743521,43.81,0.1538511095371221,0.25713681606068156,0.15001276954933626
/mnt/data/model-ckpts/sam/sam2-hiera-base-plus,ViT-L-14,laion2b_s32b_b82k,0.7,0.9,"ThresholdGrid(conf=0.7,mask=0.9)",0.3393476060591638,0.9575338363647461,8.166015625,0.12506601011893786,0.11170688114387846,0.67828418230563,0.21894548704200179,25.15,0.0911911527844093,0.25134569242716476,0.16396661035118495
/mnt/data/model-ckpts/sam/sam2-hiera-base-plus,ViT-L-14,laion2b_s32b_b82k,0.9,0.5,"ThresholdGrid(conf=0.9,mask=0.5)",0.34226432209834456,0.9575338363647461,8.166015625,0.12506601011893786,0.11170688114387846,0.67828418230563,0.21894548704200179,25.15,0.0911911527844093,0.25134569242716476,0.16396661035118495
/mnt/data/model-ckpts/sam/sam2-hiera-base-plus,ViT-L-14,laion2b_s32b_b82k,0.9,0.7,"ThresholdGrid(conf=0.9,mask=0.7)",0.3455872740596533,0.9575338363647461,8.166015625,0.12506601011893786,0.11170688114387846,0.67828418230563,0.21894548704200179,25.15,0.0911911527844093,0.25134569242716476,0.16396661035118495
/mnt/data/model-ckpts/sam/sam2-hiera-base-plus,ViT-L-14,laion2b_s32b_b82k,0.9,0.9,"ThresholdGrid(conf=0.9,mask=0.9)",0.350089306011796,0.9575338363647461,8.166015625,0.12506601011893786,0.11170688114387846,0.67828418230563,0.21894548704200179,25.15,0.0911911527844093,0.25134569242716476,0.16396661035118495
/mnt/data/model-ckpts/sam/sam2-hiera-base-plus,ViT-L-14,dfn2b,0.5,0.5,"ThresholdGrid(conf=0.5,mask=0.5)",0.3738196799531579,0.9580206871032715,8.166015625,0.12821240535998962,0.11706881143878463,0.7917783735478106,0.2359249329758713,56.97,0.3378899333205443,0.2100470541602698,0.17207706218770769
/mnt/data/model-ckpts/sam/sam2-hiera-base-plus,ViT-L-14,dfn2b,0.5,0.7,"ThresholdGrid(conf=0.5,mask=0.7)",0.3712083282880485,0.9578156471252441,8.166015625,0.1354013372916459,0.12689901697944594,0.7640750670241286,0.2323503127792672,43.81,0.1538511095371221,0.20773029666963275,0.1808230921607427
/mnt/data/model-ckpts/sam/sam2-hiera-base-plus,ViT-L-14,dfn2b,0.5,0.9,"ThresholdGrid(conf=0.5,mask=0.9)",0.34304438158869743,0.9575338363647461,8.166015625,0.13587628606851535,0.13047363717605004,0.67828418230563,0.21983914209115282,25.15,0.0911911527844093,0.20259502367636686,0.19210972647326605
/mnt/data/model-ckpts/sam/sam2-hiera-base-plus,ViT-L-14,dfn2b,0.7,0.5,"ThresholdGrid(conf=0.7,mask=0.5)",0.3703242773190141,0.9578156471252441,8.166015625,0.1354013372916459,0.12689901697944594,0.7640750670241286,0.2323503127792672,43.81,0.1538511095371221,0.20773029666963275,0.1808230921607427
/mnt/data/model-ckpts/sam/sam2-hiera-base-plus,ViT-L-14,dfn2b,0.7,0.7,"ThresholdGrid(conf=0.7,mask=0.7)",0.36679577780887485,0.9578156471252441,8.166015625,0.1354013372916459,0.12689901697944594,0.7640750670241286,0.2323503127792672,43.81,0.1538511095371221,0.20773029666963275,0.1808230921607427
/mnt/data/model-ckpts/sam/sam2-hiera-base-plus,ViT-L-14,dfn2b,0.7,0.9,"ThresholdGrid(conf=0.7,mask=0.9)",0.33819834934547544,0.9575338363647461,8.166015625,0.13587628606851535,0.13047363717605004,0.67828418230563,0.21983914209115282,25.15,0.0911911527844093,0.20259502367636686,0.19210972647326605
/mnt/data/model-ckpts/sam/sam2-hiera-base-plus,ViT-L-14,dfn2b,0.9,0.5,"ThresholdGrid(conf=0.9,mask=0.5)",0.3389152651652694,0.9575338363647461,8.166015625,0.13587628606851535,0.13047363717605004,0.67828418230563,0.21983914209115282,25.15,0.0911911527844093,0.20259502367636686,0.19210972647326605
/mnt/data/model-ckpts/sam/sam2-hiera-base-plus,ViT-L-14,dfn2b,0.9,0.7,"ThresholdGrid(conf=0.9,mask=0.7)",0.3462597797624767,0.9575338363647461,8.166015625,0.13587628606851535,0.13047363717605004,0.67828418230563,0.21983914209115282,25.15,0.0911911527844093,0.20259502367636686,0.19210972647326605
/mnt/data/model-ckpts/sam/sam2-hiera-base-plus,ViT-L-14,dfn2b,0.9,0.9,"ThresholdGrid(conf=0.9,mask=0.9)",0.3444904997013509,0.9575338363647461,8.166015625,0.13587628606851535,0.13047363717605004,0.67828418230563,0.21983914209115282,25.15,0.0911911527844093,0.20259502367636686,0.19210972647326605
/mnt/data/model-ckpts/sam/sam2-hiera-base-plus,ViT-L-14,datacomp_xl_s13b_b90k,0.5,0.5,"ThresholdGrid(conf=0.5,mask=0.5)",0.3726039081811905,0.9580206871032715,8.166015625,0.12063849551948368,0.11170688114387846,0.7917783735478106,0.225201072386059,56.97,0.3378899333205443,0.19771003938871798,0.1584741829024534
/mnt/data/model-ckpts/sam/sam2-hiera-base-plus,ViT-L-14,datacomp_xl_s13b_b90k,0.5,0.7,"ThresholdGrid(conf=0.5,mask=0.7)",0.3695711330510676,0.9578156471252441,8.166015625,0.12770504632939203,0.11706881143878463,0.7640750670241286,0.225201072386059,43.81,0.1538511095371221,0.19414963003937105,0.16419171929584278
/mnt/data/model-ckpts/sam/sam2-hiera-base-plus,ViT-L-14,datacomp_xl_s13b_b90k,0.5,0.9,"ThresholdGrid(conf=0.5,mask=0.9)",0.3408855525776744,0.9575338363647461,8.166015625,0.13447987936804742,0.11974977658623771,0.67828418230563,0.22966934763181412,25.15,0.0911911527844093,0.1882678053347632,0.17765004314130212
/mnt/data/model-ckpts/sam/sam2-hiera-base-plus,ViT-L-14,datacomp_xl_s13b_b90k,0.7,0.5,"ThresholdGrid(conf=0.7,mask=0.5)",0.37044240394607186,0.9578156471252441,8.166015625,0.12770504632939203,0.11706881143878463,0.7640750670241286,0.225201072386059,43.81,0.1538511095371221,0.19414963003937105,0.16419171929584278
/mnt/data/model-ckpts/sam/sam2-hiera-base-plus,ViT-L-14,datacomp_xl_s13b_b90k,0.7,0.7,"ThresholdGrid(conf=0.7,mask=0.7)",0.3701610746793449,0.9578156471252441,8.166015625,0.12770504632939203,0.11706881143878463,0.7640750670241286,0.225201072386059,43.81,0.1538511095371221,0.19414963003937105,0.16419171929584278
/mnt/data/model-ckpts/sam/sam2-hiera-base-plus,ViT-L-14,datacomp_xl_s13b_b90k,0.7,0.9,"ThresholdGrid(conf=0.7,mask=0.9)",0.338796463329345,0.9575338363647461,8.166015625,0.13447987936804742,0.11974977658623771,0.67828418230563,0.22966934763181412,25.15,0.0911911527844093,0.1882678053347632,0.17765004314130212
/mnt/data/model-ckpts/sam/sam2-hiera-base-plus,ViT-L-14,datacomp_xl_s13b_b90k,0.9,0.5,"ThresholdGrid(conf=0.9,mask=0.5)",0.339411071036011,0.9575338363647461,8.166015625,0.13447987936804742,0.11974977658623771,0.67828418230563,0.22966934763181412,25.15,0.0911911527844093,0.1882678053347632,0.17765004314130212
/mnt/data/model-ckpts/sam/sam2-hiera-base-plus,ViT-L-14,datacomp_xl_s13b_b90k,0.9,0.7,"ThresholdGrid(conf=0.9,mask=0.7)",0.35193996503949165,0.9575338363647461,8.166015625,0.13447987936804742,0.11974977658623771,0.67828418230563,0.22966934763181412,25.15,0.0911911527844093,0.1882678053347632,0.17765004314130212
/mnt/data/model-ckpts/sam/sam2-hiera-base-plus,ViT-L-14,datacomp_xl_s13b_b90k,0.9,0.9,"ThresholdGrid(conf=0.9,mask=0.9)",0.34042879240587354,0.9575338363647461,8.166015625,0.13447987936804742,0.11974977658623771,0.67828418230563,0.22966934763181412,25.15,0.0911911527844093,0.1882678053347632,0.17765004314130212
/mnt/data/model-ckpts/sam/sam2-hiera-base-plus,MobileCLIP-S1,datacompdr,0.5,0.5,"ThresholdGrid(conf=0.5,mask=0.5)",0.36330588394775987,0.2300586700439453,10.7421875,0.14855158494480206,0.128686327077748,0.7917783735478106,0.2806076854334227,56.97,0.3378899333205443,0.22064606192870476,0.18687736199039523
/mnt/data/model-ckpts/sam/sam2-hiera-base-plus,MobileCLIP-S1,datacompdr,0.5,0.7,"ThresholdGrid(conf=0.5,mask=0.7)",0.3578769904561341,0.2299213409423828,10.7421875,0.15097637373198364,0.13672922252010725,0.7640750670241286,0.26720285969615726,43.81,0.1538511095371221,0.2179337107943466,0.19713682402662805
/mnt/data/model-ckpts/sam/sam2-hiera-base-plus,MobileCLIP-S1,datacompdr,0.5,0.9,"ThresholdGrid(conf=0.5,mask=0.9)",0.32674192218109965,0.22973012924194336,10.7421875,0.15083285634710328,0.13762287756925826,0.67828418230563,0.258266309204647,25.15,0.0911911527844093,0.21303219088520506,0.20413933863853911
/mnt/data/model-ckpts/sam/sam2-hiera-base-plus,MobileCLIP-S1,datacompdr,0.7,0.5,"ThresholdGrid(conf=0.7,mask=0.5)",0.3529419982805848,0.2299213409423828,10.7421875,0.15097637373198364,0.13672922252010725,0.7640750670241286,0.26720285969615726,43.81,0.1538511095371221,0.2179337107943466,0.19713682402662805
/mnt/data/model-ckpts/sam/sam2-hiera-base-plus,MobileCLIP-S1,datacompdr,0.7,0.7,"ThresholdGrid(conf=0.7,mask=0.7)",0.3603341104462743,0.2299213409423828,10.7421875,0.15097637373198364,0.13672922252010725,0.7640750670241286,0.26720285969615726,43.81,0.1538511095371221,0.2179337107943466,0.19713682402662805
/mnt/data/model-ckpts/sam/sam2-hiera-base-plus,MobileCLIP-S1,datacompdr,0.7,0.9,"ThresholdGrid(conf=0.7,mask=0.9)",0.3337176772765815,0.22973012924194336,10.7421875,0.15083285634710328,0.13762287756925826,0.67828418230563,0.258266309204647,25.15,0.0911911527844093,0.21303219088520506,0.20413933863853911
/mnt/data/model-ckpts/sam/sam2-hiera-base-plus,MobileCLIP-S1,datacompdr,0.9,0.5,"ThresholdGrid(conf=0.9,mask=0.5)",0.3248704387806356,0.22973012924194336,10.7421875,0.15083285634710328,0.13762287756925826,0.67828418230563,0.258266309204647,25.15,0.0911911527844093,0.21303219088520506,0.20413933863853911
/mnt/data/model-ckpts/sam/sam2-hiera-base-plus,MobileCLIP-S1,datacompdr,0.9,0.7,"ThresholdGrid(conf=0.9,mask=0.7)",0.32829890958964825,0.22973012924194336,10.7421875,0.15083285634710328,0.13762287756925826,0.67828418230563,0.258266309204647,25.15,0.0911911527844093,0.21303219088520506,0.20413933863853911
/mnt/data/model-ckpts/sam/sam2-hiera-base-plus,MobileCLIP-S1,datacompdr,0.9,0.9,"ThresholdGrid(conf=0.9,mask=0.9)",0.3303093696013093,0.22973012924194336,10.7421875,0.15083285634710328,0.13762287756925826,0.67828418230563,0.258266309204647,25.15,0.0911911527844093,0.21303219088520506,0.20413933863853911
/mnt/data/model-ckpts/sam/sam2-hiera-base-plus,MobileCLIP-S2,datacompdr,0.5,0.5,"ThresholdGrid(conf=0.5,mask=0.5)",0.36823147209361196,0.2593855857849121,13.357421875,0.1535114789989073,0.1385165326184093,0.7917783735478106,0.2797140303842717,56.97,0.3378899333205443,0.22648994360948058,0.19547988565323396
/mnt/data/model-ckpts/sam/sam2-hiera-base-plus,MobileCLIP-S2,datacompdr,0.5,0.7,"ThresholdGrid(conf=0.5,mask=0.7)",0.3553402959369123,0.2592482566833496,13.357421875,0.16149885031177078,0.1483467381590706,0.7640750670241286,0.2797140303842717,43.81,0.1538511095371221,0.22351472164979463,0.20584026827298815
/mnt/data/model-ckpts/sam/sam2-hiera-base-plus,MobileCLIP-S2,datacompdr,0.5,0.9,"ThresholdGrid(conf=0.5,mask=0.9)",0.32786978175863624,0.25905704498291016,13.357421875,0.16353655722439206,0.15281501340482573,0.67828418230563,0.2716711349419124,25.15,0.0911911527844093,0.21818333884186783,0.21333700497306876
/mnt/data/model-ckpts/sam/sam2-hiera-base-plus,MobileCLIP-S2,datacompdr,0.7,0.5,"ThresholdGrid(conf=0.7,mask=0.5)",0.35470929462462664,0.2592482566833496,13.357421875,0.16149885031177078,0.1483467381590706,0.7640750670241286,0.2797140303842717,43.81,0.1538511095371221,0.22351472164979463,0.20584026827298815
/mnt/data/model-ckpts/sam/sam2-hiera-base-plus,MobileCLIP-S2,datacompdr,0.7,0.7,"ThresholdGrid(conf=0.7,mask=0.7)",0.35345067270100117,0.2592482566833496,13.357421875,0.16149885031177078,0.1483467381590706,0.7640750670241286,0.2797140303842717,43.81,0.1538511095371221,0.22351472164979463,0.20584026827298815
/mnt/data/model-ckpts/sam/sam2-hiera-base-plus,MobileCLIP-S2,datacompdr,0.7,0.9,"ThresholdGrid(conf=0.7,mask=0.9)",0.332883030641824,0.25905704498291016,13.357421875,0.16353655722439206,0.15281501340482573,0.67828418230563,0.2716711349419124,25.15,0.0911911527844093,0.21818333884186783,0.21333700497306876
/mnt/data/model-ckpts/sam/sam2-hiera-base-plus,MobileCLIP-S2,datacompdr,0.9,0.5,"ThresholdGrid(conf=0.9,mask=0.5)",0.3274296782910824,0.25905704498291016,13.357421875,0.16353655722439206,0.15281501340482573,0.67828418230563,0.2716711349419124,25.15,0.0911911527844093,0.21818333884186783,0.21333700497306876
/mnt/data/model-ckpts/sam/sam2-hiera-base-plus,MobileCLIP-S2,datacompdr,0.9,0.7,"ThresholdGrid(conf=0.9,mask=0.7)",0.3279495146125555,0.25905704498291016,13.357421875,0.16353655722439206,0.15281501340482573,0.67828418230563,0.2716711349419124,25.15,0.0911911527844093,0.21818333884186783,0.21333700497306876
/mnt/data/model-ckpts/sam/sam2-hiera-base-plus,MobileCLIP-S2,datacompdr,0.9,0.9,"ThresholdGrid(conf=0.9,mask=0.9)",0.3259125747717917,0.25905704498291016,13.357421875,0.16353655722439206,0.15281501340482573,0.67828418230563,0.2716711349419124,25.15,0.0911911527844093,0.21818333884186783,0.21333700497306876
/mnt/data/model-ckpts/sam/sam2-hiera-base-plus,ViT-H-14,laion2b_s32b_b79k,0.5,0.5,"ThresholdGrid(conf=0.5,mask=0.5)",0.3870828030630946,2.0280280113220215,12.091796875,0.13277270647545567,0.12153708668453976,0.7917783735478106,0.2448614834673816,56.97,0.3378899333205443,0.255537386474277,0.1594205621865307
/mnt/data/model-ckpts/sam/sam2-hiera-base-plus,ViT-H-14,laion2b_s32b_b79k,0.5,0.7,"ThresholdGrid(conf=0.5,mask=0.7)",0.37221614504233,2.0277552604675293,12.091796875,0.13173194292015983,0.11706881143878463,0.7640750670241286,0.2323503127792672,43.81,0.1538511095371221,0.2521540467977737,0.1636021978085386
/mnt/data/model-ckpts/sam/sam2-hiera-base-plus,ViT-H-14,laion2b_s32b_b79k,0.5,0.9,"ThresholdGrid(conf=0.5,mask=0.9)",0.349294061306864,2.0273828506469727,12.091796875,0.1277507823207981,0.1161751563896336,0.67828418230563,0.2126899016979446,25.15,0.0911911527844093,0.24504965324024733,0.17391454265967599
/mnt/data/model-ckpts/sam/sam2-hiera-base-plus,ViT-H-14,laion2b_s32b_b79k,0.7,0.5,"ThresholdGrid(conf=0.7,mask=0.5)",0.3720105718821287,2.0277552604675293,12.091796875,0.13173194292015983,0.11706881143878463,0.7640750670241286,0.2323503127792672,43.81,0.1538511095371221,0.2521540467977737,0.1636021978085386
/mnt/data/model-ckpts/sam/sam2-hiera-base-plus,ViT-H-14,laion2b_s32b_b79k,0.7,0.7,"ThresholdGrid(conf=0.7,mask=0.7)",0.37668462842702866,2.0277552604675293,12.091796875,0.13173194292015983,0.11706881143878463,0.7640750670241286,0.2323503127792672,43.81,0.1538511095371221,0.2521540467977737,0.1636021978085386
/mnt/data/model-ckpts/sam/sam2-hiera-base-plus,ViT-H-14,laion2b_s32b_b79k,0.7,0.9,"ThresholdGrid(conf=0.7,mask=0.9)",0.3438331466168165,2.0273828506469727,12.091796875,0.1277507823207981,0.1161751563896336,0.67828418230563,0.2126899016979446,25.15,0.0911911527844093,0.24504965324024733,0.17391454265967599
/mnt/data/model-ckpts/sam/sam2-hiera-base-plus,ViT-H-14,laion2b_s32b_b79k,0.9,0.5,"ThresholdGrid(conf=0.9,mask=0.5)",0.3485536156222224,2.0273828506469727,12.091796875,0.1277507823207981,0.1161751563896336,0.67828418230563,0.2126899016979446,25.15,0.0911911527844093,0.24504965324024733,0.17391454265967599
/mnt/data/model-ckpts/sam/sam2-hiera-base-plus,ViT-H-14,laion2b_s32b_b79k,0.9,0.7,"ThresholdGrid(conf=0.9,mask=0.7)",0.34155833069235086,2.0273828506469727,12.091796875,0.1277507823207981,0.1161751563896336,0.67828418230563,0.2126899016979446,25.15,0.0911911527844093,0.24504965324024733,0.17391454265967599
/mnt/data/model-ckpts/sam/sam2-hiera-base-plus,ViT-H-14,laion2b_s32b_b79k,0.9,0.9,"ThresholdGrid(conf=0.9,mask=0.9)",0.34115546848624945,2.0273828506469727,12.091796875,0.1277507823207981,0.1161751563896336,0.67828418230563,0.2126899016979446,25.15,0.0911911527844093,0.24504965324024733,0.17391454265967599
/mnt/data/model-ckpts/sam/sam2-hiera-base-plus,ViT-H-14,metaclip_fullcc,0.5,0.5,"ThresholdGrid(conf=0.5,mask=0.5)",0.3823737381026149,2.0280280113220215,12.091796875,0.15887705925444887,0.14745308310991956,0.7917783735478106,0.290437890974084,56.97,0.3378899333205443,0.3186053707729609,0.19268725758865582
/mnt/data/model-ckpts/sam/sam2-hiera-base-plus,ViT-H-14,metaclip_fullcc,0.5,0.7,"ThresholdGrid(conf=0.5,mask=0.7)",0.37716621067374945,2.0277552604675293,12.091796875,0.15675866336289518,0.14298480786416443,0.7640750670241286,0.2752457551385165,43.81,0.1538511095371221,0.31780242967861266,0.19156798375994633
/mnt/data/model-ckpts/sam/sam2-hiera-base-plus,ViT-H-14,metaclip_fullcc,0.5,0.9,"ThresholdGrid(conf=0.5,mask=0.9)",0.34566979156807065,2.0273828506469727,12.091796875,0.1549067481262998,0.13494191242180517,0.67828418230563,0.26630920464700625,25.15,0.0911911527844093,0.3158889097278943,0.19875494667856022
/mnt/data/model-ckpts/sam/sam2-hiera-base-plus,ViT-H-14,metaclip_fullcc,0.7,0.5,"ThresholdGrid(conf=0.7,mask=0.5)",0.37253763526678085,2.0277552604675293,12.091796875,0.15675866336289518,0.14298480786416443,0.7640750670241286,0.2752457551385165,43.81,0.1538511095371221,0.31780242967861266,0.19156798375994633
/mnt/data/model-ckpts/sam/sam2-hiera-base-plus,ViT-H-14,metaclip_fullcc,0.7,0.7,"ThresholdGrid(conf=0.7,mask=0.7)",0.371328042820096,2.0277552604675293,12.091796875,0.15675866336289518,0.14298480786416443,0.7640750670241286,0.2752457551385165,43.81,0.1538511095371221,0.31780242967861266,0.19156798375994633
/mnt/data/model-ckpts/sam/sam2-hiera-base-plus,ViT-H-14,metaclip_fullcc,0.7,0.9,"ThresholdGrid(conf=0.7,mask=0.9)",0.35274141700938344,2.0273828506469727,12.091796875,0.1549067481262998,0.13494191242180517,0.67828418230563,0.26630920464700625,25.15,0.0911911527844093,0.3158889097278943,0.19875494667856022
/mnt/data/model-ckpts/sam/sam2-hiera-base-plus,ViT-H-14,metaclip_fullcc,0.9,0.5,"ThresholdGrid(conf=0.9,mask=0.5)",0.35262334160506725,2.0273828506469727,12.091796875,0.1549067481262998,0.13494191242180517,0.67828418230563,0.26630920464700625,25.15,0.0911911527844093,0.3158889097278943,0.19875494667856022
/mnt/data/model-ckpts/sam/sam2-hiera-base-plus,ViT-H-14,metaclip_fullcc,0.9,0.7,"ThresholdGrid(conf=0.9,mask=0.7)",0.3414470236748457,2.0273828506469727,12.091796875,0.1549067481262998,0.13494191242180517,0.67828418230563,0.26630920464700625,25.15,0.0911911527844093,0.3158889097278943,0.19875494667856022
/mnt/data/model-ckpts/sam/sam2-hiera-base-plus,ViT-H-14,metaclip_fullcc,0.9,0.9,"ThresholdGrid(conf=0.9,mask=0.9)",0.34149669809266925,2.0273828506469727,12.091796875,0.1549067481262998,0.13494191242180517,0.67828418230563,0.26630920464700625,25.15,0.0911911527844093,0.3158889097278943,0.19875494667856022
/mnt/data/model-ckpts/sam/sam2-hiera-base-plus,ViT-B-16-SigLIP2,webli,0.5,0.5,"ThresholdGrid(conf=0.5,mask=0.5)",0.3703817096538842,0.7846217155456543,4.666015625,0.13757229957274822,0.1224307417336908,0.7917783735478106,0.2520107238605898,56.97,0.3378899333205443,0.10282557192687161,0.17249757453023692
/mnt/data/model-ckpts/sam/sam2-hiera-base-plus,ViT-B-16-SigLIP2,webli,0.5,0.7,"ThresholdGrid(conf=0.5,mask=0.7)",0.36032405914738774,0.784416675567627,4.666015625,0.13917464118755538,0.1260053619302949,0.7640750670241286,0.24396782841823056,43.81,0.1538511095371221,0.1014291169096893,0.1731765693010096
/mnt/data/model-ckpts/sam/sam2-hiera-base-plus,ViT-B-16-SigLIP2,webli,0.5,0.9,"ThresholdGrid(conf=0.5,mask=0.9)",0.3296294924803078,0.7841348648071289,4.666015625,0.13570682173592427,0.12332439678284182,0.67828418230563,0.22788203753351208,25.15,0.0911911527844093,0.09857006070068418,0.18200673643437668
/mnt/data/model-ckpts/sam/sam2-hiera-base-plus,ViT-B-16-SigLIP2,webli,0.7,0.5,"ThresholdGrid(conf=0.7,mask=0.5)",0.3574723843485117,0.784416675567627,4.666015625,0.13917464118755538,0.1260053619302949,0.7640750670241286,0.24396782841823056,43.81,0.1538511095371221,0.1014291169096893,0.1731765693010096
/mnt/data/model-ckpts/sam/sam2-hiera-base-plus,ViT-B-16-SigLIP2,webli,0.7,0.7,"ThresholdGrid(conf=0.7,mask=0.7)",0.3625957784242928,0.784416675567627,4.666015625,0.13917464118755538,0.1260053619302949,0.7640750670241286,0.24396782841823056,43.81,0.1538511095371221,0.1014291169096893,0.1731765693010096
/mnt/data/model-ckpts/sam/sam2-hiera-base-plus,ViT-B-16-SigLIP2,webli,0.7,0.9,"ThresholdGrid(conf=0.7,mask=0.9)",0.32704037614166737,0.7841348648071289,4.666015625,0.13570682173592427,0.12332439678284182,0.67828418230563,0.22788203753351208,25.15,0.0911911527844093,0.09857006070068418,0.18200673643437668
/mnt/data/model-ckpts/sam/sam2-hiera-base-plus,ViT-B-16-SigLIP2,webli,0.9,0.5,"ThresholdGrid(conf=0.9,mask=0.5)",0.33318650675937533,0.7841348648071289,4.666015625,0.13570682173592427,0.12332439678284182,0.67828418230563,0.22788203753351208,25.15,0.0911911527844093,0.09857006070068418,0.18200673643437668
/mnt/data/model-ckpts/sam/sam2-hiera-base-plus,ViT-B-16-SigLIP2,webli,0.9,0.7,"ThresholdGrid(conf=0.9,mask=0.7)",0.33142958069220185,0.7841348648071289,4.666015625,0.13570682173592427,0.12332439678284182,0.67828418230563,0.22788203753351208,25.15,0.0911911527844093,0.09857006070068418,0.18200673643437668
/mnt/data/model-ckpts/sam/sam2-hiera-base-plus,ViT-B-16-SigLIP2,webli,0.9,0.9,"ThresholdGrid(conf=0.9,mask=0.9)",0.3328952076844871,0.7841348648071289,4.666015625,0.13570682173592427,0.12332439678284182,0.67828418230563,0.22788203753351208,25.15,0.0911911527844093,0.09857006070068418,0.18200673643437668
/mnt/data/model-ckpts/sam/sam2-hiera-base-plus,ViT-L-16-SigLIP2-384,webli,0.5,0.5,"ThresholdGrid(conf=0.5,mask=0.5)",0.3834420396015048,1.7157378196716309,7.044921875,0.1529853062527055,0.13672922252010725,0.7917783735478106,0.28418230563002683,56.97,0.3378899333205443,0.10401001476397251,0.1908948077305823
/mnt/data/model-ckpts/sam/sam2-hiera-base-plus,ViT-L-16-SigLIP2-384,webli,0.5,0.7,"ThresholdGrid(conf=0.5,mask=0.7)",0.3759601595811546,1.7154650688171387,7.044921875,0.15429425079084166,0.13762287756925826,0.7640750670241286,0.2716711349419124,43.81,0.1538511095371221,0.10221116336343862,0.19243639844543955
/mnt/data/model-ckpts/sam/sam2-hiera-base-plus,ViT-L-16-SigLIP2-384,webli,0.5,0.9,"ThresholdGrid(conf=0.5,mask=0.9)",0.3367493790574372,1.715092658996582,7.044921875,0.15138838705827473,0.13762287756925826,0.67828418230563,0.257372654155496,25.15,0.0911911527844093,0.09837990444589663,0.20055502303231695
/mnt/data/model-ckpts/sam/sam2-hiera-base-plus,ViT-L-16-SigLIP2-384,webli,0.7,0.5,"ThresholdGrid(conf=0.7,mask=0.5)",0.3708600648678839,1.7154650688171387,7.044921875,0.15429425079084166,0.13762287756925826,0.7640750670241286,0.2716711349419124,43.81,0.1538511095371221,0.10221116336343862,0.19243639844543955
/mnt/data/model-ckpts/sam/sam2-hiera-base-plus,ViT-L-16-SigLIP2-384,webli,0.7,0.7,"ThresholdGrid(conf=0.7,mask=0.7)",0.3726378991268575,1.7154650688171387,7.044921875,0.15429425079084166,0.13762287756925826,0.7640750670241286,0.2716711349419124,43.81,0.1538511095371221,0.10221116336343862,0.19243639844543955
/mnt/data/model-ckpts/sam/sam2-hiera-base-plus,ViT-L-16-SigLIP2-384,webli,0.7,0.9,"ThresholdGrid(conf=0.7,mask=0.9)",0.3359037544578314,1.715092658996582,7.044921875,0.15138838705827473,0.13762287756925826,0.67828418230563,0.257372654155496,25.15,0.0911911527844093,0.09837990444589663,0.20055502303231695
/mnt/data/model-ckpts/sam/sam2-hiera-base-plus,ViT-L-16-SigLIP2-384,webli,0.9,0.5,"ThresholdGrid(conf=0.9,mask=0.5)",0.3422293975017965,1.715092658996582,7.044921875,0.15138838705827473,0.13762287756925826,0.67828418230563,0.257372654155496,25.15,0.0911911527844093,0.09837990444589663,0.20055502303231695
/mnt/data/model-ckpts/sam/sam2-hiera-base-plus,ViT-L-16-SigLIP2-384,webli,0.9,0.7,"ThresholdGrid(conf=0.9,mask=0.7)",0.3435262246057391,1.715092658996582,7.044921875,0.15138838705827473,0.13762287756925826,0.67828418230563,0.257372654155496,25.15,0.0911911527844093,0.09837990444589663,0.20055502303231695
/mnt/data/model-ckpts/sam/sam2-hiera-base-plus,ViT-L-16-SigLIP2-384,webli,0.9,0.9,"ThresholdGrid(conf=0.9,mask=0.9)",0.34521402325481176,1.715092658996582,7.044921875,0.15138838705827473,0.13762287756925826,0.67828418230563,0.257372654155496,25.15,0.0911911527844093,0.09837990444589663,0.20055502303231695
/mnt/data/model-ckpts/sam/sam2-hiera-base-plus,EVA02-B-16,merged2b_s8b_b131k,0.5,0.5,"ThresholdGrid(conf=0.5,mask=0.5)",0.361258122138679,0.35393667221069336,5.33203125,0.12171342961548297,0.11349419124218052,0.7917783735478106,0.22162645218945487,56.97,0.3378899333205443,0.1651743934543885,0.15918093822235416
/mnt/data/model-ckpts/sam/sam2-hiera-base-plus,EVA02-B-16,merged2b_s8b_b131k,0.5,0.7,"ThresholdGrid(conf=0.5,mask=0.7)",0.3510314645245671,0.35379934310913086,5.33203125,0.12633250064473525,0.11796246648793565,0.7640750670241286,0.21894548704200179,43.81,0.1538511095371221,0.16352918776712638,0.16918903062728277
/mnt/data/model-ckpts/sam/sam2-hiera-base-plus,EVA02-B-16,merged2b_s8b_b131k,0.5,0.9,"ThresholdGrid(conf=0.5,mask=0.9)",0.3307166905142367,0.3536081314086914,5.33203125,0.12747649201957556,0.11706881143878463,0.67828418230563,0.2162645218945487,25.15,0.0911911527844093,0.16021777502360143,0.17708251713344791
/mnt/data/model-ckpts/sam/sam2-hiera-base-plus,EVA02-B-16,merged2b_s8b_b131k,0.7,0.5,"ThresholdGrid(conf=0.7,mask=0.5)",0.3514490881934762,0.35379934310913086,5.33203125,0.12633250064473525,0.11796246648793565,0.7640750670241286,0.21894548704200179,43.81,0.1538511095371221,0.16352918776712638,0.16918903062728277
/mnt/data/model-ckpts/sam/sam2-hiera-base-plus,EVA02-B-16,merged2b_s8b_b131k,0.7,0.7,"ThresholdGrid(conf=0.7,mask=0.7)",0.35159334307536483,0.35379934310913086,5.33203125,0.12633250064473525,0.11796246648793565,0.7640750670241286,0.21894548704200179,43.81,0.1538511095371221,0.16352918776712638,0.16918903062728277
/mnt/data/model-ckpts/sam/sam2-hiera-base-plus,EVA02-B-16,merged2b_s8b_b131k,0.7,0.9,"ThresholdGrid(conf=0.7,mask=0.9)",0.33497521188110113,0.3536081314086914,5.33203125,0.12747649201957556,0.11706881143878463,0.67828418230563,0.2162645218945487,25.15,0.0911911527844093,0.16021777502360143,0.17708251713344791
/mnt/data/model-ckpts/sam/sam2-hiera-base-plus,EVA02-B-16,merged2b_s8b_b131k,0.9,0.5,"ThresholdGrid(conf=0.9,mask=0.5)",0.32497426960617304,0.3536081314086914,5.33203125,0.12747649201957556,0.11706881143878463,0.67828418230563,0.2162645218945487,25.15,0.0911911527844093,0.16021777502360143,0.17708251713344791
/mnt/data/model-ckpts/sam/sam2-hiera-base-plus,EVA02-B-16,merged2b_s8b_b131k,0.9,0.7,"ThresholdGrid(conf=0.9,mask=0.7)",0.32785801915451884,0.3536081314086914,5.33203125,0.12747649201957556,0.11706881143878463,0.67828418230563,0.2162645218945487,25.15,0.0911911527844093,0.16021777502360143,0.17708251713344791
/mnt/data/model-ckpts/sam/sam2-hiera-base-plus,EVA02-B-16,merged2b_s8b_b131k,0.9,0.9,"ThresholdGrid(conf=0.9,mask=0.9)",0.32678406685590744,0.3536081314086914,5.33203125,0.12747649201957556,0.11706881143878463,0.67828418230563,0.2162645218945487,25.15,0.0911911527844093,0.16021777502360143,0.17708251713344791
/mnt/data/model-ckpts/sam/sam2-hiera-base-plus,EVA02-L-14,merged2b_s4b_b131k,0.5,0.5,"ThresholdGrid(conf=0.5,mask=0.5)",0.3678324562497437,0.8756885528564453,10.076171875,0.1460446887985736,0.12511170688114387,0.7917783735478106,0.2761394101876676,56.97,0.3378899333205443,0.21082962198487556,0.17662082544411312
/mnt/data/model-ckpts/sam/sam2-hiera-base-plus,EVA02-L-14,merged2b_s4b_b131k,0.5,0.7,"ThresholdGrid(conf=0.5,mask=0.7)",0.36098352866247296,0.875483512878418,10.076171875,0.15225521435606953,0.13762287756925826,0.7640750670241286,0.26630920464700625,43.81,0.1538511095371221,0.20880328909801094,0.18718010953715755
/mnt/data/model-ckpts/sam/sam2-hiera-base-plus,EVA02-L-14,merged2b_s4b_b131k,0.5,0.9,"ThresholdGrid(conf=0.5,mask=0.9)",0.33167340559884906,0.8752017021179199,10.076171875,0.15199427151007305,0.13315460232350312,0.67828418230563,0.2520107238605898,25.15,0.0911911527844093,0.20523368784953058,0.1927643321960775
/mnt/data/model-ckpts/sam/sam2-hiera-base-plus,EVA02-L-14,merged2b_s4b_b131k,0.7,0.5,"ThresholdGrid(conf=0.7,mask=0.5)",0.3635981469415128,0.875483512878418,10.076171875,0.15225521435606953,0.13762287756925826,0.7640750670241286,0.26630920464700625,43.81,0.1538511095371221,0.20880328909801094,0.18718010953715755
/mnt/data/model-ckpts/sam/sam2-hiera-base-plus,EVA02-L-14,merged2b_s4b_b131k,0.7,0.7,"ThresholdGrid(conf=0.7,mask=0.7)",0.3550960775464773,0.875483512878418,10.076171875,0.15225521435606953,0.13762287756925826,0.7640750670241286,0.26630920464700625,43.81,0.1538511095371221,0.20880328909801094,0.18718010953715755
/mnt/data/model-ckpts/sam/sam2-hiera-base-plus,EVA02-L-14,merged2b_s4b_b131k,0.7,0.9,"ThresholdGrid(conf=0.7,mask=0.9)",0.331464852206409,0.8752017021179199,10.076171875,0.15199427151007305,0.13315460232350312,0.67828418230563,0.2520107238605898,25.15,0.0911911527844093,0.20523368784953058,0.1927643321960775
/mnt/data/model-ckpts/sam/sam2-hiera-base-plus,EVA02-L-14,merged2b_s4b_b131k,0.9,0.5,"ThresholdGrid(conf=0.9,mask=0.5)",0.3348156064748764,0.8752017021179199,10.076171875,0.15199427151007305,0.13315460232350312,0.67828418230563,0.2520107238605898,25.15,0.0911911527844093,0.20523368784953058,0.1927643321960775
/mnt/data/model-ckpts/sam/sam2-hiera-base-plus,EVA02-L-14,merged2b_s4b_b131k,0.9,0.7,"ThresholdGrid(conf=0.9,mask=0.7)",0.3318215790204704,0.8752017021179199,10.076171875,0.15199427151007305,0.13315460232350312,0.67828418230563,0.2520107238605898,25.15,0.0911911527844093,0.20523368784953058,0.1927643321960775
/mnt/data/model-ckpts/sam/sam2-hiera-base-plus,EVA02-L-14,merged2b_s4b_b131k,0.9,0.9,"ThresholdGrid(conf=0.9,mask=0.9)",0.3262169100344181,0.8752017021179199,10.076171875,0.15199427151007305,0.13315460232350312,0.67828418230563,0.2520107238605898,25.15,0.0911911527844093,0.20523368784953058,0.1927643321960775
/mnt/data/model-ckpts/sam/sam2-hiera-base-plus,ViT-H-14,dfn5b,0.5,0.5,"ThresholdGrid(conf=0.5,mask=0.5)",0.38136337883770466,2.0280280113220215,12.091796875,0.14965421237810522,0.14030384271671134,0.7917783735478106,0.26720285969615726,56.97,0.3378899333205443,0.23814258571977165,0.18573193162754642
/mnt/data/model-ckpts/sam/sam2-hiera-base-plus,ViT-H-14,dfn5b,0.5,0.7,"ThresholdGrid(conf=0.5,mask=0.7)",0.37524767918512225,2.0277552604675293,12.091796875,0.15185171182065918,0.14030384271671134,0.7640750670241286,0.26184092940125114,43.81,0.1538511095371221,0.23523804117942942,0.18987514825095958
/mnt/data/model-ckpts/sam/sam2-hiera-base-plus,ViT-H-14,dfn5b,0.5,0.9,"ThresholdGrid(conf=0.5,mask=0.9)",0.34252216340973973,2.0273828506469727,12.091796875,0.1560029184244891,0.1483467381590706,0.67828418230563,0.2555853440571939,25.15,0.0911911527844093,0.22833237312967167,0.20188033165382432
/mnt/data/model-ckpts/sam/sam2-hiera-base-plus,ViT-H-14,dfn5b,0.7,0.5,"ThresholdGrid(conf=0.7,mask=0.5)",0.3637980669736862,2.0277552604675293,12.091796875,0.15185171182065918,0.14030384271671134,0.7640750670241286,0.26184092940125114,43.81,0.1538511095371221,0.23523804117942942,0.18987514825095958
/mnt/data/model-ckpts/sam/sam2-hiera-base-plus,ViT-H-14,dfn5b,0.7,0.7,"ThresholdGrid(conf=0.7,mask=0.7)",0.37286383332684636,2.0277552604675293,12.091796875,0.15185171182065918,0.14030384271671134,0.7640750670241286,0.26184092940125114,43.81,0.1538511095371221,0.23523804117942942,0.18987514825095958
/mnt/data/model-ckpts/sam/sam2-hiera-base-plus,ViT-H-14,dfn5b,0.7,0.9,"ThresholdGrid(conf=0.7,mask=0.9)",0.33840002259239554,2.0273828506469727,12.091796875,0.1560029184244891,0.1483467381590706,0.67828418230563,0.2555853440571939,25.15,0.0911911527844093,0.22833237312967167,0.20188033165382432
/mnt/data/model-ckpts/sam/sam2-hiera-base-plus,ViT-H-14,dfn5b,0.9,0.5,"ThresholdGrid(conf=0.9,mask=0.5)",0.3452667221426964,2.0273828506469727,12.091796875,0.1560029184244891,0.1483467381590706,0.67828418230563,0.2555853440571939,25.15,0.0911911527844093,0.22833237312967167,0.20188033165382432
/mnt/data/model-ckpts/sam/sam2-hiera-base-plus,ViT-H-14,dfn5b,0.9,0.7,"ThresholdGrid(conf=0.9,mask=0.7)",0.34606643952429295,2.0273828506469727,12.091796875,0.1560029184244891,0.1483467381590706,0.67828418230563,0.2555853440571939,25.15,0.0911911527844093,0.22833237312967167,0.20188033165382432
/mnt/data/model-ckpts/sam/sam2-hiera-base-plus,ViT-H-14,dfn5b,0.9,0.9,"ThresholdGrid(conf=0.9,mask=0.9)",0.3429432585835457,2.0273828506469727,12.091796875,0.1560029184244891,0.1483467381590706,0.67828418230563,0.2555853440571939,25.15,0.0911911527844093,0.22833237312967167,0.20188033165382432
/mnt/data/model-ckpts/sam/sam2-hiera-base-plus,MobileCLIP-B,datacompdr,0.5,0.5,"ThresholdGrid(conf=0.5,mask=0.5)",0.36572875920683146,0.3549079895019531,4.466796875,0.15552920606609183,0.14119749776586238,0.7917783735478106,0.28865058087578194,56.97,0.3378899333205443,0.17772079835095717,0.19306475478837437
/mnt/data/model-ckpts/sam/sam2-hiera-base-plus,MobileCLIP-B,datacompdr,0.5,0.7,"ThresholdGrid(conf=0.5,mask=0.7)",0.3574992320500314,0.3547706604003906,4.466796875,0.1557528575475311,0.1385165326184093,0.7640750670241286,0.2761394101876676,43.81,0.1538511095371221,0.17515210419813365,0.19730168134983994
/mnt/data/model-ckpts/sam/sam2-hiera-base-plus,MobileCLIP-B,datacompdr,0.5,0.9,"ThresholdGrid(conf=0.5,mask=0.9)",0.3247172595001757,0.35457944869995117,4.466796875,0.16264480074242854,0.14924039320822163,0.67828418230563,0.2743521000893655,25.15,0.0911911527844093,0.16943980440484083,0.2108059662019377
/mnt/data/model-ckpts/sam/sam2-hiera-base-plus,MobileCLIP-B,datacompdr,0.7,0.5,"ThresholdGrid(conf=0.7,mask=0.5)",0.35282114753499627,0.3547706604003906,4.466796875,0.1557528575475311,0.1385165326184093,0.7640750670241286,0.2761394101876676,43.81,0.1538511095371221,0.17515210419813365,0.19730168134983994
/mnt/data/model-ckpts/sam/sam2-hiera-base-plus,MobileCLIP-B,datacompdr,0.7,0.7,"ThresholdGrid(conf=0.7,mask=0.7)",0.3468232275918126,0.3547706604003906,4.466796875,0.1557528575475311,0.1385165326184093,0.7640750670241286,0.2761394101876676,43.81,0.1538511095371221,0.17515210419813365,0.19730168134983994
/mnt/data/model-ckpts/sam/sam2-hiera-base-plus,MobileCLIP-B,datacompdr,0.7,0.9,"ThresholdGrid(conf=0.7,mask=0.9)",0.321580832824111,0.35457944869995117,4.466796875,0.16264480074242854,0.14924039320822163,0.67828418230563,0.2743521000893655,25.15,0.0911911527844093,0.16943980440484083,0.2108059662019377
/mnt/data/model-ckpts/sam/sam2-hiera-base-plus,MobileCLIP-B,datacompdr,0.9,0.5,"ThresholdGrid(conf=0.9,mask=0.5)",0.32234912971034646,0.35457944869995117,4.466796875,0.16264480074242854,0.14924039320822163,0.67828418230563,0.2743521000893655,25.15,0.0911911527844093,0.16943980440484083,0.2108059662019377
/mnt/data/model-ckpts/sam/sam2-hiera-base-plus,MobileCLIP-B,datacompdr,0.9,0.7,"ThresholdGrid(conf=0.9,mask=0.7)",0.3245731838978827,0.35457944869995117,4.466796875,0.16264480074242854,0.14924039320822163,0.67828418230563,0.2743521000893655,25.15,0.0911911527844093,0.16943980440484083,0.2108059662019377
/mnt/data/model-ckpts/sam/sam2-hiera-base-plus,MobileCLIP-B,datacompdr,0.9,0.9,"ThresholdGrid(conf=0.9,mask=0.9)",0.3275148058310151,0.35457944869995117,4.466796875,0.16264480074242854,0.14924039320822163,0.67828418230563,0.2743521000893655,25.15,0.0911911527844093,0.16943980440484083,0.2108059662019377
/mnt/data/model-ckpts/sam/sam2-hiera-base-plus,MobileCLIP2-S0,dfndr2b,0.5,0.5,"ThresholdGrid(conf=0.5,mask=0.5)",0.3595037735067308,0.21100711822509766,10.73046875,0.1519842222265859,0.1358355674709562,0.7917783735478106,0.2680965147453083,56.97,0.3378899333205443,0.23754564048830584,0.18926665430435338
/mnt/data/model-ckpts/sam/sam2-hiera-base-plus,MobileCLIP2-S0,dfndr2b,0.5,0.7,"ThresholdGrid(conf=0.5,mask=0.7)",0.3527178964577615,0.21086978912353516,10.73046875,0.15382967719210627,0.14298480786416443,0.7640750670241286,0.2555853440571939,43.81,0.1538511095371221,0.2351128825047274,0.19685998588225398
/mnt/data/model-ckpts/sam/sam2-hiera-base-plus,MobileCLIP2-S0,dfndr2b,0.5,0.9,"ThresholdGrid(conf=0.5,mask=0.9)",0.3244981379248202,0.2106785774230957,10.73046875,0.146098484413079,0.13672922252010725,0.67828418230563,0.23681858802502234,25.15,0.0911911527844093,0.23006481988234004,0.20033661287006782
/mnt/data/model-ckpts/sam/sam2-hiera-base-plus,MobileCLIP2-S0,dfndr2b,0.7,0.5,"ThresholdGrid(conf=0.7,mask=0.5)",0.35405814182013273,0.21086978912353516,10.73046875,0.15382967719210627,0.14298480786416443,0.7640750670241286,0.2555853440571939,43.81,0.1538511095371221,0.2351128825047274,0.19685998588225398
/mnt/data/model-ckpts/sam/sam2-hiera-base-plus,MobileCLIP2-S0,dfndr2b,0.7,0.7,"ThresholdGrid(conf=0.7,mask=0.7)",0.3495539491996169,0.21086978912353516,10.73046875,0.15382967719210627,0.14298480786416443,0.7640750670241286,0.2555853440571939,43.81,0.1538511095371221,0.2351128825047274,0.19685998588225398
/mnt/data/model-ckpts/sam/sam2-hiera-base-plus,MobileCLIP2-S0,dfndr2b,0.7,0.9,"ThresholdGrid(conf=0.7,mask=0.9)",0.32728562597185373,0.2106785774230957,10.73046875,0.146098484413079,0.13672922252010725,0.67828418230563,0.23681858802502234,25.15,0.0911911527844093,0.23006481988234004,0.20033661287006782
/mnt/data/model-ckpts/sam/sam2-hiera-base-plus,MobileCLIP2-S0,dfndr2b,0.9,0.5,"ThresholdGrid(conf=0.9,mask=0.5)",0.32908162800595164,0.2106785774230957,10.73046875,0.146098484413079,0.13672922252010725,0.67828418230563,0.23681858802502234,25.15,0.0911911527844093,0.23006481988234004,0.20033661287006782
/mnt/data/model-ckpts/sam/sam2-hiera-base-plus,MobileCLIP2-S0,dfndr2b,0.9,0.7,"ThresholdGrid(conf=0.9,mask=0.7)",0.3372248029336333,0.2106785774230957,10.73046875,0.146098484413079,0.13672922252010725,0.67828418230563,0.23681858802502234,25.15,0.0911911527844093,0.23006481988234004,0.20033661287006782
/mnt/data/model-ckpts/sam/sam2-hiera-base-plus,MobileCLIP2-S0,dfndr2b,0.9,0.9,"ThresholdGrid(conf=0.9,mask=0.9)",0.32389791682362556,0.2106785774230957,10.73046875,0.146098484413079,0.13672922252010725,0.67828418230563,0.23681858802502234,25.15,0.0911911527844093,0.23006481988234004,0.20033661287006782
/mnt/data/model-ckpts/sam/sam2-hiera-base-plus,MobileCLIP2-S2,dfndr2b,0.5,0.5,"ThresholdGrid(conf=0.5,mask=0.5)",0.36614420590922236,0.2593855857849121,13.357421875,0.1569064733185633,0.14655942806076855,0.7917783735478106,0.2743521000893655,56.97,0.3378899333205443,0.26089773526193843,0.19658587033779926
/mnt/data/model-ckpts/sam/sam2-hiera-base-plus,MobileCLIP2-S2,dfndr2b,0.5,0.7,"ThresholdGrid(conf=0.5,mask=0.7)",0.35250057000666857,0.2592482566833496,13.357421875,0.1553010748233436,0.1447721179624665,0.7640750670241286,0.26005361930294907,43.81,0.1538511095371221,0.25801502244082597,0.2038118718290597
/mnt/data/model-ckpts/sam/sam2-hiera-base-plus,MobileCLIP2-S2,dfndr2b,0.5,0.9,"ThresholdGrid(conf=0.5,mask=0.9)",0.32529275165870786,0.25905704498291016,13.357421875,0.1552031178360968,0.14387846291331546,0.67828418230563,0.257372654155496,25.15,0.0911911527844093,0.25202769100985645,0.20636607538008037
/mnt/data/model-ckpts/sam/sam2-hiera-base-plus,MobileCLIP2-S2,dfndr2b,0.7,0.5,"ThresholdGrid(conf=0.7,mask=0.5)",0.3588142595253885,0.2592482566833496,13.357421875,0.1553010748233436,0.1447721179624665,0.7640750670241286,0.26005361930294907,43.81,0.1538511095371221,0.25801502244082597,0.2038118718290597
/mnt/data/model-ckpts/sam/sam2-hiera-base-plus,MobileCLIP2-S2,dfndr2b,0.7,0.7,"ThresholdGrid(conf=0.7,mask=0.7)",0.3555180015973747,0.2592482566833496,13.357421875,0.1553010748233436,0.1447721179624665,0.7640750670241286,0.26005361930294907,43.81,0.1538511095371221,0.25801502244082597,0.2038118718290597
/mnt/data/model-ckpts/sam/sam2-hiera-base-plus,MobileCLIP2-S2,dfndr2b,0.7,0.9,"ThresholdGrid(conf=0.7,mask=0.9)",0.33247183077037334,0.25905704498291016,13.357421875,0.1552031178360968,0.14387846291331546,0.67828418230563,0.257372654155496,25.15,0.0911911527844093,0.25202769100985645,0.20636607538008037
/mnt/data/model-ckpts/sam/sam2-hiera-base-plus,MobileCLIP2-S2,dfndr2b,0.9,0.5,"ThresholdGrid(conf=0.9,mask=0.5)",0.3267651773057878,0.25905704498291016,13.357421875,0.1552031178360968,0.14387846291331546,0.67828418230563,0.257372654155496,25.15,0.0911911527844093,0.25202769100985645,0.20636607538008037
/mnt/data/model-ckpts/sam/sam2-hiera-base-plus,MobileCLIP2-S2,dfndr2b,0.9,0.7,"ThresholdGrid(conf=0.9,mask=0.7)",0.3280786471441388,0.25905704498291016,13.357421875,0.1552031178360968,0.14387846291331546,0.67828418230563,0.257372654155496,25.15,0.0911911527844093,0.25202769100985645,0.20636607538008037
/mnt/data/model-ckpts/sam/sam2-hiera-base-plus,MobileCLIP2-S2,dfndr2b,0.9,0.9,"ThresholdGrid(conf=0.9,mask=0.9)",0.3263417351990938,0.25905704498291016,13.357421875,0.1552031178360968,0.14387846291331546,0.67828418230563,0.257372654155496,25.15,0.0911911527844093,0.25202769100985645,0.20636607538008037
/mnt/data/model-ckpts/sam/sam2-hiera-base-plus,MobileCLIP2-B,dfndr2b,0.5,0.5,"ThresholdGrid(conf=0.5,mask=0.5)",0.35984994377940893,0.3549079895019531,4.466796875,0.15085955107462573,0.13941018766756033,0.7917783735478106,0.2716711349419124,56.97,0.3378899333205443,0.2609397371476841,0.19645442682383124
/mnt/data/model-ckpts/sam/sam2-hiera-base-plus,MobileCLIP2-B,dfndr2b,0.5,0.7,"ThresholdGrid(conf=0.5,mask=0.7)",0.3573436546139419,0.3547706604003906,4.466796875,0.15271662113884119,0.14298480786416443,0.7640750670241286,0.26184092940125114,43.81,0.1538511095371221,0.2575084528318998,0.20263269341409107
/mnt/data/model-ckpts/sam/sam2-hiera-base-plus,MobileCLIP2-B,dfndr2b,0.5,0.9,"ThresholdGrid(conf=0.5,mask=0.9)",0.33218333264812827,0.35457944869995117,4.466796875,0.14923906428857447,0.13941018766756033,0.67828418230563,0.2448614834673816,25.15,0.0911911527844093,0.2504660963506119,0.2078010087860613
/mnt/data/model-ckpts/sam/sam2-hiera-base-plus,MobileCLIP2-B,dfndr2b,0.7,0.5,"ThresholdGrid(conf=0.7,mask=0.5)",0.36379786441102624,0.3547706604003906,4.466796875,0.15271662113884119,0.14298480786416443,0.7640750670241286,0.26184092940125114,43.81,0.1538511095371221,0.2575084528318998,0.20263269341409107
/mnt/data/model-ckpts/sam/sam2-hiera-base-plus,MobileCLIP2-B,dfndr2b,0.7,0.7,"ThresholdGrid(conf=0.7,mask=0.7)",0.3512077173218131,0.3547706604003906,4.466796875,0.15271662113884119,0.14298480786416443,0.7640750670241286,0.26184092940125114,43.81,0.1538511095371221,0.2575084528318998,0.20263269341409107
/mnt/data/model-ckpts/sam/sam2-hiera-base-plus,MobileCLIP2-B,dfndr2b,0.7,0.9,"ThresholdGrid(conf=0.7,mask=0.9)",0.3264322318136692,0.35457944869995117,4.466796875,0.14923906428857447,0.13941018766756033,0.67828418230563,0.2448614834673816,25.15,0.0911911527844093,0.2504660963506119,0.2078010087860613
/mnt/data/model-ckpts/sam/sam2-hiera-base-plus,MobileCLIP2-B,dfndr2b,0.9,0.5,"ThresholdGrid(conf=0.9,mask=0.5)",0.3292936272919178,0.35457944869995117,4.466796875,0.14923906428857447,0.13941018766756033,0.67828418230563,0.2448614834673816,25.15,0.0911911527844093,0.2504660963506119,0.2078010087860613
/mnt/data/model-ckpts/sam/sam2-hiera-base-plus,MobileCLIP2-B,dfndr2b,0.9,0.7,"ThresholdGrid(conf=0.9,mask=0.7)",0.3235015505924821,0.35457944869995117,4.466796875,0.14923906428857447,0.13941018766756033,0.67828418230563,0.2448614834673816,25.15,0.0911911527844093,0.2504660963506119,0.2078010087860613
/mnt/data/model-ckpts/sam/sam2-hiera-base-plus,MobileCLIP2-B,dfndr2b,0.9,0.9,"ThresholdGrid(conf=0.9,mask=0.9)",0.3301496687345207,0.35457944869995117,4.466796875,0.14923906428857447,0.13941018766756033,0.67828418230563,0.2448614834673816,25.15,0.0911911527844093,0.2504660963506119,0.2078010087860613
/mnt/data/model-ckpts/sam/sam2-hiera-large,ViT-B-32,laion2b_s34b_b79k,0.5,0.5,"ThresholdGrid(conf=0.5,mask=0.5)",0.381117828655988,0.40982627868652344,2.044921875,0.12845605666457943,0.12064343163538874,0.7694369973190348,0.2225201072386059,50.65,0.37638341961627586,0.2648175886638256,0.16016360563094661
/mnt/data/model-ckpts/sam/sam2-hiera-large,ViT-B-32,laion2b_s34b_b79k,0.5,0.7,"ThresholdGrid(conf=0.5,mask=0.7)",0.3697513695806265,0.4097270965576172,2.044921875,0.1384058909202815,0.13136729222520108,0.7408400357462019,0.22609472743521,37.78,0.16470931473174694,0.26272136172724153,0.17312068303910325
/mnt/data/model-ckpts/sam/sam2-hiera-large,ViT-B-32,laion2b_s34b_b79k,0.5,0.9,"ThresholdGrid(conf=0.5,mask=0.9)",0.326097896322608,0.40955638885498047,2.044921875,0.13106799876149508,0.12779267202859695,0.6210902591599643,0.21447721179624665,20.31,0.09413742975604121,0.25710069973411254,0.18213016369575658
/mnt/data/model-ckpts/sam/sam2-hiera-large,ViT-B-32,laion2b_s34b_b79k,0.7,0.5,"ThresholdGrid(conf=0.7,mask=0.5)",0.36546468967571855,0.4097270965576172,2.044921875,0.1384058909202815,0.13136729222520108,0.7408400357462019,0.22609472743521,37.78,0.16470931473174694,0.26272136172724153,0.17312068303910325
/mnt/data/model-ckpts/sam/sam2-hiera-large,ViT-B-32,laion2b_s34b_b79k,0.7,0.7,"ThresholdGrid(conf=0.7,mask=0.7)",0.3685791604220867,0.4097270965576172,2.044921875,0.1384058909202815,0.13136729222520108,0.7408400357462019,0.22609472743521,37.78,0.16470931473174694,0.26272136172724153,0.17312068303910325
/mnt/data/model-ckpts/sam/sam2-hiera-large,ViT-B-32,laion2b_s34b_b79k,0.7,0.9,"ThresholdGrid(conf=0.7,mask=0.9)",0.32047068933025,0.40955638885498047,2.044921875,0.13106799876149508,0.12779267202859695,0.6210902591599643,0.21447721179624665,20.31,0.09413742975604121,0.25710069973411254,0.18213016369575658
/mnt/data/model-ckpts/sam/sam2-hiera-large,ViT-B-32,laion2b_s34b_b79k,0.9,0.5,"ThresholdGrid(conf=0.9,mask=0.5)",0.329720308072865,0.40955638885498047,2.044921875,0.13106799876149508,0.12779267202859695,0.6210902591599643,0.21447721179624665,20.31,0.09413742975604121,0.25710069973411254,0.18213016369575658
/mnt/data/model-ckpts/sam/sam2-hiera-large,ViT-B-32,laion2b_s34b_b79k,0.9,0.7,"ThresholdGrid(conf=0.9,mask=0.7)",0.31950282165780663,0.40955638885498047,2.044921875,0.13106799876149508,0.12779267202859695,0.6210902591599643,0.21447721179624665,20.31,0.09413742975604121,0.25710069973411254,0.18213016369575658
/mnt/data/model-ckpts/sam/sam2-hiera-large,ViT-B-32,laion2b_s34b_b79k,0.9,0.9,"ThresholdGrid(conf=0.9,mask=0.9)",0.31644828617572784,0.40955638885498047,2.044921875,0.13106799876149508,0.12779267202859695,0.6210902591599643,0.21447721179624665,20.31,0.09413742975604121,0.25710069973411254,0.18213016369575658
/mnt/data/model-ckpts/sam/sam2-hiera-large,ViT-B-32,datacomp_xl_s13b_b90k,0.5,0.5,"ThresholdGrid(conf=0.5,mask=0.5)",0.383805469609797,0.40982627868652344,2.044921875,0.1384728716498154,0.13136729222520108,0.7694369973190348,0.24128686327077747,50.65,0.37638341961627586,0.21299001635772186,0.1597261049220068
/mnt/data/model-ckpts/sam/sam2-hiera-large,ViT-B-32,datacomp_xl_s13b_b90k,0.5,0.7,"ThresholdGrid(conf=0.5,mask=0.7)",0.36930350586771965,0.4097270965576172,2.044921875,0.13768996572168782,0.13136729222520108,0.7408400357462019,0.22609472743521,37.78,0.16470931473174694,0.21052461561611233,0.16895817473895866
/mnt/data/model-ckpts/sam/sam2-hiera-large,ViT-B-32,datacomp_xl_s13b_b90k,0.5,0.9,"ThresholdGrid(conf=0.5,mask=0.9)",0.3329019877128303,0.40955638885498047,2.044921875,0.13342737367850052,0.128686327077748,0.6210902591599643,0.21805183199285075,20.31,0.09413742975604121,0.20453061491011296,0.1788643712148695
/mnt/data/model-ckpts/sam/sam2-hiera-large,ViT-B-32,datacomp_xl_s13b_b90k,0.7,0.5,"ThresholdGrid(conf=0.7,mask=0.5)",0.3675686311908066,0.4097270965576172,2.044921875,0.13768996572168782,0.13136729222520108,0.7408400357462019,0.22609472743521,37.78,0.16470931473174694,0.21052461561611233,0.16895817473895866
/mnt/data/model-ckpts/sam/sam2-hiera-large,ViT-B-32,datacomp_xl_s13b_b90k,0.7,0.7,"ThresholdGrid(conf=0.7,mask=0.7)",0.3699887846596539,0.4097270965576172,2.044921875,0.13768996572168782,0.13136729222520108,0.7408400357462019,0.22609472743521,37.78,0.16470931473174694,0.21052461561611233,0.16895817473895866
/mnt/data/model-ckpts/sam/sam2-hiera-large,ViT-B-32,datacomp_xl_s13b_b90k,0.7,0.9,"ThresholdGrid(conf=0.7,mask=0.9)",0.32194772036746144,0.40955638885498047,2.044921875,0.13342737367850052,0.128686327077748,0.6210902591599643,0.21805183199285075,20.31,0.09413742975604121,0.20453061491011296,0.1788643712148695
/mnt/data/model-ckpts/sam/sam2-hiera-large,ViT-B-32,datacomp_xl_s13b_b90k,0.9,0.5,"ThresholdGrid(conf=0.9,mask=0.5)",0.3166397335007787,0.40955638885498047,2.044921875,0.13342737367850052,0.128686327077748,0.6210902591599643,0.21805183199285075,20.31,0.09413742975604121,0.20453061491011296,0.1788643712148695
/mnt/data/model-ckpts/sam/sam2-hiera-large,ViT-B-32,datacomp_xl_s13b_b90k,0.9,0.7,"ThresholdGrid(conf=0.9,mask=0.7)",0.31970652751624584,0.40955638885498047,2.044921875,0.13342737367850052,0.128686327077748,0.6210902591599643,0.21805183199285075,20.31,0.09413742975604121,0.20453061491011296,0.1788643712148695
/mnt/data/model-ckpts/sam/sam2-hiera-large,ViT-B-32,datacomp_xl_s13b_b90k,0.9,0.9,"ThresholdGrid(conf=0.9,mask=0.9)",0.3213796322233975,0.40955638885498047,2.044921875,0.13342737367850052,0.128686327077748,0.6210902591599643,0.21805183199285075,20.31,0.09413742975604121,0.20453061491011296,0.1788643712148695
/mnt/data/model-ckpts/sam/sam2-hiera-large,ViT-B-16,laion2b_s34b_b88k,0.5,0.5,"ThresholdGrid(conf=0.5,mask=0.5)",0.3815558645874262,0.4104909896850586,3.5703125,0.1377027371632169,0.1224307417336908,0.7694369973190348,0.2484361036639857,50.65,0.37638341961627586,0.24007266181936426,0.15914580318389798
/mnt/data/model-ckpts/sam/sam2-hiera-large,ViT-B-16,laion2b_s34b_b88k,0.5,0.7,"ThresholdGrid(conf=0.5,mask=0.7)",0.36654080962762237,0.41039180755615234,3.5703125,0.13928546578892212,0.12779267202859695,0.7408400357462019,0.2359249329758713,37.78,0.16470931473174694,0.23742868411050938,0.16902184796659075
/mnt/data/model-ckpts/sam/sam2-hiera-large,ViT-B-16,laion2b_s34b_b88k,0.5,0.9,"ThresholdGrid(conf=0.5,mask=0.9)",0.32543519511818886,0.4102210998535156,3.5703125,0.136443071052323,0.13047363717605004,0.6210902591599643,0.21805183199285075,20.31,0.09413742975604121,0.2325662639228439,0.1777080050910859
/mnt/data/model-ckpts/sam/sam2-hiera-large,ViT-B-16,laion2b_s34b_b88k,0.7,0.5,"ThresholdGrid(conf=0.7,mask=0.5)",0.37209733156487346,0.41039180755615234,3.5703125,0.13928546578892212,0.12779267202859695,0.7408400357462019,0.2359249329758713,37.78,0.16470931473174694,0.23742868411050938,0.16902184796659075
/mnt/data/model-ckpts/sam/sam2-hiera-large,ViT-B-16,laion2b_s34b_b88k,0.7,0.7,"ThresholdGrid(conf=0.7,mask=0.7)",0.36459588911384344,0.41039180755615234,3.5703125,0.13928546578892212,0.12779267202859695,0.7408400357462019,0.2359249329758713,37.78,0.16470931473174694,0.23742868411050938,0.16902184796659075
/mnt/data/model-ckpts/sam/sam2-hiera-large,ViT-B-16,laion2b_s34b_b88k,0.7,0.9,"ThresholdGrid(conf=0.7,mask=0.9)",0.3251233813352883,0.4102210998535156,3.5703125,0.136443071052323,0.13047363717605004,0.6210902591599643,0.21805183199285075,20.31,0.09413742975604121,0.2325662639228439,0.1777080050910859
/mnt/data/model-ckpts/sam/sam2-hiera-large,ViT-B-16,laion2b_s34b_b88k,0.9,0.5,"ThresholdGrid(conf=0.9,mask=0.5)",0.3170078806579113,0.4102210998535156,3.5703125,0.136443071052323,0.13047363717605004,0.6210902591599643,0.21805183199285075,20.31,0.09413742975604121,0.2325662639228439,0.1777080050910859
/mnt/data/model-ckpts/sam/sam2-hiera-large,ViT-B-16,laion2b_s34b_b88k,0.9,0.7,"ThresholdGrid(conf=0.9,mask=0.7)",0.320971398614347,0.4102210998535156,3.5703125,0.136443071052323,0.13047363717605004,0.6210902591599643,0.21805183199285075,20.31,0.09413742975604121,0.2325662639228439,0.1777080050910859
/mnt/data/model-ckpts/sam/sam2-hiera-large,ViT-B-16,laion2b_s34b_b88k,0.9,0.9,"ThresholdGrid(conf=0.9,mask=0.9)",0.3232178697362542,0.4102210998535156,3.5703125,0.136443071052323,0.13047363717605004,0.6210902591599643,0.21805183199285075,20.31,0.09413742975604121,0.2325662639228439,0.1777080050910859
/mnt/data/model-ckpts/sam/sam2-hiera-large,ViT-B-16-SigLIP,webli,0.5,0.5,"ThresholdGrid(conf=0.5,mask=0.5)",0.3758692950941622,0.46268653869628906,3.310546875,0.14049600535414833,0.128686327077748,0.7694369973190348,0.2537980339588919,50.65,0.37638341961627586,0.0775355991596977,0.175955106459856
/mnt/data/model-ckpts/sam/sam2-hiera-large,ViT-B-16-SigLIP,webli,0.5,0.7,"ThresholdGrid(conf=0.5,mask=0.7)",0.3713488532230258,0.4625387191772461,3.310546875,0.14612526931988581,0.13404825737265416,0.7408400357462019,0.2511170688114388,37.78,0.16470931473174694,0.07584090839398956,0.1812290719844507
/mnt/data/model-ckpts/sam/sam2-hiera-large,ViT-B-16-SigLIP,webli,0.5,0.9,"ThresholdGrid(conf=0.5,mask=0.9)",0.326900202780962,0.46228790283203125,3.310546875,0.14299990561637785,0.128686327077748,0.6210902591599643,0.2359249329758713,20.31,0.09413742975604121,0.07101632880839295,0.18594124854306807
/mnt/data/model-ckpts/sam/sam2-hiera-large,ViT-B-16-SigLIP,webli,0.7,0.5,"ThresholdGrid(conf=0.7,mask=0.5)",0.3622472542338073,0.4625387191772461,3.310546875,0.14612526931988581,0.13404825737265416,0.7408400357462019,0.2511170688114388,37.78,0.16470931473174694,0.07584090839398956,0.1812290719844507
/mnt/data/model-ckpts/sam/sam2-hiera-large,ViT-B-16-SigLIP,webli,0.7,0.7,"ThresholdGrid(conf=0.7,mask=0.7)",0.3670204756781459,0.4625387191772461,3.310546875,0.14612526931988581,0.13404825737265416,0.7408400357462019,0.2511170688114388,37.78,0.16470931473174694,0.07584090839398956,0.1812290719844507
/mnt/data/model-ckpts/sam/sam2-hiera-large,ViT-B-16-SigLIP,webli,0.7,0.9,"ThresholdGrid(conf=0.7,mask=0.9)",0.32764673000201583,0.46228790283203125,3.310546875,0.14299990561637785,0.128686327077748,0.6210902591599643,0.2359249329758713,20.31,0.09413742975604121,0.07101632880839295,0.18594124854306807
/mnt/data/model-ckpts/sam/sam2-hiera-large,ViT-B-16-SigLIP,webli,0.9,0.5,"ThresholdGrid(conf=0.9,mask=0.5)",0.3287154296413064,0.46228790283203125,3.310546875,0.14299990561637785,0.128686327077748,0.6210902591599643,0.2359249329758713,20.31,0.09413742975604121,0.07101632880839295,0.18594124854306807
/mnt/data/model-ckpts/sam/sam2-hiera-large,ViT-B-16-SigLIP,webli,0.9,0.7,"ThresholdGrid(conf=0.9,mask=0.7)",0.3239422058686614,0.46228790283203125,3.310546875,0.14299990561637785,0.128686327077748,0.6210902591599643,0.2359249329758713,20.31,0.09413742975604121,0.07101632880839295,0.18594124854306807
/mnt/data/model-ckpts/sam/sam2-hiera-large,ViT-B-16-SigLIP,webli,0.9,0.9,"ThresholdGrid(conf=0.9,mask=0.9)",0.3326727217063308,0.46228790283203125,3.310546875,0.14299990561637785,0.128686327077748,0.6210902591599643,0.2359249329758713,20.31,0.09413742975604121,0.07101632880839295,0.18594124854306807
/mnt/data/model-ckpts/sam/sam2-hiera-large,ViT-L-14,laion2b_s32b_b82k,0.5,0.5,"ThresholdGrid(conf=0.5,mask=0.5)",0.3904655878432095,0.9584693908691406,6.607421875,0.1375650517462583,0.12421805183199285,0.7694369973190348,0.2520107238605898,50.65,0.37638341961627586,0.2603719303046517,0.1641423642391951
/mnt/data/model-ckpts/sam/sam2-hiera-large,ViT-L-14,laion2b_s32b_b82k,0.5,0.7,"ThresholdGrid(conf=0.5,mask=0.7)",0.3738886979408562,0.9583215713500977,6.607421875,0.14499239192088206,0.13494191242180517,0.7408400357462019,0.2511170688114388,37.78,0.16470931473174694,0.2573789493700987,0.17760954919037716
/mnt/data/model-ckpts/sam/sam2-hiera-large,ViT-L-14,laion2b_s32b_b82k,0.5,0.9,"ThresholdGrid(conf=0.5,mask=0.9)",0.33566181315109134,0.9580707550048828,6.607421875,0.14212430968867956,0.13494191242180517,0.6210902591599643,0.23324396782841822,20.31,0.09413742975604121,0.2503826806889356,0.18933709990973926
/mnt/data/model-ckpts/sam/sam2-hiera-large,ViT-L-14,laion2b_s32b_b82k,0.7,0.5,"ThresholdGrid(conf=0.7,mask=0.5)",0.37274697329849005,0.9583215713500977,6.607421875,0.14499239192088206,0.13494191242180517,0.7408400357462019,0.2511170688114388,37.78,0.16470931473174694,0.2573789493700987,0.17760954919037716
/mnt/data/model-ckpts/sam/sam2-hiera-large,ViT-L-14,laion2b_s32b_b82k,0.7,0.7,"ThresholdGrid(conf=0.7,mask=0.7)",0.3799404273740947,0.9583215713500977,6.607421875,0.14499239192088206,0.13494191242180517,0.7408400357462019,0.2511170688114388,37.78,0.16470931473174694,0.2573789493700987,0.17760954919037716
/mnt/data/model-ckpts/sam/sam2-hiera-large,ViT-L-14,laion2b_s32b_b82k,0.7,0.9,"ThresholdGrid(conf=0.7,mask=0.9)",0.33304684795439243,0.9580707550048828,6.607421875,0.14212430968867956,0.13494191242180517,0.6210902591599643,0.23324396782841822,20.31,0.09413742975604121,0.2503826806889356,0.18933709990973926
/mnt/data/model-ckpts/sam/sam2-hiera-large,ViT-L-14,laion2b_s32b_b82k,0.9,0.5,"ThresholdGrid(conf=0.9,mask=0.5)",0.340209633577615,0.9580707550048828,6.607421875,0.14212430968867956,0.13494191242180517,0.6210902591599643,0.23324396782841822,20.31,0.09413742975604121,0.2503826806889356,0.18933709990973926
/mnt/data/model-ckpts/sam/sam2-hiera-large,ViT-L-14,laion2b_s32b_b82k,0.9,0.7,"ThresholdGrid(conf=0.9,mask=0.7)",0.3424722864292562,0.9580707550048828,6.607421875,0.14212430968867956,0.13494191242180517,0.6210902591599643,0.23324396782841822,20.31,0.09413742975604121,0.2503826806889356,0.18933709990973926
/mnt/data/model-ckpts/sam/sam2-hiera-large,ViT-L-14,laion2b_s32b_b82k,0.9,0.9,"ThresholdGrid(conf=0.9,mask=0.9)",0.3344017523340881,0.9580707550048828,6.607421875,0.14212430968867956,0.13494191242180517,0.6210902591599643,0.23324396782841822,20.31,0.09413742975604121,0.2503826806889356,0.18933709990973926
/mnt/data/model-ckpts/sam/sam2-hiera-large,ViT-L-14,dfn2b,0.5,0.5,"ThresholdGrid(conf=0.5,mask=0.5)",0.38131154142320156,0.9584693908691406,6.607421875,0.1593587985879091,0.15370866845397677,0.7694369973190348,0.2707774798927614,50.65,0.37638341961627586,0.21014952703551376,0.189534156366138
/mnt/data/model-ckpts/sam/sam2-hiera-large,ViT-L-14,dfn2b,0.5,0.7,"ThresholdGrid(conf=0.5,mask=0.7)",0.3742934996262193,0.9583215713500977,6.607421875,0.15589748038156798,0.15192135835567472,0.7408400357462019,0.2537980339588919,37.78,0.16470931473174694,0.20755846778445206,0.19907874374083853
/mnt/data/model-ckpts/sam/sam2-hiera-large,ViT-L-14,dfn2b,0.5,0.9,"ThresholdGrid(conf=0.5,mask=0.9)",0.33520294120535254,0.9580707550048828,6.607421875,0.15561275626559914,0.15638963360142985,0.6210902591599643,0.2386058981233244,20.31,0.09413742975604121,0.2015957813360416,0.21124523066034667
/mnt/data/model-ckpts/sam/sam2-hiera-large,ViT-L-14,dfn2b,0.7,0.5,"ThresholdGrid(conf=0.7,mask=0.5)",0.3780653025023639,0.9583215713500977,6.607421875,0.15589748038156798,0.15192135835567472,0.7408400357462019,0.2537980339588919,37.78,0.16470931473174694,0.20755846778445206,0.19907874374083853
/mnt/data/model-ckpts/sam/sam2-hiera-large,ViT-L-14,dfn2b,0.7,0.7,"ThresholdGrid(conf=0.7,mask=0.7)",0.3718645637854934,0.9583215713500977,6.607421875,0.15589748038156798,0.15192135835567472,0.7408400357462019,0.2537980339588919,37.78,0.16470931473174694,0.20755846778445206,0.19907874374083853
/mnt/data/model-ckpts/sam/sam2-hiera-large,ViT-L-14,dfn2b,0.7,0.9,"ThresholdGrid(conf=0.7,mask=0.9)",0.33200056524947286,0.9580707550048828,6.607421875,0.15561275626559914,0.15638963360142985,0.6210902591599643,0.2386058981233244,20.31,0.09413742975604121,0.2015957813360416,0.21124523066034667
/mnt/data/model-ckpts/sam/sam2-hiera-large,ViT-L-14,dfn2b,0.9,0.5,"ThresholdGrid(conf=0.9,mask=0.5)",0.3348235855810344,0.9580707550048828,6.607421875,0.15561275626559914,0.15638963360142985,0.6210902591599643,0.2386058981233244,20.31,0.09413742975604121,0.2015957813360416,0.21124523066034667
/mnt/data/model-ckpts/sam/sam2-hiera-large,ViT-L-14,dfn2b,0.9,0.7,"ThresholdGrid(conf=0.9,mask=0.7)",0.33665090799331665,0.9580707550048828,6.607421875,0.15561275626559914,0.15638963360142985,0.6210902591599643,0.2386058981233244,20.31,0.09413742975604121,0.2015957813360416,0.21124523066034667
/mnt/data/model-ckpts/sam/sam2-hiera-large,ViT-L-14,dfn2b,0.9,0.9,"ThresholdGrid(conf=0.9,mask=0.9)",0.3364818124100566,0.9580707550048828,6.607421875,0.15561275626559914,0.15638963360142985,0.6210902591599643,0.2386058981233244,20.31,0.09413742975604121,0.2015957813360416,0.21124523066034667
/mnt/data/model-ckpts/sam/sam2-hiera-large,ViT-L-14,datacomp_xl_s13b_b90k,0.5,0.5,"ThresholdGrid(conf=0.5,mask=0.5)",0.38261310663074255,0.9584693908691406,6.607421875,0.1453462128885375,0.13672922252010725,0.7694369973190348,0.2546916890080429,50.65,0.37638341961627586,0.19800545530888095,0.17341668639904523
/mnt/data/model-ckpts/sam/sam2-hiera-large,ViT-L-14,datacomp_xl_s13b_b90k,0.5,0.7,"ThresholdGrid(conf=0.5,mask=0.7)",0.37542307283729315,0.9583215713500977,6.607421875,0.14226240179217103,0.1322609472743521,0.7408400357462019,0.24396782841823056,37.78,0.16470931473174694,0.19413157870079173,0.18244952552809054
/mnt/data/model-ckpts/sam/sam2-hiera-large,ViT-L-14,datacomp_xl_s13b_b90k,0.5,0.9,"ThresholdGrid(conf=0.5,mask=0.9)",0.33156010787934065,0.9580707550048828,6.607421875,0.13002355111530406,0.12064343163538874,0.6210902591599643,0.21894548704200179,20.31,0.09413742975604121,0.1865844453574292,0.18441883182867266
/mnt/data/model-ckpts/sam/sam2-hiera-large,ViT-L-14,datacomp_xl_s13b_b90k,0.7,0.5,"ThresholdGrid(conf=0.7,mask=0.5)",0.3704228764399886,0.9583215713500977,6.607421875,0.14226240179217103,0.1322609472743521,0.7408400357462019,0.24396782841823056,37.78,0.16470931473174694,0.19413157870079173,0.18244952552809054
/mnt/data/model-ckpts/sam/sam2-hiera-large,ViT-L-14,datacomp_xl_s13b_b90k,0.7,0.7,"ThresholdGrid(conf=0.7,mask=0.7)",0.37690988276153803,0.9583215713500977,6.607421875,0.14226240179217103,0.1322609472743521,0.7408400357462019,0.24396782841823056,37.78,0.16470931473174694,0.19413157870079173,0.18244952552809054
/mnt/data/model-ckpts/sam/sam2-hiera-large,ViT-L-14,datacomp_xl_s13b_b90k,0.7,0.9,"ThresholdGrid(conf=0.7,mask=0.9)",0.32710582949221134,0.9580707550048828,6.607421875,0.13002355111530406,0.12064343163538874,0.6210902591599643,0.21894548704200179,20.31,0.09413742975604121,0.1865844453574292,0.18441883182867266
/mnt/data/model-ckpts/sam/sam2-hiera-large,ViT-L-14,datacomp_xl_s13b_b90k,0.9,0.5,"ThresholdGrid(conf=0.9,mask=0.5)",0.3269072878174484,0.9580707550048828,6.607421875,0.13002355111530406,0.12064343163538874,0.6210902591599643,0.21894548704200179,20.31,0.09413742975604121,0.1865844453574292,0.18441883182867266
/mnt/data/model-ckpts/sam/sam2-hiera-large,ViT-L-14,datacomp_xl_s13b_b90k,0.9,0.7,"ThresholdGrid(conf=0.9,mask=0.7)",0.32648482359945774,0.9580707550048828,6.607421875,0.13002355111530406,0.12064343163538874,0.6210902591599643,0.21894548704200179,20.31,0.09413742975604121,0.1865844453574292,0.18441883182867266
/mnt/data/model-ckpts/sam/sam2-hiera-large,ViT-L-14,datacomp_xl_s13b_b90k,0.9,0.9,"ThresholdGrid(conf=0.9,mask=0.9)",0.330824984703213,0.9580707550048828,6.607421875,0.13002355111530406,0.12064343163538874,0.6210902591599643,0.21894548704200179,20.31,0.09413742975604121,0.1865844453574292,0.18441883182867266
/mnt/data/model-ckpts/sam/sam2-hiera-large,MobileCLIP-S1,datacompdr,0.5,0.5,"ThresholdGrid(conf=0.5,mask=0.5)",0.36245952593162656,0.23044061660766602,7.25390625,0.17086203205336503,0.15281501340482573,0.7694369973190348,0.30116175156389635,50.65,0.37638341961627586,0.22064123214143425,0.2084805641001313
/mnt/data/model-ckpts/sam/sam2-hiera-large,MobileCLIP-S1,datacompdr,0.5,0.7,"ThresholdGrid(conf=0.5,mask=0.7)",0.35420901142060757,0.23034143447875977,7.25390625,0.17079833109701018,0.1546023235031278,0.7408400357462019,0.29222520107238603,37.78,0.16470931473174694,0.21799739133949467,0.2165880736732744
/mnt/data/model-ckpts/sam/sam2-hiera-large,MobileCLIP-S1,datacompdr,0.5,0.9,"ThresholdGrid(conf=0.5,mask=0.9)",0.31782688573002815,0.23017072677612305,7.25390625,0.1785120138373072,0.1671134941912422,0.6210902591599643,0.2877569258266309,20.31,0.09413742975604121,0.2123845723042326,0.222896460388977
/mnt/data/model-ckpts/sam/sam2-hiera-large,MobileCLIP-S1,datacompdr,0.7,0.5,"ThresholdGrid(conf=0.7,mask=0.5)",0.36113810958340764,0.23034143447875977,7.25390625,0.17079833109701018,0.1546023235031278,0.7408400357462019,0.29222520107238603,37.78,0.16470931473174694,0.21799739133949467,0.2165880736732744
/mnt/data/model-ckpts/sam/sam2-hiera-large,MobileCLIP-S1,datacompdr,0.7,0.7,"ThresholdGrid(conf=0.7,mask=0.7)",0.3469328978098929,0.23034143447875977,7.25390625,0.17079833109701018,0.1546023235031278,0.7408400357462019,0.29222520107238603,37.78,0.16470931473174694,0.21799739133949467,0.2165880736732744
/mnt/data/model-ckpts/sam/sam2-hiera-large,MobileCLIP-S1,datacompdr,0.7,0.9,"ThresholdGrid(conf=0.7,mask=0.9)",0.31407239846885204,0.23017072677612305,7.25390625,0.1785120138373072,0.1671134941912422,0.6210902591599643,0.2877569258266309,20.31,0.09413742975604121,0.2123845723042326,0.222896460388977
/mnt/data/model-ckpts/sam/sam2-hiera-large,MobileCLIP-S1,datacompdr,0.9,0.5,"ThresholdGrid(conf=0.9,mask=0.5)",0.30418606474995613,0.23017072677612305,7.25390625,0.1785120138373072,0.1671134941912422,0.6210902591599643,0.2877569258266309,20.31,0.09413742975604121,0.2123845723042326,0.222896460388977
/mnt/data/model-ckpts/sam/sam2-hiera-large,MobileCLIP-S1,datacompdr,0.9,0.7,"ThresholdGrid(conf=0.9,mask=0.7)",0.3106343373656273,0.23017072677612305,7.25390625,0.1785120138373072,0.1671134941912422,0.6210902591599643,0.2877569258266309,20.31,0.09413742975604121,0.2123845723042326,0.222896460388977
/mnt/data/model-ckpts/sam/sam2-hiera-large,MobileCLIP-S1,datacompdr,0.9,0.9,"ThresholdGrid(conf=0.9,mask=0.9)",0.311218723654747,0.23017072677612305,7.25390625,0.1785120138373072,0.1671134941912422,0.6210902591599643,0.2877569258266309,20.31,0.09413742975604121,0.2123845723042326,0.222896460388977
/mnt/data/model-ckpts/sam/sam2-hiera-large,MobileCLIP-S2,datacompdr,0.5,0.5,"ThresholdGrid(conf=0.5,mask=0.5)",0.36495006643235683,0.2587909698486328,8.974609375,0.1752001793242892,0.16175156389633602,0.7694369973190348,0.30294906166219837,50.65,0.37638341961627586,0.22609868367353222,0.21451978928042045
/mnt/data/model-ckpts/sam/sam2-hiera-large,MobileCLIP-S2,datacompdr,0.5,0.7,"ThresholdGrid(conf=0.5,mask=0.7)",0.3485191008076072,0.25869178771972656,8.974609375,0.17667885784707937,0.16085790884718498,0.7408400357462019,0.2957998212689902,37.78,0.16470931473174694,0.22302995730021685,0.2235456947343734
/mnt/data/model-ckpts/sam/sam2-hiera-large,MobileCLIP-S2,datacompdr,0.5,0.9,"ThresholdGrid(conf=0.5,mask=0.9)",0.315510977525264,0.25852108001708984,8.974609375,0.17734958848014748,0.16621983914209115,0.6210902591599643,0.2797140303842717,20.31,0.09413742975604121,0.21659971231642955,0.229345035842679
/mnt/data/model-ckpts/sam/sam2-hiera-large,MobileCLIP-S2,datacompdr,0.7,0.5,"ThresholdGrid(conf=0.7,mask=0.5)",0.3528836299665272,0.25869178771972656,8.974609375,0.17667885784707937,0.16085790884718498,0.7408400357462019,0.2957998212689902,37.78,0.16470931473174694,0.22302995730021685,0.2235456947343734
/mnt/data/model-ckpts/sam/sam2-hiera-large,MobileCLIP-S2,datacompdr,0.7,0.7,"ThresholdGrid(conf=0.7,mask=0.7)",0.3543146513402462,0.25869178771972656,8.974609375,0.17667885784707937,0.16085790884718498,0.7408400357462019,0.2957998212689902,37.78,0.16470931473174694,0.22302995730021685,0.2235456947343734
/mnt/data/model-ckpts/sam/sam2-hiera-large,MobileCLIP-S2,datacompdr,0.7,0.9,"ThresholdGrid(conf=0.7,mask=0.9)",0.30873073963448405,0.25852108001708984,8.974609375,0.17734958848014748,0.16621983914209115,0.6210902591599643,0.2797140303842717,20.31,0.09413742975604121,0.21659971231642955,0.229345035842679
/mnt/data/model-ckpts/sam/sam2-hiera-large,MobileCLIP-S2,datacompdr,0.9,0.5,"ThresholdGrid(conf=0.9,mask=0.5)",0.3081104252487421,0.25852108001708984,8.974609375,0.17734958848014748,0.16621983914209115,0.6210902591599643,0.2797140303842717,20.31,0.09413742975604121,0.21659971231642955,0.229345035842679
/mnt/data/model-ckpts/sam/sam2-hiera-large,MobileCLIP-S2,datacompdr,0.9,0.7,"ThresholdGrid(conf=0.9,mask=0.7)",0.30738849891349673,0.25852108001708984,8.974609375,0.17734958848014748,0.16621983914209115,0.6210902591599643,0.2797140303842717,20.31,0.09413742975604121,0.21659971231642955,0.229345035842679
/mnt/data/model-ckpts/sam/sam2-hiera-large,MobileCLIP-S2,datacompdr,0.9,0.9,"ThresholdGrid(conf=0.9,mask=0.9)",0.3101588226854801,0.25852108001708984,8.974609375,0.17734958848014748,0.16621983914209115,0.6210902591599643,0.2797140303842717,20.31,0.09413742975604121,0.21659971231642955,0.229345035842679
/mnt/data/model-ckpts/sam/sam2-hiera-large,ViT-H-14,laion2b_s32b_b79k,0.5,0.5,"ThresholdGrid(conf=0.5,mask=0.5)",0.38673023227602243,2.0312366485595703,9.84765625,0.1393552405719477,0.1224307417336908,0.7694369973190348,0.258266309204647,50.65,0.37638341961627586,0.2554695674412159,0.16872300307841656
/mnt/data/model-ckpts/sam/sam2-hiera-large,ViT-H-14,laion2b_s32b_b79k,0.5,0.7,"ThresholdGrid(conf=0.5,mask=0.7)",0.36867836955934763,2.0310401916503906,9.84765625,0.14642173705545172,0.13315460232350312,0.7408400357462019,0.256478999106345,37.78,0.16470931473174694,0.2516000173100411,0.18198918242243325
/mnt/data/model-ckpts/sam/sam2-hiera-large,ViT-H-14,laion2b_s32b_b79k,0.5,0.9,"ThresholdGrid(conf=0.5,mask=0.9)",0.33740494633093476,2.0307092666625977,9.84765625,0.1448585152180554,0.13494191242180517,0.6210902591599643,0.2359249329758713,20.31,0.09413742975604121,0.24337142775163148,0.19306778427201102
/mnt/data/model-ckpts/sam/sam2-hiera-large,ViT-H-14,laion2b_s32b_b79k,0.7,0.5,"ThresholdGrid(conf=0.7,mask=0.5)",0.3752654604613781,2.0310401916503906,9.84765625,0.14642173705545172,0.13315460232350312,0.7408400357462019,0.256478999106345,37.78,0.16470931473174694,0.2516000173100411,0.18198918242243325
/mnt/data/model-ckpts/sam/sam2-hiera-large,ViT-H-14,laion2b_s32b_b79k,0.7,0.7,"ThresholdGrid(conf=0.7,mask=0.7)",0.36902664694935083,2.0310401916503906,9.84765625,0.14642173705545172,0.13315460232350312,0.7408400357462019,0.256478999106345,37.78,0.16470931473174694,0.2516000173100411,0.18198918242243325
/mnt/data/model-ckpts/sam/sam2-hiera-large,ViT-H-14,laion2b_s32b_b79k,0.7,0.9,"ThresholdGrid(conf=0.7,mask=0.9)",0.3348761540837586,2.0307092666625977,9.84765625,0.1448585152180554,0.13494191242180517,0.6210902591599643,0.2359249329758713,20.31,0.09413742975604121,0.24337142775163148,0.19306778427201102
/mnt/data/model-ckpts/sam/sam2-hiera-large,ViT-H-14,laion2b_s32b_b79k,0.9,0.5,"ThresholdGrid(conf=0.9,mask=0.5)",0.33146971138194203,2.0307092666625977,9.84765625,0.1448585152180554,0.13494191242180517,0.6210902591599643,0.2359249329758713,20.31,0.09413742975604121,0.24337142775163148,0.19306778427201102
/mnt/data/model-ckpts/sam/sam2-hiera-large,ViT-H-14,laion2b_s32b_b79k,0.9,0.7,"ThresholdGrid(conf=0.9,mask=0.7)",0.3367229667492211,2.0307092666625977,9.84765625,0.1448585152180554,0.13494191242180517,0.6210902591599643,0.2359249329758713,20.31,0.09413742975604121,0.24337142775163148,0.19306778427201102
/mnt/data/model-ckpts/sam/sam2-hiera-large,ViT-H-14,laion2b_s32b_b79k,0.9,0.9,"ThresholdGrid(conf=0.9,mask=0.9)",0.3347702091559768,2.0307092666625977,9.84765625,0.1448585152180554,0.13494191242180517,0.6210902591599643,0.2359249329758713,20.31,0.09413742975604121,0.24337142775163148,0.19306778427201102
/mnt/data/model-ckpts/sam/sam2-hiera-large,ViT-H-14,metaclip_fullcc,0.5,0.5,"ThresholdGrid(conf=0.5,mask=0.5)",0.37644723197445273,2.0312366485595703,9.84765625,0.172072422375799,0.1581769436997319,0.7694369973190348,0.3065236818588025,50.65,0.37638341961627586,0.31927554118942214,0.19979956475958852
/mnt/data/model-ckpts/sam/sam2-hiera-large,ViT-H-14,metaclip_fullcc,0.5,0.7,"ThresholdGrid(conf=0.5,mask=0.7)",0.36892577540129423,2.0310401916503906,9.84765625,0.17335649898765235,0.15996425379803395,0.7408400357462019,0.2949061662198391,37.78,0.16470931473174694,0.3184822219839258,0.20744725248594803
/mnt/data/model-ckpts/sam/sam2-hiera-large,ViT-H-14,metaclip_fullcc,0.5,0.9,"ThresholdGrid(conf=0.5,mask=0.9)",0.33331799088045955,2.0307092666625977,9.84765625,0.17711685825332515,0.16621983914209115,0.6210902591599643,0.290437890974084,20.31,0.09413742975604121,0.31581032657005403,0.2180307063344577
/mnt/data/model-ckpts/sam/sam2-hiera-large,ViT-H-14,metaclip_fullcc,0.7,0.5,"ThresholdGrid(conf=0.7,mask=0.5)",0.36442651646211743,2.0310401916503906,9.84765625,0.17335649898765235,0.15996425379803395,0.7408400357462019,0.2949061662198391,37.78,0.16470931473174694,0.3184822219839258,0.20744725248594803
/mnt/data/model-ckpts/sam/sam2-hiera-large,ViT-H-14,metaclip_fullcc,0.7,0.7,"ThresholdGrid(conf=0.7,mask=0.7)",0.37773521849885583,2.0310401916503906,9.84765625,0.17335649898765235,0.15996425379803395,0.7408400357462019,0.2949061662198391,37.78,0.16470931473174694,0.3184822219839258,0.20744725248594803
/mnt/data/model-ckpts/sam/sam2-hiera-large,ViT-H-14,metaclip_fullcc,0.7,0.9,"ThresholdGrid(conf=0.7,mask=0.9)",0.3361363662406802,2.0307092666625977,9.84765625,0.17711685825332515,0.16621983914209115,0.6210902591599643,0.290437890974084,20.31,0.09413742975604121,0.31581032657005403,0.2180307063344577
/mnt/data/model-ckpts/sam/sam2-hiera-large,ViT-H-14,metaclip_fullcc,0.9,0.5,"ThresholdGrid(conf=0.9,mask=0.5)",0.3418533829972148,2.0307092666625977,9.84765625,0.17711685825332515,0.16621983914209115,0.6210902591599643,0.290437890974084,20.31,0.09413742975604121,0.31581032657005403,0.2180307063344577
/mnt/data/model-ckpts/sam/sam2-hiera-large,ViT-H-14,metaclip_fullcc,0.9,0.7,"ThresholdGrid(conf=0.9,mask=0.7)",0.3354059159755707,2.0307092666625977,9.84765625,0.17711685825332515,0.16621983914209115,0.6210902591599643,0.290437890974084,20.31,0.09413742975604121,0.31581032657005403,0.2180307063344577
/mnt/data/model-ckpts/sam/sam2-hiera-large,ViT-H-14,metaclip_fullcc,0.9,0.9,"ThresholdGrid(conf=0.9,mask=0.9)",0.36896847654134035,2.0307092666625977,9.84765625,0.17711685825332515,0.16621983914209115,0.6210902591599643,0.290437890974084,20.31,0.09413742975604121,0.31581032657005403,0.2180307063344577
/mnt/data/model-ckpts/sam/sam2-hiera-large,ViT-B-16-SigLIP2,webli,0.5,0.5,"ThresholdGrid(conf=0.5,mask=0.5)",0.3715206612832844,0.7823886871337891,3.630859375,0.1436421120870997,0.12957998212689903,0.7694369973190348,0.26005361930294907,50.65,0.37638341961627586,0.10293569301951666,0.17091903428883717
/mnt/data/model-ckpts/sam/sam2-hiera-large,ViT-B-16-SigLIP2,webli,0.5,0.7,"ThresholdGrid(conf=0.5,mask=0.7)",0.3581814235076308,0.7822408676147461,3.630859375,0.14366191226246672,0.12779267202859695,0.7408400357462019,0.25022341376228774,37.78,0.16470931473174694,0.10165807104089411,0.1800266705618006
/mnt/data/model-ckpts/sam/sam2-hiera-large,ViT-B-16-SigLIP2,webli,0.5,0.9,"ThresholdGrid(conf=0.5,mask=0.9)",0.3257885668426752,0.7819900512695312,3.630859375,0.14242377106352272,0.13047363717605004,0.6210902591599643,0.24039320822162646,20.31,0.09413742975604121,0.09804782286699165,0.19353034791896684
/mnt/data/model-ckpts/sam/sam2-hiera-large,ViT-B-16-SigLIP2,webli,0.7,0.5,"ThresholdGrid(conf=0.7,mask=0.5)",0.35668629221618176,0.7822408676147461,3.630859375,0.14366191226246672,0.12779267202859695,0.7408400357462019,0.25022341376228774,37.78,0.16470931473174694,0.10165807104089411,0.1800266705618006
/mnt/data/model-ckpts/sam/sam2-hiera-large,ViT-B-16-SigLIP2,webli,0.7,0.7,"ThresholdGrid(conf=0.7,mask=0.7)",0.3546315408311784,0.7822408676147461,3.630859375,0.14366191226246672,0.12779267202859695,0.7408400357462019,0.25022341376228774,37.78,0.16470931473174694,0.10165807104089411,0.1800266705618006
/mnt/data/model-ckpts/sam/sam2-hiera-large,ViT-B-16-SigLIP2,webli,0.7,0.9,"ThresholdGrid(conf=0.7,mask=0.9)",0.3201520210132003,0.7819900512695312,3.630859375,0.14242377106352272,0.13047363717605004,0.6210902591599643,0.24039320822162646,20.31,0.09413742975604121,0.09804782286699165,0.19353034791896684
/mnt/data/model-ckpts/sam/sam2-hiera-large,ViT-B-16-SigLIP2,webli,0.9,0.5,"ThresholdGrid(conf=0.9,mask=0.5)",0.3249600203707814,0.7819900512695312,3.630859375,0.14242377106352272,0.13047363717605004,0.6210902591599643,0.24039320822162646,20.31,0.09413742975604121,0.09804782286699165,0.19353034791896684
/mnt/data/model-ckpts/sam/sam2-hiera-large,ViT-B-16-SigLIP2,webli,0.9,0.7,"ThresholdGrid(conf=0.9,mask=0.7)",0.32368484418839216,0.7819900512695312,3.630859375,0.14242377106352272,0.13047363717605004,0.6210902591599643,0.24039320822162646,20.31,0.09413742975604121,0.09804782286699165,0.19353034791896684
/mnt/data/model-ckpts/sam/sam2-hiera-large,ViT-B-16-SigLIP2,webli,0.9,0.9,"ThresholdGrid(conf=0.9,mask=0.9)",0.3230197448283434,0.7819900512695312,3.630859375,0.14242377106352272,0.13047363717605004,0.6210902591599643,0.24039320822162646,20.31,0.09413742975604121,0.09804782286699165,0.19353034791896684
/mnt/data/model-ckpts/sam/sam2-hiera-large,ViT-L-16-SigLIP2-384,webli,0.5,0.5,"ThresholdGrid(conf=0.5,mask=0.5)",0.38930293172597885,1.7155284881591797,12.166015625,0.15794123655457645,0.14745308310991956,0.7694369973190348,0.2779267202859696,50.65,0.37638341961627586,0.10490172889027029,0.20031406270351212
/mnt/data/model-ckpts/sam/sam2-hiera-large,ViT-L-16-SigLIP2-384,webli,0.5,0.7,"ThresholdGrid(conf=0.5,mask=0.7)",0.3708172356709838,1.71533203125,12.166015625,0.1584663505218917,0.14924039320822163,0.7408400357462019,0.2716711349419124,37.78,0.16470931473174694,0.10292279117069039,0.2028687576007748
/mnt/data/model-ckpts/sam/sam2-hiera-large,ViT-L-16-SigLIP2-384,webli,0.5,0.9,"ThresholdGrid(conf=0.5,mask=0.9)",0.32712539192289114,1.715001106262207,12.166015625,0.15807767295807568,0.14655942806076855,0.6210902591599643,0.2609472743521001,20.31,0.09413742975604121,0.09824801779704183,0.20663026261920922
/mnt/data/model-ckpts/sam/sam2-hiera-large,ViT-L-16-SigLIP2-384,webli,0.7,0.5,"ThresholdGrid(conf=0.7,mask=0.5)",0.3681069309823215,1.71533203125,12.166015625,0.1584663505218917,0.14924039320822163,0.7408400357462019,0.2716711349419124,37.78,0.16470931473174694,0.10292279117069039,0.2028687576007748
/mnt/data/model-ckpts/sam/sam2-hiera-large,ViT-L-16-SigLIP2-384,webli,0.7,0.7,"ThresholdGrid(conf=0.7,mask=0.7)",0.372477734927088,1.71533203125,12.166015625,0.1584663505218917,0.14924039320822163,0.7408400357462019,0.2716711349419124,37.78,0.16470931473174694,0.10292279117069039,0.2028687576007748
/mnt/data/model-ckpts/sam/sam2-hiera-large,ViT-L-16-SigLIP2-384,webli,0.7,0.9,"ThresholdGrid(conf=0.7,mask=0.9)",0.334257148206234,1.715001106262207,12.166015625,0.15807767295807568,0.14655942806076855,0.6210902591599643,0.2609472743521001,20.31,0.09413742975604121,0.09824801779704183,0.20663026261920922
/mnt/data/model-ckpts/sam/sam2-hiera-large,ViT-L-16-SigLIP2-384,webli,0.9,0.5,"ThresholdGrid(conf=0.9,mask=0.5)",0.33165808068588376,1.715001106262207,12.166015625,0.15807767295807568,0.14655942806076855,0.6210902591599643,0.2609472743521001,20.31,0.09413742975604121,0.09824801779704183,0.20663026261920922
/mnt/data/model-ckpts/sam/sam2-hiera-large,ViT-L-16-SigLIP2-384,webli,0.9,0.7,"ThresholdGrid(conf=0.9,mask=0.7)",0.3375388658605516,1.715001106262207,12.166015625,0.15807767295807568,0.14655942806076855,0.6210902591599643,0.2609472743521001,20.31,0.09413742975604121,0.09824801779704183,0.20663026261920922
/mnt/data/model-ckpts/sam/sam2-hiera-large,ViT-L-16-SigLIP2-384,webli,0.9,0.9,"ThresholdGrid(conf=0.9,mask=0.9)",0.33481416292488575,1.715001106262207,12.166015625,0.15807767295807568,0.14655942806076855,0.6210902591599643,0.2609472743521001,20.31,0.09413742975604121,0.09824801779704183,0.20663026261920922
/mnt/data/model-ckpts/sam/sam2-hiera-large,EVA02-B-16,merged2b_s8b_b131k,0.5,0.5,"ThresholdGrid(conf=0.5,mask=0.5)",0.3599772253073752,0.35431861877441406,4.3671875,0.14001445051439104,0.13404825737265416,0.7694369973190348,0.24307417336907952,50.65,0.37638341961627586,0.16488361828714956,0.17403875374303793
/mnt/data/model-ckpts/sam/sam2-hiera-large,EVA02-B-16,merged2b_s8b_b131k,0.5,0.7,"ThresholdGrid(conf=0.5,mask=0.7)",0.35183186177164316,0.3542194366455078,4.3671875,0.14254882940489907,0.13762287756925826,0.7408400357462019,0.23949955317247543,37.78,0.16470931473174694,0.16282908874126925,0.18364157660701697
/mnt/data/model-ckpts/sam/sam2-hiera-large,EVA02-B-16,merged2b_s8b_b131k,0.5,0.9,"ThresholdGrid(conf=0.5,mask=0.9)",0.30941720120608807,0.3540487289428711,4.3671875,0.13050601794621705,0.12153708668453976,0.6210902591599643,0.21983914209115282,20.31,0.09413742975604121,0.15891461979874125,0.1864726496053053
/mnt/data/model-ckpts/sam/sam2-hiera-large,EVA02-B-16,merged2b_s8b_b131k,0.7,0.5,"ThresholdGrid(conf=0.7,mask=0.5)",0.3493425715714693,0.3542194366455078,4.3671875,0.14254882940489907,0.13762287756925826,0.7408400357462019,0.23949955317247543,37.78,0.16470931473174694,0.16282908874126925,0.18364157660701697
/mnt/data/model-ckpts/sam/sam2-hiera-large,EVA02-B-16,merged2b_s8b_b131k,0.7,0.7,"ThresholdGrid(conf=0.7,mask=0.7)",0.35395590821281075,0.3542194366455078,4.3671875,0.14254882940489907,0.13762287756925826,0.7408400357462019,0.23949955317247543,37.78,0.16470931473174694,0.16282908874126925,0.18364157660701697
/mnt/data/model-ckpts/sam/sam2-hiera-large,EVA02-B-16,merged2b_s8b_b131k,0.7,0.9,"ThresholdGrid(conf=0.7,mask=0.9)",0.31688446179032326,0.3540487289428711,4.3671875,0.13050601794621705,0.12153708668453976,0.6210902591599643,0.21983914209115282,20.31,0.09413742975604121,0.15891461979874125,0.1864726496053053
/mnt/data/model-ckpts/sam/sam2-hiera-large,EVA02-B-16,merged2b_s8b_b131k,0.9,0.5,"ThresholdGrid(conf=0.9,mask=0.5)",0.31189416302368045,0.3540487289428711,4.3671875,0.13050601794621705,0.12153708668453976,0.6210902591599643,0.21983914209115282,20.31,0.09413742975604121,0.15891461979874125,0.1864726496053053
/mnt/data/model-ckpts/sam/sam2-hiera-large,EVA02-B-16,merged2b_s8b_b131k,0.9,0.7,"ThresholdGrid(conf=0.9,mask=0.7)",0.311034235637635,0.3540487289428711,4.3671875,0.13050601794621705,0.12153708668453976,0.6210902591599643,0.21983914209115282,20.31,0.09413742975604121,0.15891461979874125,0.1864726496053053
/mnt/data/model-ckpts/sam/sam2-hiera-large,EVA02-B-16,merged2b_s8b_b131k,0.9,0.9,"ThresholdGrid(conf=0.9,mask=0.9)",0.3193559031933546,0.3540487289428711,4.3671875,0.13050601794621705,0.12153708668453976,0.6210902591599643,0.21983914209115282,20.31,0.09413742975604121,0.15891461979874125,0.1864726496053053
/mnt/data/model-ckpts/sam/sam2-hiera-large,EVA02-L-14,merged2b_s4b_b131k,0.5,0.5,"ThresholdGrid(conf=0.5,mask=0.5)",0.3706578747369349,0.8753247261047363,7.6640625,0.16159837904312713,0.15192135835567472,0.7694369973190348,0.28596961572832885,50.65,0.37638341961627586,0.21201074482928012,0.187789317698106
/mnt/data/model-ckpts/sam/sam2-hiera-large,EVA02-L-14,merged2b_s4b_b131k,0.5,0.7,"ThresholdGrid(conf=0.5,mask=0.7)",0.36195021122694016,0.8751769065856934,7.6640625,0.16157115527287388,0.15192135835567472,0.7408400357462019,0.2743521000893655,37.78,0.16470931473174694,0.20981835113826663,0.19513249895776363
/mnt/data/model-ckpts/sam/sam2-hiera-large,EVA02-L-14,merged2b_s4b_b131k,0.5,0.9,"ThresholdGrid(conf=0.5,mask=0.9)",0.3270402573980391,0.8749260902404785,7.6640625,0.15824567635045067,0.14924039320822163,0.6210902591599643,0.256478999106345,20.31,0.09413742975604121,0.20506527748248532,0.19880624284043064
/mnt/data/model-ckpts/sam/sam2-hiera-large,EVA02-L-14,merged2b_s4b_b131k,0.7,0.5,"ThresholdGrid(conf=0.7,mask=0.5)",0.3571636322885752,0.8751769065856934,7.6640625,0.16157115527287388,0.15192135835567472,0.7408400357462019,0.2743521000893655,37.78,0.16470931473174694,0.20981835113826663,0.19513249895776363
/mnt/data/model-ckpts/sam/sam2-hiera-large,EVA02-L-14,merged2b_s4b_b131k,0.7,0.7,"ThresholdGrid(conf=0.7,mask=0.7)",0.35778190242126584,0.8751769065856934,7.6640625,0.16157115527287388,0.15192135835567472,0.7408400357462019,0.2743521000893655,37.78,0.16470931473174694,0.20981835113826663,0.19513249895776363
/mnt/data/model-ckpts/sam/sam2-hiera-large,EVA02-L-14,merged2b_s4b_b131k,0.7,0.9,"ThresholdGrid(conf=0.7,mask=0.9)",0.3238272084854543,0.8749260902404785,7.6640625,0.15824567635045067,0.14924039320822163,0.6210902591599643,0.256478999106345,20.31,0.09413742975604121,0.20506527748248532,0.19880624284043064
/mnt/data/model-ckpts/sam/sam2-hiera-large,EVA02-L-14,merged2b_s4b_b131k,0.9,0.5,"ThresholdGrid(conf=0.9,mask=0.5)",0.32882746774703264,0.8749260902404785,7.6640625,0.15824567635045067,0.14924039320822163,0.6210902591599643,0.256478999106345,20.31,0.09413742975604121,0.20506527748248532,0.19880624284043064
/mnt/data/model-ckpts/sam/sam2-hiera-large,EVA02-L-14,merged2b_s4b_b131k,0.9,0.7,"ThresholdGrid(conf=0.9,mask=0.7)",0.3292574570514262,0.8749260902404785,7.6640625,0.15824567635045067,0.14924039320822163,0.6210902591599643,0.256478999106345,20.31,0.09413742975604121,0.20506527748248532,0.19880624284043064
/mnt/data/model-ckpts/sam/sam2-hiera-large,EVA02-L-14,merged2b_s4b_b131k,0.9,0.9,"ThresholdGrid(conf=0.9,mask=0.9)",0.32021643826738,0.8749260902404785,7.6640625,0.15824567635045067,0.14924039320822163,0.6210902591599643,0.256478999106345,20.31,0.09413742975604121,0.20506527748248532,0.19880624284043064
/mnt/data/model-ckpts/sam/sam2-hiera-large,ViT-H-14,dfn5b,0.5,0.5,"ThresholdGrid(conf=0.5,mask=0.5)",0.3888019802980125,2.0312366485595703,9.84765625,0.16417635179514972,0.14298480786416443,0.7694369973190348,0.2957998212689902,50.65,0.37638341961627586,0.23962822107729687,0.19229155277067422
/mnt/data/model-ckpts/sam/sam2-hiera-large,ViT-H-14,dfn5b,0.5,0.7,"ThresholdGrid(conf=0.5,mask=0.7)",0.3794017340987921,2.0310401916503906,9.84765625,0.1631590234703167,0.14924039320822163,0.7408400357462019,0.2779267202859696,37.78,0.16470931473174694,0.23619625563595953,0.20173333890061543
/mnt/data/model-ckpts/sam/sam2-hiera-large,ViT-H-14,dfn5b,0.5,0.9,"ThresholdGrid(conf=0.5,mask=0.9)",0.33557496732100844,2.0307092666625977,9.84765625,0.16027441447466348,0.1572832886505809,0.6210902591599643,0.2511170688114388,20.31,0.09413742975604121,0.2283463348518854,0.21094257742873748
/mnt/data/model-ckpts/sam/sam2-hiera-large,ViT-H-14,dfn5b,0.7,0.5,"ThresholdGrid(conf=0.7,mask=0.5)",0.37400725530460477,2.0310401916503906,9.84765625,0.1631590234703167,0.14924039320822163,0.7408400357462019,0.2779267202859696,37.78,0.16470931473174694,0.23619625563595953,0.20173333890061543
/mnt/data/model-ckpts/sam/sam2-hiera-large,ViT-H-14,dfn5b,0.7,0.7,"ThresholdGrid(conf=0.7,mask=0.7)",0.37443261593580246,2.0310401916503906,9.84765625,0.1631590234703167,0.14924039320822163,0.7408400357462019,0.2779267202859696,37.78,0.16470931473174694,0.23619625563595953,0.20173333890061543
/mnt/data/model-ckpts/sam/sam2-hiera-large,ViT-H-14,dfn5b,0.7,0.9,"ThresholdGrid(conf=0.7,mask=0.9)",0.3389203711412847,2.0307092666625977,9.84765625,0.16027441447466348,0.1572832886505809,0.6210902591599643,0.2511170688114388,20.31,0.09413742975604121,0.2283463348518854,0.21094257742873748
/mnt/data/model-ckpts/sam/sam2-hiera-large,ViT-H-14,dfn5b,0.9,0.5,"ThresholdGrid(conf=0.9,mask=0.5)",0.33573829336091876,2.0307092666625977,9.84765625,0.16027441447466348,0.1572832886505809,0.6210902591599643,0.2511170688114388,20.31,0.09413742975604121,0.2283463348518854,0.21094257742873748
/mnt/data/model-ckpts/sam/sam2-hiera-large,ViT-H-14,dfn5b,0.9,0.7,"ThresholdGrid(conf=0.9,mask=0.7)",0.3367396560497582,2.0307092666625977,9.84765625,0.16027441447466348,0.1572832886505809,0.6210902591599643,0.2511170688114388,20.31,0.09413742975604121,0.2283463348518854,0.21094257742873748
/mnt/data/model-ckpts/sam/sam2-hiera-large,ViT-H-14,dfn5b,0.9,0.9,"ThresholdGrid(conf=0.9,mask=0.9)",0.34285156056284904,2.0307092666625977,9.84765625,0.16027441447466348,0.1572832886505809,0.6210902591599643,0.2511170688114388,20.31,0.09413742975604121,0.2283463348518854,0.21094257742873748
/mnt/data/model-ckpts/sam/sam2-hiera-large,MobileCLIP-B,datacompdr,0.5,0.5,"ThresholdGrid(conf=0.5,mask=0.5)",0.36029431968927383,0.35382509231567383,3.564453125,0.18172169461176763,0.1644325290437891,0.7694369973190348,0.32082216264521896,50.65,0.37638341961627586,0.1766867937122316,0.21414544976392444
/mnt/data/model-ckpts/sam/sam2-hiera-large,MobileCLIP-B,datacompdr,0.5,0.7,"ThresholdGrid(conf=0.5,mask=0.7)",0.35237630596384406,0.3537259101867676,3.564453125,0.1815289887650159,0.1671134941912422,0.7408400357462019,0.3092046470062556,37.78,0.16470931473174694,0.17422666927338498,0.22184070001626938
/mnt/data/model-ckpts/sam/sam2-hiera-large,MobileCLIP-B,datacompdr,0.5,0.9,"ThresholdGrid(conf=0.5,mask=0.9)",0.3085762495175004,0.35355520248413086,3.564453125,0.17736359091335216,0.1671134941912422,0.6210902591599643,0.28418230563002683,20.31,0.09413742975604121,0.16821895514459242,0.22518451151833305
/mnt/data/model-ckpts/sam/sam2-hiera-large,MobileCLIP-B,datacompdr,0.7,0.5,"ThresholdGrid(conf=0.7,mask=0.5)",0.35148891620337963,0.3537259101867676,3.564453125,0.1815289887650159,0.1671134941912422,0.7408400357462019,0.3092046470062556,37.78,0.16470931473174694,0.17422666927338498,0.22184070001626938
/mnt/data/model-ckpts/sam/sam2-hiera-large,MobileCLIP-B,datacompdr,0.7,0.7,"ThresholdGrid(conf=0.7,mask=0.7)",0.35233927657827735,0.3537259101867676,3.564453125,0.1815289887650159,0.1671134941912422,0.7408400357462019,0.3092046470062556,37.78,0.16470931473174694,0.17422666927338498,0.22184070001626938
/mnt/data/model-ckpts/sam/sam2-hiera-large,MobileCLIP-B,datacompdr,0.7,0.9,"ThresholdGrid(conf=0.7,mask=0.9)",0.31046562595292926,0.35355520248413086,3.564453125,0.17736359091335216,0.1671134941912422,0.6210902591599643,0.28418230563002683,20.31,0.09413742975604121,0.16821895514459242,0.22518451151833305
/mnt/data/model-ckpts/sam/sam2-hiera-large,MobileCLIP-B,datacompdr,0.9,0.5,"ThresholdGrid(conf=0.9,mask=0.5)",0.31334990868344903,0.35355520248413086,3.564453125,0.17736359091335216,0.1671134941912422,0.6210902591599643,0.28418230563002683,20.31,0.09413742975604121,0.16821895514459242,0.22518451151833305
/mnt/data/model-ckpts/sam/sam2-hiera-large,MobileCLIP-B,datacompdr,0.9,0.7,"ThresholdGrid(conf=0.9,mask=0.7)",0.31260608695447445,0.35355520248413086,3.564453125,0.17736359091335216,0.1671134941912422,0.6210902591599643,0.28418230563002683,20.31,0.09413742975604121,0.16821895514459242,0.22518451151833305
/mnt/data/model-ckpts/sam/sam2-hiera-large,MobileCLIP-B,datacompdr,0.9,0.9,"ThresholdGrid(conf=0.9,mask=0.9)",0.317397047765553,0.35355520248413086,3.564453125,0.17736359091335216,0.1671134941912422,0.6210902591599643,0.28418230563002683,20.31,0.09413742975604121,0.16821895514459242,0.22518451151833305
/mnt/data/model-ckpts/sam/sam2-hiera-large,MobileCLIP2-S0,dfndr2b,0.5,0.5,"ThresholdGrid(conf=0.5,mask=0.5)",0.3637685440480709,0.21138906478881836,7.22265625,0.17105178784708372,0.16085790884718498,0.7694369973190348,0.290437890974084,50.65,0.37638341961627586,0.2375110718317603,0.2091983680154629
/mnt/data/model-ckpts/sam/sam2-hiera-large,MobileCLIP2-S0,dfndr2b,0.5,0.7,"ThresholdGrid(conf=0.5,mask=0.7)",0.3507996047846973,0.2112898826599121,7.22265625,0.17271131658155917,0.1644325290437891,0.7408400357462019,0.2797140303842717,37.78,0.16470931473174694,0.23511119891320945,0.21777341248938964
/mnt/data/model-ckpts/sam/sam2-hiera-large,MobileCLIP2-S0,dfndr2b,0.5,0.9,"ThresholdGrid(conf=0.5,mask=0.9)",0.31099034706130624,0.2111191749572754,7.22265625,0.16210517450366987,0.15907059874888294,0.6210902591599643,0.24664879356568364,20.31,0.09413742975604121,0.22972248678392762,0.21697019850720348
/mnt/data/model-ckpts/sam/sam2-hiera-large,MobileCLIP2-S0,dfndr2b,0.7,0.5,"ThresholdGrid(conf=0.7,mask=0.5)",0.35204617539420724,0.2112898826599121,7.22265625,0.17271131658155917,0.1644325290437891,0.7408400357462019,0.2797140303842717,37.78,0.16470931473174694,0.23511119891320945,0.21777341248938964
/mnt/data/model-ckpts/sam/sam2-hiera-large,MobileCLIP2-S0,dfndr2b,0.7,0.7,"ThresholdGrid(conf=0.7,mask=0.7)",0.36001100903376937,0.2112898826599121,7.22265625,0.17271131658155917,0.1644325290437891,0.7408400357462019,0.2797140303842717,37.78,0.16470931473174694,0.23511119891320945,0.21777341248938964
/mnt/data/model-ckpts/sam/sam2-hiera-large,MobileCLIP2-S0,dfndr2b,0.7,0.9,"ThresholdGrid(conf=0.7,mask=0.9)",0.3200151352211833,0.2111191749572754,7.22265625,0.16210517450366987,0.15907059874888294,0.6210902591599643,0.24664879356568364,20.31,0.09413742975604121,0.22972248678392762,0.21697019850720348
/mnt/data/model-ckpts/sam/sam2-hiera-large,MobileCLIP2-S0,dfndr2b,0.9,0.5,"ThresholdGrid(conf=0.9,mask=0.5)",0.3148750332184136,0.2111191749572754,7.22265625,0.16210517450366987,0.15907059874888294,0.6210902591599643,0.24664879356568364,20.31,0.09413742975604121,0.22972248678392762,0.21697019850720348
/mnt/data/model-ckpts/sam/sam2-hiera-large,MobileCLIP2-S0,dfndr2b,0.9,0.7,"ThresholdGrid(conf=0.9,mask=0.7)",0.3107851860113442,0.2111191749572754,7.22265625,0.16210517450366987,0.15907059874888294,0.6210902591599643,0.24664879356568364,20.31,0.09413742975604121,0.22972248678392762,0.21697019850720348
/mnt/data/model-ckpts/sam/sam2-hiera-large,MobileCLIP2-S0,dfndr2b,0.9,0.9,"ThresholdGrid(conf=0.9,mask=0.9)",0.3121754853054881,0.2111191749572754,7.22265625,0.16210517450366987,0.15907059874888294,0.6210902591599643,0.24664879356568364,20.31,0.09413742975604121,0.22972248678392762,0.21697019850720348
/mnt/data/model-ckpts/sam/sam2-hiera-large,MobileCLIP2-S2,dfndr2b,0.5,0.5,"ThresholdGrid(conf=0.5,mask=0.5)",0.3665883233770728,0.2587909698486328,8.974609375,0.17639389593875868,0.16532618409294011,0.7694369973190348,0.30473637176050045,50.65,0.37638341961627586,0.2607361570173763,0.2155239925963673
/mnt/data/model-ckpts/sam/sam2-hiera-large,MobileCLIP2-S2,dfndr2b,0.5,0.7,"ThresholdGrid(conf=0.5,mask=0.7)",0.3558597108349204,0.25869178771972656,8.974609375,0.17664727157782106,0.16532618409294011,0.7408400357462019,0.2931188561215371,37.78,0.16470931473174694,0.25759589448371456,0.22246112069641066
/mnt/data/model-ckpts/sam/sam2-hiera-large,MobileCLIP2-S2,dfndr2b,0.5,0.9,"ThresholdGrid(conf=0.5,mask=0.9)",0.31468218890950084,0.25852108001708984,8.974609375,0.18268079557966693,0.17873100983020554,0.6210902591599643,0.28418230563002683,20.31,0.09413742975604121,0.25069728514996886,0.2320108310271955
/mnt/data/model-ckpts/sam/sam2-hiera-large,MobileCLIP2-S2,dfndr2b,0.7,0.5,"ThresholdGrid(conf=0.7,mask=0.5)",0.352725051343441,0.25869178771972656,8.974609375,0.17664727157782106,0.16532618409294011,0.7408400357462019,0.2931188561215371,37.78,0.16470931473174694,0.25759589448371456,0.22246112069641066
/mnt/data/model-ckpts/sam/sam2-hiera-large,MobileCLIP2-S2,dfndr2b,0.7,0.7,"ThresholdGrid(conf=0.7,mask=0.7)",0.35853116773068905,0.25869178771972656,8.974609375,0.17664727157782106,0.16532618409294011,0.7408400357462019,0.2931188561215371,37.78,0.16470931473174694,0.25759589448371456,0.22246112069641066
/mnt/data/model-ckpts/sam/sam2-hiera-large,MobileCLIP2-S2,dfndr2b,0.7,0.9,"ThresholdGrid(conf=0.7,mask=0.9)",0.31218074494972825,0.25852108001708984,8.974609375,0.18268079557966693,0.17873100983020554,0.6210902591599643,0.28418230563002683,20.31,0.09413742975604121,0.25069728514996886,0.2320108310271955
/mnt/data/model-ckpts/sam/sam2-hiera-large,MobileCLIP2-S2,dfndr2b,0.9,0.5,"ThresholdGrid(conf=0.9,mask=0.5)",0.30807301169261336,0.25852108001708984,8.974609375,0.18268079557966693,0.17873100983020554,0.6210902591599643,0.28418230563002683,20.31,0.09413742975604121,0.25069728514996886,0.2320108310271955
/mnt/data/model-ckpts/sam/sam2-hiera-large,MobileCLIP2-S2,dfndr2b,0.9,0.7,"ThresholdGrid(conf=0.9,mask=0.7)",0.3091714740730822,0.25852108001708984,8.974609375,0.18268079557966693,0.17873100983020554,0.6210902591599643,0.28418230563002683,20.31,0.09413742975604121,0.25069728514996886,0.2320108310271955
/mnt/data/model-ckpts/sam/sam2-hiera-large,MobileCLIP2-S2,dfndr2b,0.9,0.9,"ThresholdGrid(conf=0.9,mask=0.9)",0.3092069714330137,0.25852108001708984,8.974609375,0.18268079557966693,0.17873100983020554,0.6210902591599643,0.28418230563002683,20.31,0.09413742975604121,0.25069728514996886,0.2320108310271955
/mnt/data/model-ckpts/sam/sam2-hiera-large,MobileCLIP2-B,dfndr2b,0.5,0.5,"ThresholdGrid(conf=0.5,mask=0.5)",0.3650377341546118,0.35382509231567383,3.564453125,0.1784834312375101,0.16890080428954424,0.7694369973190348,0.30741733690795353,50.65,0.37638341961627586,0.2610234423366586,0.2123356816555935
/mnt/data/model-ckpts/sam/sam2-hiera-large,MobileCLIP2-B,dfndr2b,0.5,0.7,"ThresholdGrid(conf=0.5,mask=0.7)",0.35110275261104107,0.3537259101867676,3.564453125,0.1740239557922347,0.1671134941912422,0.7408400357462019,0.28418230563002683,37.78,0.16470931473174694,0.2574765958804121,0.21936344851224188
/mnt/data/model-ckpts/sam/sam2-hiera-large,MobileCLIP2-B,dfndr2b,0.5,0.9,"ThresholdGrid(conf=0.5,mask=0.9)",0.31084980349987745,0.35355520248413086,3.564453125,0.1759395434458469,0.17158176943699732,0.6210902591599643,0.2797140303842717,20.31,0.09413742975604121,0.24950295658757157,0.22898627772531488
/mnt/data/model-ckpts/sam/sam2-hiera-large,MobileCLIP2-B,dfndr2b,0.7,0.5,"ThresholdGrid(conf=0.7,mask=0.5)",0.3540225396864116,0.3537259101867676,3.564453125,0.1740239557922347,0.1671134941912422,0.7408400357462019,0.28418230563002683,37.78,0.16470931473174694,0.2574765958804121,0.21936344851224188
/mnt/data/model-ckpts/sam/sam2-hiera-large,MobileCLIP2-B,dfndr2b,0.7,0.7,"ThresholdGrid(conf=0.7,mask=0.7)",0.350825407076627,0.3537259101867676,3.564453125,0.1740239557922347,0.1671134941912422,0.7408400357462019,0.28418230563002683,37.78,0.16470931473174694,0.2574765958804121,0.21936344851224188
/mnt/data/model-ckpts/sam/sam2-hiera-large,MobileCLIP2-B,dfndr2b,0.7,0.9,"ThresholdGrid(conf=0.7,mask=0.9)",0.310453858692199,0.35355520248413086,3.564453125,0.1759395434458469,0.17158176943699732,0.6210902591599643,0.2797140303842717,20.31,0.09413742975604121,0.24950295658757157,0.22898627772531488
/mnt/data/model-ckpts/sam/sam2-hiera-large,MobileCLIP2-B,dfndr2b,0.9,0.5,"ThresholdGrid(conf=0.9,mask=0.5)",0.3114959900267422,0.35355520248413086,3.564453125,0.1759395434458469,0.17158176943699732,0.6210902591599643,0.2797140303842717,20.31,0.09413742975604121,0.24950295658757157,0.22898627772531488
/mnt/data/model-ckpts/sam/sam2-hiera-large,MobileCLIP2-B,dfndr2b,0.9,0.7,"ThresholdGrid(conf=0.9,mask=0.7)",0.3071622597053647,0.35355520248413086,3.564453125,0.1759395434458469,0.17158176943699732,0.6210902591599643,0.2797140303842717,20.31,0.09413742975604121,0.24950295658757157,0.22898627772531488
/mnt/data/model-ckpts/sam/sam2-hiera-large,MobileCLIP2-B,dfndr2b,0.9,0.9,"ThresholdGrid(conf=0.9,mask=0.9)",0.31686284346506,0.35355520248413086,3.564453125,0.1759395434458469,0.17158176943699732,0.6210902591599643,0.2797140303842717,20.31,0.09413742975604121,0.24950295658757157,0.22898627772531488
/mnt/data/model-ckpts/sam/sam2-hiera-small,ViT-B-32,laion2b_s34b_b79k,0.5,0.5,"ThresholdGrid(conf=0.5,mask=0.5)",0.3859955002553761,0.41065168380737305,2.375,0.11400024371178315,0.1063449508489723,0.7819481680071493,0.20285969615728328,56.73,0.37365041497452134,0.26565118549496497,0.14262272302815426
/mnt/data/model-ckpts/sam/sam2-hiera-small,ViT-B-32,laion2b_s34b_b79k,0.5,0.7,"ThresholdGrid(conf=0.5,mask=0.7)",0.379646816290915,0.4104900360107422,2.375,0.11626101043282273,0.10813226094727435,0.7533512064343163,0.20464700625558535,42.12,0.16737799568740105,0.263678873006098,0.1484507026148282
/mnt/data/model-ckpts/sam/sam2-hiera-small,ViT-B-32,laion2b_s34b_b79k,0.5,0.9,"ThresholdGrid(conf=0.5,mask=0.9)",0.32657978357747197,0.410311222076416,2.375,0.11726330885238789,0.11170688114387846,0.6228775692582663,0.20196604110813227,21.7,0.09358404796980838,0.2571051030605366,0.1686572525361685
/mnt/data/model-ckpts/sam/sam2-hiera-small,ViT-B-32,laion2b_s34b_b79k,0.7,0.5,"ThresholdGrid(conf=0.7,mask=0.5)",0.3796555451117456,0.4104900360107422,2.375,0.11626101043282273,0.10813226094727435,0.7533512064343163,0.20464700625558535,42.12,0.16737799568740105,0.263678873006098,0.1484507026148282
/mnt/data/model-ckpts/sam/sam2-hiera-small,ViT-B-32,laion2b_s34b_b79k,0.7,0.7,"ThresholdGrid(conf=0.7,mask=0.7)",0.37095186999067664,0.4104900360107422,2.375,0.11626101043282273,0.10813226094727435,0.7533512064343163,0.20464700625558535,42.12,0.16737799568740105,0.263678873006098,0.1484507026148282
/mnt/data/model-ckpts/sam/sam2-hiera-small,ViT-B-32,laion2b_s34b_b79k,0.7,0.9,"ThresholdGrid(conf=0.7,mask=0.9)",0.32927256310358644,0.410311222076416,2.375,0.11726330885238789,0.11170688114387846,0.6228775692582663,0.20196604110813227,21.7,0.09358404796980838,0.2571051030605366,0.1686572525361685
/mnt/data/model-ckpts/sam/sam2-hiera-small,ViT-B-32,laion2b_s34b_b79k,0.9,0.5,"ThresholdGrid(conf=0.9,mask=0.5)",0.33047450706362724,0.410311222076416,2.375,0.11726330885238789,0.11170688114387846,0.6228775692582663,0.20196604110813227,21.7,0.09358404796980838,0.2571051030605366,0.1686572525361685
/mnt/data/model-ckpts/sam/sam2-hiera-small,ViT-B-32,laion2b_s34b_b79k,0.9,0.7,"ThresholdGrid(conf=0.9,mask=0.7)",0.3316333703696728,0.410311222076416,2.375,0.11726330885238789,0.11170688114387846,0.6228775692582663,0.20196604110813227,21.7,0.09358404796980838,0.2571051030605366,0.1686572525361685
/mnt/data/model-ckpts/sam/sam2-hiera-small,ViT-B-32,laion2b_s34b_b79k,0.9,0.9,"ThresholdGrid(conf=0.9,mask=0.9)",0.3372300718910992,0.410311222076416,2.375,0.11726330885238789,0.11170688114387846,0.6228775692582663,0.20196604110813227,21.7,0.09358404796980838,0.2571051030605366,0.1686572525361685
/mnt/data/model-ckpts/sam/sam2-hiera-small,ViT-B-32,datacomp_xl_s13b_b90k,0.5,0.5,"ThresholdGrid(conf=0.5,mask=0.5)",0.38829133147373796,0.41065168380737305,2.375,0.11301029690980303,0.10008936550491511,0.7819481680071493,0.20464700625558535,56.73,0.37365041497452134,0.21260401144477276,0.13992498326089056
/mnt/data/model-ckpts/sam/sam2-hiera-small,ViT-B-32,datacomp_xl_s13b_b90k,0.5,0.7,"ThresholdGrid(conf=0.5,mask=0.7)",0.37002773955464363,0.4104900360107422,2.375,0.10907690331932199,0.10008936550491511,0.7533512064343163,0.18945487042001788,42.12,0.16737799568740105,0.21042780452961363,0.1478780258341842
/mnt/data/model-ckpts/sam/sam2-hiera-small,ViT-B-32,datacomp_xl_s13b_b90k,0.5,0.9,"ThresholdGrid(conf=0.5,mask=0.9)",0.33018140820786357,0.410311222076416,2.375,0.1080938538248603,0.10098302055406613,0.6228775692582663,0.1840929401251117,21.7,0.09358404796980838,0.2042881831380275,0.15467836855560368
/mnt/data/model-ckpts/sam/sam2-hiera-small,ViT-B-32,datacomp_xl_s13b_b90k,0.7,0.5,"ThresholdGrid(conf=0.7,mask=0.5)",0.3773008123971522,0.4104900360107422,2.375,0.10907690331932199,0.10008936550491511,0.7533512064343163,0.18945487042001788,42.12,0.16737799568740105,0.21042780452961363,0.1478780258341842
/mnt/data/model-ckpts/sam/sam2-hiera-small,ViT-B-32,datacomp_xl_s13b_b90k,0.7,0.7,"ThresholdGrid(conf=0.7,mask=0.7)",0.3833968983963132,0.4104900360107422,2.375,0.10907690331932199,0.10008936550491511,0.7533512064343163,0.18945487042001788,42.12,0.16737799568740105,0.21042780452961363,0.1478780258341842
/mnt/data/model-ckpts/sam/sam2-hiera-small,ViT-B-32,datacomp_xl_s13b_b90k,0.7,0.9,"ThresholdGrid(conf=0.7,mask=0.9)",0.33132488373667,0.410311222076416,2.375,0.1080938538248603,0.10098302055406613,0.6228775692582663,0.1840929401251117,21.7,0.09358404796980838,0.2042881831380275,0.15467836855560368
/mnt/data/model-ckpts/sam/sam2-hiera-small,ViT-B-32,datacomp_xl_s13b_b90k,0.9,0.5,"ThresholdGrid(conf=0.9,mask=0.5)",0.33482487313449383,0.410311222076416,2.375,0.1080938538248603,0.10098302055406613,0.6228775692582663,0.1840929401251117,21.7,0.09358404796980838,0.2042881831380275,0.15467836855560368
/mnt/data/model-ckpts/sam/sam2-hiera-small,ViT-B-32,datacomp_xl_s13b_b90k,0.9,0.7,"ThresholdGrid(conf=0.9,mask=0.7)",0.3333118511363864,0.410311222076416,2.375,0.1080938538248603,0.10098302055406613,0.6228775692582663,0.1840929401251117,21.7,0.09358404796980838,0.2042881831380275,0.15467836855560368
/mnt/data/model-ckpts/sam/sam2-hiera-small,ViT-B-32,datacomp_xl_s13b_b90k,0.9,0.9,"ThresholdGrid(conf=0.9,mask=0.9)",0.33123181900009513,0.410311222076416,2.375,0.1080938538248603,0.10098302055406613,0.6228775692582663,0.1840929401251117,21.7,0.09358404796980838,0.2042881831380275,0.15467836855560368
/mnt/data/model-ckpts/sam/sam2-hiera-small,ViT-B-16,laion2b_s34b_b88k,0.5,0.5,"ThresholdGrid(conf=0.5,mask=0.5)",0.38693954702466726,0.4092411994934082,4.728515625,0.11574746849903035,0.09830205540661305,0.7819481680071493,0.21537086684539766,56.73,0.37365041497452134,0.24048617624671892,0.13771144152200135
/mnt/data/model-ckpts/sam/sam2-hiera-small,ViT-B-16,laion2b_s34b_b88k,0.5,0.7,"ThresholdGrid(conf=0.5,mask=0.7)",0.38019529078155756,0.40907955169677734,4.728515625,0.11262132296755631,0.09830205540661305,0.7533512064343163,0.20464700625558535,42.12,0.16737799568740105,0.23833149927231326,0.14693804981925343
/mnt/data/model-ckpts/sam/sam2-hiera-small,ViT-B-16,laion2b_s34b_b88k,0.5,0.9,"ThresholdGrid(conf=0.5,mask=0.9)",0.333844346459955,0.40890073776245117,4.728515625,0.11213277317069997,0.10008936550491511,0.6228775692582663,0.19839142091152814,21.7,0.09358404796980838,0.23269888273938838,0.1578143409464207
/mnt/data/model-ckpts/sam/sam2-hiera-small,ViT-B-16,laion2b_s34b_b88k,0.7,0.5,"ThresholdGrid(conf=0.7,mask=0.5)",0.3735032491385937,0.40907955169677734,4.728515625,0.11262132296755631,0.09830205540661305,0.7533512064343163,0.20464700625558535,42.12,0.16737799568740105,0.23833149927231326,0.14693804981925343
/mnt/data/model-ckpts/sam/sam2-hiera-small,ViT-B-16,laion2b_s34b_b88k,0.7,0.7,"ThresholdGrid(conf=0.7,mask=0.7)",0.3782549127936363,0.40907955169677734,4.728515625,0.11262132296755631,0.09830205540661305,0.7533512064343163,0.20464700625558535,42.12,0.16737799568740105,0.23833149927231326,0.14693804981925343
/mnt/data/model-ckpts/sam/sam2-hiera-small,ViT-B-16,laion2b_s34b_b88k,0.7,0.9,"ThresholdGrid(conf=0.7,mask=0.9)",0.3286261507309973,0.40890073776245117,4.728515625,0.11213277317069997,0.10008936550491511,0.6228775692582663,0.19839142091152814,21.7,0.09358404796980838,0.23269888273938838,0.1578143409464207
/mnt/data/model-ckpts/sam/sam2-hiera-small,ViT-B-16,laion2b_s34b_b88k,0.9,0.5,"ThresholdGrid(conf=0.9,mask=0.5)",0.3377957013435662,0.40890073776245117,4.728515625,0.11213277317069997,0.10008936550491511,0.6228775692582663,0.19839142091152814,21.7,0.09358404796980838,0.23269888273938838,0.1578143409464207
/mnt/data/model-ckpts/sam/sam2-hiera-small,ViT-B-16,laion2b_s34b_b88k,0.9,0.7,"ThresholdGrid(conf=0.9,mask=0.7)",0.33753159223124385,0.40890073776245117,4.728515625,0.11213277317069997,0.10008936550491511,0.6228775692582663,0.19839142091152814,21.7,0.09358404796980838,0.23269888273938838,0.1578143409464207
/mnt/data/model-ckpts/sam/sam2-hiera-small,ViT-B-16,laion2b_s34b_b88k,0.9,0.9,"ThresholdGrid(conf=0.9,mask=0.9)",0.34067287808284163,0.40890073776245117,4.728515625,0.11213277317069997,0.10008936550491511,0.6228775692582663,0.19839142091152814,21.7,0.09358404796980838,0.23269888273938838,0.1578143409464207
/mnt/data/model-ckpts/sam/sam2-hiera-small,ViT-B-16-SigLIP,webli,0.5,0.5,"ThresholdGrid(conf=0.5,mask=0.5)",0.38095009280368686,0.46209001541137695,4.62109375,0.1359945849408378,0.12779267202859695,0.7819481680071493,0.2448614834673816,56.73,0.37365041497452134,0.07764921059613086,0.16178831042516048
/mnt/data/model-ckpts/sam/sam2-hiera-small,ViT-B-16-SigLIP,webli,0.5,0.7,"ThresholdGrid(conf=0.5,mask=0.7)",0.38345082895830274,0.4618511199951172,4.62109375,0.13035502838617358,0.12421805183199285,0.7533512064343163,0.22698838248436104,42.12,0.16737799568740105,0.07577596582050775,0.16870183877372588
/mnt/data/model-ckpts/sam/sam2-hiera-small,ViT-B-16-SigLIP,webli,0.5,0.9,"ThresholdGrid(conf=0.5,mask=0.9)",0.3444740758277476,0.46158742904663086,4.62109375,0.13008460409129674,0.12421805183199285,0.6228775692582663,0.2162645218945487,21.7,0.09358404796980838,0.07014016439543973,0.17429934529469457
/mnt/data/model-ckpts/sam/sam2-hiera-small,ViT-B-16-SigLIP,webli,0.7,0.5,"ThresholdGrid(conf=0.7,mask=0.5)",0.3809811291284859,0.4618511199951172,4.62109375,0.13035502838617358,0.12421805183199285,0.7533512064343163,0.22698838248436104,42.12,0.16737799568740105,0.07577596582050775,0.16870183877372588
/mnt/data/model-ckpts/sam/sam2-hiera-small,ViT-B-16-SigLIP,webli,0.7,0.7,"ThresholdGrid(conf=0.7,mask=0.7)",0.37670497316867113,0.4618511199951172,4.62109375,0.13035502838617358,0.12421805183199285,0.7533512064343163,0.22698838248436104,42.12,0.16737799568740105,0.07577596582050775,0.16870183877372588
/mnt/data/model-ckpts/sam/sam2-hiera-small,ViT-B-16-SigLIP,webli,0.7,0.9,"ThresholdGrid(conf=0.7,mask=0.9)",0.3359283902682364,0.46158742904663086,4.62109375,0.13008460409129674,0.12421805183199285,0.6228775692582663,0.2162645218945487,21.7,0.09358404796980838,0.07014016439543973,0.17429934529469457
/mnt/data/model-ckpts/sam/sam2-hiera-small,ViT-B-16-SigLIP,webli,0.9,0.5,"ThresholdGrid(conf=0.9,mask=0.5)",0.34067308995872736,0.46158742904663086,4.62109375,0.13008460409129674,0.12421805183199285,0.6228775692582663,0.2162645218945487,21.7,0.09358404796980838,0.07014016439543973,0.17429934529469457
/mnt/data/model-ckpts/sam/sam2-hiera-small,ViT-B-16-SigLIP,webli,0.9,0.7,"ThresholdGrid(conf=0.9,mask=0.7)",0.33905608113855124,0.46158742904663086,4.62109375,0.13008460409129674,0.12421805183199285,0.6228775692582663,0.2162645218945487,21.7,0.09358404796980838,0.07014016439543973,0.17429934529469457
/mnt/data/model-ckpts/sam/sam2-hiera-small,ViT-B-16-SigLIP,webli,0.9,0.9,"ThresholdGrid(conf=0.9,mask=0.9)",0.34238142892718315,0.46158742904663086,4.62109375,0.13008460409129674,0.12421805183199285,0.6228775692582663,0.2162645218945487,21.7,0.09358404796980838,0.07014016439543973,0.17429934529469457
/mnt/data/model-ckpts/sam/sam2-hiera-small,ViT-L-14,laion2b_s32b_b82k,0.5,0.5,"ThresholdGrid(conf=0.5,mask=0.5)",0.3957820520736277,0.9582428932189941,7.267578125,0.12232031915031444,0.10723860589812333,0.7819481680071493,0.23145665773011617,56.73,0.37365041497452134,0.260967838740221,0.14607409213186703
/mnt/data/model-ckpts/sam/sam2-hiera-small,ViT-L-14,laion2b_s32b_b82k,0.5,0.7,"ThresholdGrid(conf=0.5,mask=0.7)",0.3910421463660896,0.9580039978027344,7.267578125,0.12486332413436936,0.1063449508489723,0.7533512064343163,0.2359249329758713,42.12,0.16737799568740105,0.2583616008121484,0.15209167243529234
/mnt/data/model-ckpts/sam/sam2-hiera-small,ViT-L-14,laion2b_s32b_b82k,0.5,0.9,"ThresholdGrid(conf=0.5,mask=0.9)",0.3469237661920488,0.957740306854248,7.267578125,0.12487410082303281,0.1126005361930295,0.6228775692582663,0.22162645218945487,21.7,0.09358404796980838,0.25087461404176137,0.16798087137541626
/mnt/data/model-ckpts/sam/sam2-hiera-small,ViT-L-14,laion2b_s32b_b82k,0.7,0.5,"ThresholdGrid(conf=0.7,mask=0.5)",0.38922943640500307,0.9580039978027344,7.267578125,0.12486332413436936,0.1063449508489723,0.7533512064343163,0.2359249329758713,42.12,0.16737799568740105,0.2583616008121484,0.15209167243529234
/mnt/data/model-ckpts/sam/sam2-hiera-small,ViT-L-14,laion2b_s32b_b82k,0.7,0.7,"ThresholdGrid(conf=0.7,mask=0.7)",0.3866948001086712,0.9580039978027344,7.267578125,0.12486332413436936,0.1063449508489723,0.7533512064343163,0.2359249329758713,42.12,0.16737799568740105,0.2583616008121484,0.15209167243529234
/mnt/data/model-ckpts/sam/sam2-hiera-small,ViT-L-14,laion2b_s32b_b82k,0.7,0.9,"ThresholdGrid(conf=0.7,mask=0.9)",0.3459386993199587,0.957740306854248,7.267578125,0.12487410082303281,0.1126005361930295,0.6228775692582663,0.22162645218945487,21.7,0.09358404796980838,0.25087461404176137,0.16798087137541626
/mnt/data/model-ckpts/sam/sam2-hiera-small,ViT-L-14,laion2b_s32b_b82k,0.9,0.5,"ThresholdGrid(conf=0.9,mask=0.5)",0.3485007700510323,0.957740306854248,7.267578125,0.12487410082303281,0.1126005361930295,0.6228775692582663,0.22162645218945487,21.7,0.09358404796980838,0.25087461404176137,0.16798087137541626
/mnt/data/model-ckpts/sam/sam2-hiera-small,ViT-L-14,laion2b_s32b_b82k,0.9,0.7,"ThresholdGrid(conf=0.9,mask=0.7)",0.3523333929479122,0.957740306854248,7.267578125,0.12487410082303281,0.1126005361930295,0.6228775692582663,0.22162645218945487,21.7,0.09358404796980838,0.25087461404176137,0.16798087137541626
/mnt/data/model-ckpts/sam/sam2-hiera-small,ViT-L-14,laion2b_s32b_b82k,0.9,0.9,"ThresholdGrid(conf=0.9,mask=0.9)",0.3505730419419706,0.957740306854248,7.267578125,0.12487410082303281,0.1126005361930295,0.6228775692582663,0.22162645218945487,21.7,0.09358404796980838,0.25087461404176137,0.16798087137541626
/mnt/data/model-ckpts/sam/sam2-hiera-small,ViT-L-14,dfn2b,0.5,0.5,"ThresholdGrid(conf=0.5,mask=0.5)",0.39783514104783535,0.9582428932189941,7.267578125,0.13931840595913508,0.13494191242180517,0.7819481680071493,0.2350312779267203,56.73,0.37365041497452134,0.21053725297265655,0.17470086205223367
/mnt/data/model-ckpts/sam/sam2-hiera-small,ViT-L-14,dfn2b,0.5,0.7,"ThresholdGrid(conf=0.5,mask=0.7)",0.38162468699738383,0.9580039978027344,7.267578125,0.13925946743905362,0.1385165326184093,0.7533512064343163,0.22966934763181412,42.12,0.16737799568740105,0.2075294257808307,0.18310861719656252
/mnt/data/model-ckpts/sam/sam2-hiera-small,ViT-L-14,dfn2b,0.5,0.9,"ThresholdGrid(conf=0.5,mask=0.9)",0.3404826787300408,0.957740306854248,7.267578125,0.13649231915865587,0.13404825737265416,0.6228775692582663,0.21983914209115282,21.7,0.09358404796980838,0.201000106278757,0.19019646829466258
/mnt/data/model-ckpts/sam/sam2-hiera-small,ViT-L-14,dfn2b,0.7,0.5,"ThresholdGrid(conf=0.7,mask=0.5)",0.37567046005278826,0.9580039978027344,7.267578125,0.13925946743905362,0.1385165326184093,0.7533512064343163,0.22966934763181412,42.12,0.16737799568740105,0.2075294257808307,0.18310861719656252
/mnt/data/model-ckpts/sam/sam2-hiera-small,ViT-L-14,dfn2b,0.7,0.7,"ThresholdGrid(conf=0.7,mask=0.7)",0.37600755225867033,0.9580039978027344,7.267578125,0.13925946743905362,0.1385165326184093,0.7533512064343163,0.22966934763181412,42.12,0.16737799568740105,0.2075294257808307,0.18310861719656252
/mnt/data/model-ckpts/sam/sam2-hiera-small,ViT-L-14,dfn2b,0.7,0.9,"ThresholdGrid(conf=0.7,mask=0.9)",0.34373956033959985,0.957740306854248,7.267578125,0.13649231915865587,0.13404825737265416,0.6228775692582663,0.21983914209115282,21.7,0.09358404796980838,0.201000106278757,0.19019646829466258
/mnt/data/model-ckpts/sam/sam2-hiera-small,ViT-L-14,dfn2b,0.9,0.5,"ThresholdGrid(conf=0.9,mask=0.5)",0.348409079015255,0.957740306854248,7.267578125,0.13649231915865587,0.13404825737265416,0.6228775692582663,0.21983914209115282,21.7,0.09358404796980838,0.201000106278757,0.19019646829466258
/mnt/data/model-ckpts/sam/sam2-hiera-small,ViT-L-14,dfn2b,0.9,0.7,"ThresholdGrid(conf=0.9,mask=0.7)",0.35042528295889497,0.957740306854248,7.267578125,0.13649231915865587,0.13404825737265416,0.6228775692582663,0.21983914209115282,21.7,0.09358404796980838,0.201000106278757,0.19019646829466258
/mnt/data/model-ckpts/sam/sam2-hiera-small,ViT-L-14,dfn2b,0.9,0.9,"ThresholdGrid(conf=0.9,mask=0.9)",0.3436741419136524,0.957740306854248,7.267578125,0.13649231915865587,0.13404825737265416,0.6228775692582663,0.21983914209115282,21.7,0.09358404796980838,0.201000106278757,0.19019646829466258
/mnt/data/model-ckpts/sam/sam2-hiera-small,ViT-L-14,datacomp_xl_s13b_b90k,0.5,0.5,"ThresholdGrid(conf=0.5,mask=0.5)",0.3946543810889125,0.9582428932189941,7.267578125,0.12894943741808343,0.11885612153708669,0.7819481680071493,0.23413762287756926,56.73,0.37365041497452134,0.19928687290888583,0.15573612635195958
/mnt/data/model-ckpts/sam/sam2-hiera-small,ViT-L-14,datacomp_xl_s13b_b90k,0.5,0.7,"ThresholdGrid(conf=0.5,mask=0.7)",0.38006969494745135,0.9580039978027344,7.267578125,0.1314589092552924,0.11974977658623771,0.7533512064343163,0.23145665773011617,42.12,0.16737799568740105,0.19584164691887548,0.16565218376637805
/mnt/data/model-ckpts/sam/sam2-hiera-small,ViT-L-14,datacomp_xl_s13b_b90k,0.5,0.9,"ThresholdGrid(conf=0.5,mask=0.9)",0.3407168900594115,0.957740306854248,7.267578125,0.12220051527129833,0.11170688114387846,0.6228775692582663,0.21090259159964253,21.7,0.09358404796980838,0.18755361822644337,0.17087912348088302
/mnt/data/model-ckpts/sam/sam2-hiera-small,ViT-L-14,datacomp_xl_s13b_b90k,0.7,0.5,"ThresholdGrid(conf=0.7,mask=0.5)",0.3775871265679598,0.9580039978027344,7.267578125,0.1314589092552924,0.11974977658623771,0.7533512064343163,0.23145665773011617,42.12,0.16737799568740105,0.19584164691887548,0.16565218376637805
/mnt/data/model-ckpts/sam/sam2-hiera-small,ViT-L-14,datacomp_xl_s13b_b90k,0.7,0.7,"ThresholdGrid(conf=0.7,mask=0.7)",0.37725430680438876,0.9580039978027344,7.267578125,0.1314589092552924,0.11974977658623771,0.7533512064343163,0.23145665773011617,42.12,0.16737799568740105,0.19584164691887548,0.16565218376637805
/mnt/data/model-ckpts/sam/sam2-hiera-small,ViT-L-14,datacomp_xl_s13b_b90k,0.7,0.9,"ThresholdGrid(conf=0.7,mask=0.9)",0.34181045135483146,0.957740306854248,7.267578125,0.12220051527129833,0.11170688114387846,0.6228775692582663,0.21090259159964253,21.7,0.09358404796980838,0.18755361822644337,0.17087912348088302
/mnt/data/model-ckpts/sam/sam2-hiera-small,ViT-L-14,datacomp_xl_s13b_b90k,0.9,0.5,"ThresholdGrid(conf=0.9,mask=0.5)",0.3411386604420841,0.957740306854248,7.267578125,0.12220051527129833,0.11170688114387846,0.6228775692582663,0.21090259159964253,21.7,0.09358404796980838,0.18755361822644337,0.17087912348088302
/mnt/data/model-ckpts/sam/sam2-hiera-small,ViT-L-14,datacomp_xl_s13b_b90k,0.9,0.7,"ThresholdGrid(conf=0.9,mask=0.7)",0.3405215940438211,0.957740306854248,7.267578125,0.12220051527129833,0.11170688114387846,0.6228775692582663,0.21090259159964253,21.7,0.09358404796980838,0.18755361822644337,0.17087912348088302
/mnt/data/model-ckpts/sam/sam2-hiera-small,ViT-L-14,datacomp_xl_s13b_b90k,0.9,0.9,"ThresholdGrid(conf=0.9,mask=0.9)",0.3424004511907697,0.957740306854248,7.267578125,0.12220051527129833,0.11170688114387846,0.6228775692582663,0.21090259159964253,21.7,0.09358404796980838,0.18755361822644337,0.17087912348088302
/mnt/data/model-ckpts/sam/sam2-hiera-small,MobileCLIP-S1,datacompdr,0.5,0.5,"ThresholdGrid(conf=0.5,mask=0.5)",0.3717174963094294,0.23053359985351562,9.8671875,0.15944789024829792,0.14924039320822163,0.7819481680071493,0.291331546023235,56.73,0.37365041497452134,0.22179098018479199,0.18688662438022782
/mnt/data/model-ckpts/sam/sam2-hiera-small,MobileCLIP-S1,datacompdr,0.5,0.7,"ThresholdGrid(conf=0.5,mask=0.7)",0.36587939132004976,0.23037195205688477,9.8671875,0.15234273812778754,0.14298480786416443,0.7533512064343163,0.2734584450402145,42.12,0.16737799568740105,0.21850547864966569,0.19146744485260878
/mnt/data/model-ckpts/sam/sam2-hiera-small,MobileCLIP-S1,datacompdr,0.5,0.9,"ThresholdGrid(conf=0.5,mask=0.9)",0.3315653349272907,0.2301931381225586,9.8671875,0.14004192530332446,0.128686327077748,0.6228775692582663,0.24396782841823056,21.7,0.09358404796980838,0.21218923683726862,0.19399866593221093
/mnt/data/model-ckpts/sam/sam2-hiera-small,MobileCLIP-S1,datacompdr,0.7,0.5,"ThresholdGrid(conf=0.7,mask=0.5)",0.36336782155558467,0.23037195205688477,9.8671875,0.15234273812778754,0.14298480786416443,0.7533512064343163,0.2734584450402145,42.12,0.16737799568740105,0.21850547864966569,0.19146744485260878
/mnt/data/model-ckpts/sam/sam2-hiera-small,MobileCLIP-S1,datacompdr,0.7,0.7,"ThresholdGrid(conf=0.7,mask=0.7)",0.3608006681315601,0.23037195205688477,9.8671875,0.15234273812778754,0.14298480786416443,0.7533512064343163,0.2734584450402145,42.12,0.16737799568740105,0.21850547864966569,0.19146744485260878
/mnt/data/model-ckpts/sam/sam2-hiera-small,MobileCLIP-S1,datacompdr,0.7,0.9,"ThresholdGrid(conf=0.7,mask=0.9)",0.3293324261903763,0.2301931381225586,9.8671875,0.14004192530332446,0.128686327077748,0.6228775692582663,0.24396782841823056,21.7,0.09358404796980838,0.21218923683726862,0.19399866593221093
/mnt/data/model-ckpts/sam/sam2-hiera-small,MobileCLIP-S1,datacompdr,0.9,0.5,"ThresholdGrid(conf=0.9,mask=0.5)",0.3326720907352865,0.2301931381225586,9.8671875,0.14004192530332446,0.128686327077748,0.6228775692582663,0.24396782841823056,21.7,0.09358404796980838,0.21218923683726862,0.19399866593221093
/mnt/data/model-ckpts/sam/sam2-hiera-small,MobileCLIP-S1,datacompdr,0.9,0.7,"ThresholdGrid(conf=0.9,mask=0.7)",0.328046188224107,0.2301931381225586,9.8671875,0.14004192530332446,0.128686327077748,0.6228775692582663,0.24396782841823056,21.7,0.09358404796980838,0.21218923683726862,0.19399866593221093
/mnt/data/model-ckpts/sam/sam2-hiera-small,MobileCLIP-S1,datacompdr,0.9,0.9,"ThresholdGrid(conf=0.9,mask=0.9)",0.3250643238425255,0.2301931381225586,9.8671875,0.14004192530332446,0.128686327077748,0.6228775692582663,0.24396782841823056,21.7,0.09358404796980838,0.21218923683726862,0.19399866593221093
/mnt/data/model-ckpts/sam/sam2-hiera-small,MobileCLIP-S2,datacompdr,0.5,0.5,"ThresholdGrid(conf=0.5,mask=0.5)",0.3759030718356371,0.2583956718444824,12.248046875,0.1577529298120562,0.14387846291331546,0.7819481680071493,0.2868632707774799,56.73,0.37365041497452134,0.22749632786063875,0.18971468583101883
/mnt/data/model-ckpts/sam/sam2-hiera-small,MobileCLIP-S2,datacompdr,0.5,0.7,"ThresholdGrid(conf=0.5,mask=0.7)",0.36018925718963146,0.25823402404785156,12.248046875,0.1594690133664998,0.14655942806076855,0.7533512064343163,0.27882037533512066,42.12,0.16737799568740105,0.22418634790570954,0.19850197199209263
/mnt/data/model-ckpts/sam/sam2-hiera-small,MobileCLIP-S2,datacompdr,0.5,0.9,"ThresholdGrid(conf=0.5,mask=0.9)",0.3340479778125882,0.2580552101135254,12.248046875,0.15378071693123727,0.14298480786416443,0.6228775692582663,0.2529043789097408,21.7,0.09358404796980838,0.21727883060719946,0.2051633104438932
/mnt/data/model-ckpts/sam/sam2-hiera-small,MobileCLIP-S2,datacompdr,0.7,0.5,"ThresholdGrid(conf=0.7,mask=0.5)",0.3656695503741503,0.25823402404785156,12.248046875,0.1594690133664998,0.14655942806076855,0.7533512064343163,0.27882037533512066,42.12,0.16737799568740105,0.22418634790570954,0.19850197199209263
/mnt/data/model-ckpts/sam/sam2-hiera-small,MobileCLIP-S2,datacompdr,0.7,0.7,"ThresholdGrid(conf=0.7,mask=0.7)",0.3621919290162623,0.25823402404785156,12.248046875,0.1594690133664998,0.14655942806076855,0.7533512064343163,0.27882037533512066,42.12,0.16737799568740105,0.22418634790570954,0.19850197199209263
/mnt/data/model-ckpts/sam/sam2-hiera-small,MobileCLIP-S2,datacompdr,0.7,0.9,"ThresholdGrid(conf=0.7,mask=0.9)",0.32746438402682543,0.2580552101135254,12.248046875,0.15378071693123727,0.14298480786416443,0.6228775692582663,0.2529043789097408,21.7,0.09358404796980838,0.21727883060719946,0.2051633104438932
/mnt/data/model-ckpts/sam/sam2-hiera-small,MobileCLIP-S2,datacompdr,0.9,0.5,"ThresholdGrid(conf=0.9,mask=0.5)",0.3198142861947417,0.2580552101135254,12.248046875,0.15378071693123727,0.14298480786416443,0.6228775692582663,0.2529043789097408,21.7,0.09358404796980838,0.21727883060719946,0.2051633104438932
/mnt/data/model-ckpts/sam/sam2-hiera-small,MobileCLIP-S2,datacompdr,0.9,0.7,"ThresholdGrid(conf=0.9,mask=0.7)",0.32388942781835794,0.2580552101135254,12.248046875,0.15378071693123727,0.14298480786416443,0.6228775692582663,0.2529043789097408,21.7,0.09358404796980838,0.21727883060719946,0.2051633104438932
/mnt/data/model-ckpts/sam/sam2-hiera-small,MobileCLIP-S2,datacompdr,0.9,0.9,"ThresholdGrid(conf=0.9,mask=0.9)",0.32378278439864516,0.2580552101135254,12.248046875,0.15378071693123727,0.14298480786416443,0.6228775692582663,0.2529043789097408,21.7,0.09358404796980838,0.21727883060719946,0.2051633104438932
/mnt/data/model-ckpts/sam/sam2-hiera-small,ViT-H-14,laion2b_s32b_b79k,0.5,0.5,"ThresholdGrid(conf=0.5,mask=0.5)",0.39782552514225245,2.0320258140563965,10.970703125,0.12976596126323425,0.12153708668453976,0.7819481680071493,0.23681858802502234,56.73,0.37365041497452134,0.25583555154549,0.1535281836108801
/mnt/data/model-ckpts/sam/sam2-hiera-small,ViT-H-14,laion2b_s32b_b79k,0.5,0.7,"ThresholdGrid(conf=0.5,mask=0.7)",0.3870790312066674,2.031709671020508,10.970703125,0.12397368375074275,0.11438784629133154,0.7533512064343163,0.22162645218945487,42.12,0.16737799568740105,0.25261755366214583,0.15909955543995027
/mnt/data/model-ckpts/sam/sam2-hiera-small,ViT-H-14,laion2b_s32b_b79k,0.5,0.9,"ThresholdGrid(conf=0.5,mask=0.9)",0.344178881496191,2.0313611030578613,10.970703125,0.1301881420856688,0.1224307417336908,0.6228775692582663,0.21805183199285075,21.7,0.09358404796980838,0.24374058146206154,0.17384076917142102
/mnt/data/model-ckpts/sam/sam2-hiera-small,ViT-H-14,laion2b_s32b_b79k,0.7,0.5,"ThresholdGrid(conf=0.7,mask=0.5)",0.3799437452107668,2.031709671020508,10.970703125,0.12397368375074275,0.11438784629133154,0.7533512064343163,0.22162645218945487,42.12,0.16737799568740105,0.25261755366214583,0.15909955543995027
/mnt/data/model-ckpts/sam/sam2-hiera-small,ViT-H-14,laion2b_s32b_b79k,0.7,0.7,"ThresholdGrid(conf=0.7,mask=0.7)",0.3772672195918858,2.031709671020508,10.970703125,0.12397368375074275,0.11438784629133154,0.7533512064343163,0.22162645218945487,42.12,0.16737799568740105,0.25261755366214583,0.15909955543995027
/mnt/data/model-ckpts/sam/sam2-hiera-small,ViT-H-14,laion2b_s32b_b79k,0.7,0.9,"ThresholdGrid(conf=0.7,mask=0.9)",0.35038232104852796,2.0313611030578613,10.970703125,0.1301881420856688,0.1224307417336908,0.6228775692582663,0.21805183199285075,21.7,0.09358404796980838,0.24374058146206154,0.17384076917142102
/mnt/data/model-ckpts/sam/sam2-hiera-small,ViT-H-14,laion2b_s32b_b79k,0.9,0.5,"ThresholdGrid(conf=0.9,mask=0.5)",0.34631603863090277,2.0313611030578613,10.970703125,0.1301881420856688,0.1224307417336908,0.6228775692582663,0.21805183199285075,21.7,0.09358404796980838,0.24374058146206154,0.17384076917142102
/mnt/data/model-ckpts/sam/sam2-hiera-small,ViT-H-14,laion2b_s32b_b79k,0.9,0.7,"ThresholdGrid(conf=0.9,mask=0.7)",0.34938576398417354,2.0313611030578613,10.970703125,0.1301881420856688,0.1224307417336908,0.6228775692582663,0.21805183199285075,21.7,0.09358404796980838,0.24374058146206154,0.17384076917142102
/mnt/data/model-ckpts/sam/sam2-hiera-small,ViT-H-14,laion2b_s32b_b79k,0.9,0.9,"ThresholdGrid(conf=0.9,mask=0.9)",0.34869381226599216,2.0313611030578613,10.970703125,0.1301881420856688,0.1224307417336908,0.6228775692582663,0.21805183199285075,21.7,0.09358404796980838,0.24374058146206154,0.17384076917142102
/mnt/data/model-ckpts/sam/sam2-hiera-small,ViT-H-14,metaclip_fullcc,0.5,0.5,"ThresholdGrid(conf=0.5,mask=0.5)",0.3948905458673835,2.0320258140563965,10.970703125,0.14492575162571436,0.12689901697944594,0.7819481680071493,0.2645218945487042,56.73,0.37365041497452134,0.3185733151925899,0.1840305522805223
/mnt/data/model-ckpts/sam/sam2-hiera-small,ViT-H-14,metaclip_fullcc,0.5,0.7,"ThresholdGrid(conf=0.5,mask=0.7)",0.3783018607646227,2.031709671020508,10.970703125,0.15072056401518236,0.13494191242180517,0.7533512064343163,0.26988382484361034,42.12,0.16737799568740105,0.31762643346198444,0.19131138965308422
/mnt/data/model-ckpts/sam/sam2-hiera-small,ViT-H-14,metaclip_fullcc,0.5,0.9,"ThresholdGrid(conf=0.5,mask=0.9)",0.353113308083266,2.0313611030578613,10.970703125,0.1502531933131507,0.13672922252010725,0.6228775692582663,0.256478999106345,21.7,0.09358404796980838,0.3151455264042487,0.19339674712789381
/mnt/data/model-ckpts/sam/sam2-hiera-small,ViT-H-14,metaclip_fullcc,0.7,0.5,"ThresholdGrid(conf=0.7,mask=0.5)",0.3817138960584998,2.031709671020508,10.970703125,0.15072056401518236,0.13494191242180517,0.7533512064343163,0.26988382484361034,42.12,0.16737799568740105,0.31762643346198444,0.19131138965308422
/mnt/data/model-ckpts/sam/sam2-hiera-small,ViT-H-14,metaclip_fullcc,0.7,0.7,"ThresholdGrid(conf=0.7,mask=0.7)",0.3813550644554198,2.031709671020508,10.970703125,0.15072056401518236,0.13494191242180517,0.7533512064343163,0.26988382484361034,42.12,0.16737799568740105,0.31762643346198444,0.19131138965308422
/mnt/data/model-ckpts/sam/sam2-hiera-small,ViT-H-14,metaclip_fullcc,0.7,0.9,"ThresholdGrid(conf=0.7,mask=0.9)",0.34724075347185135,2.0313611030578613,10.970703125,0.1502531933131507,0.13672922252010725,0.6228775692582663,0.256478999106345,21.7,0.09358404796980838,0.3151455264042487,0.19339674712789381
/mnt/data/model-ckpts/sam/sam2-hiera-small,ViT-H-14,metaclip_fullcc,0.9,0.5,"ThresholdGrid(conf=0.9,mask=0.5)",0.3471724223345518,2.0313611030578613,10.970703125,0.1502531933131507,0.13672922252010725,0.6228775692582663,0.256478999106345,21.7,0.09358404796980838,0.3151455264042487,0.19339674712789381
/mnt/data/model-ckpts/sam/sam2-hiera-small,ViT-H-14,metaclip_fullcc,0.9,0.7,"ThresholdGrid(conf=0.9,mask=0.7)",0.3478674218058586,2.0313611030578613,10.970703125,0.1502531933131507,0.13672922252010725,0.6228775692582663,0.256478999106345,21.7,0.09358404796980838,0.3151455264042487,0.19339674712789381
/mnt/data/model-ckpts/sam/sam2-hiera-small,ViT-H-14,metaclip_fullcc,0.9,0.9,"ThresholdGrid(conf=0.9,mask=0.9)",0.3464453248307109,2.0313611030578613,10.970703125,0.1502531933131507,0.13672922252010725,0.6228775692582663,0.256478999106345,21.7,0.09358404796980838,0.3151455264042487,0.19339674712789381
/mnt/data/model-ckpts/sam/sam2-hiera-small,ViT-B-16-SigLIP2,webli,0.5,0.5,"ThresholdGrid(conf=0.5,mask=0.5)",0.38026608992367983,0.784355640411377,4.94140625,0.13300482971830235,0.1224307417336908,0.7819481680071493,0.24307417336907952,56.73,0.37365041497452134,0.10296738366791987,0.16054069324842832
/mnt/data/model-ckpts/sam/sam2-hiera-small,ViT-B-16-SigLIP2,webli,0.5,0.7,"ThresholdGrid(conf=0.5,mask=0.7)",0.3728428017348051,0.7841167449951172,4.94140625,0.13399220145979537,0.12153708668453976,0.7533512064343163,0.2350312779267203,42.12,0.16737799568740105,0.10144665877903221,0.1690508632268224
/mnt/data/model-ckpts/sam/sam2-hiera-small,ViT-B-16-SigLIP2,webli,0.5,0.9,"ThresholdGrid(conf=0.5,mask=0.9)",0.3478869912214577,0.7838530540466309,4.94140625,0.13185311580029055,0.11796246648793565,0.6228775692582663,0.22430741733690795,21.7,0.09358404796980838,0.0979410062932723,0.1766777769652165
/mnt/data/model-ckpts/sam/sam2-hiera-small,ViT-B-16-SigLIP2,webli,0.7,0.5,"ThresholdGrid(conf=0.7,mask=0.5)",0.369194308295846,0.7841167449951172,4.94140625,0.13399220145979537,0.12153708668453976,0.7533512064343163,0.2350312779267203,42.12,0.16737799568740105,0.10144665877903221,0.1690508632268224
/mnt/data/model-ckpts/sam/sam2-hiera-small,ViT-B-16-SigLIP2,webli,0.7,0.7,"ThresholdGrid(conf=0.7,mask=0.7)",0.3669741773046553,0.7841167449951172,4.94140625,0.13399220145979537,0.12153708668453976,0.7533512064343163,0.2350312779267203,42.12,0.16737799568740105,0.10144665877903221,0.1690508632268224
/mnt/data/model-ckpts/sam/sam2-hiera-small,ViT-B-16-SigLIP2,webli,0.7,0.9,"ThresholdGrid(conf=0.7,mask=0.9)",0.33142871456220746,0.7838530540466309,4.94140625,0.13185311580029055,0.11796246648793565,0.6228775692582663,0.22430741733690795,21.7,0.09358404796980838,0.0979410062932723,0.1766777769652165
/mnt/data/model-ckpts/sam/sam2-hiera-small,ViT-B-16-SigLIP2,webli,0.9,0.5,"ThresholdGrid(conf=0.9,mask=0.5)",0.3333079325966537,0.7838530540466309,4.94140625,0.13185311580029055,0.11796246648793565,0.6228775692582663,0.22430741733690795,21.7,0.09358404796980838,0.0979410062932723,0.1766777769652165
/mnt/data/model-ckpts/sam/sam2-hiera-small,ViT-B-16-SigLIP2,webli,0.9,0.7,"ThresholdGrid(conf=0.9,mask=0.7)",0.3301872406154871,0.7838530540466309,4.94140625,0.13185311580029055,0.11796246648793565,0.6228775692582663,0.22430741733690795,21.7,0.09358404796980838,0.0979410062932723,0.1766777769652165
/mnt/data/model-ckpts/sam/sam2-hiera-small,ViT-B-16-SigLIP2,webli,0.9,0.9,"ThresholdGrid(conf=0.9,mask=0.9)",0.3333178232423961,0.7838530540466309,4.94140625,0.13185311580029055,0.11796246648793565,0.6228775692582663,0.22430741733690795,21.7,0.09358404796980838,0.0979410062932723,0.1766777769652165
/mnt/data/model-ckpts/sam/sam2-hiera-small,ViT-L-16-SigLIP2-384,webli,0.5,0.5,"ThresholdGrid(conf=0.5,mask=0.5)",0.3914886503480375,1.7157073020935059,14.123046875,0.15615854374438629,0.1456657730116175,0.7819481680071493,0.28239499553172476,56.73,0.37365041497452134,0.1047150784332748,0.18888538253835077
/mnt/data/model-ckpts/sam/sam2-hiera-small,ViT-L-16-SigLIP2-384,webli,0.5,0.7,"ThresholdGrid(conf=0.5,mask=0.7)",0.3790409117937088,1.7153911590576172,14.123046875,0.147684783213808,0.13941018766756033,0.7533512064343163,0.25915996425379806,42.12,0.16737799568740105,0.10272125178037529,0.19078689587421283
/mnt/data/model-ckpts/sam/sam2-hiera-small,ViT-L-16-SigLIP2-384,webli,0.5,0.9,"ThresholdGrid(conf=0.5,mask=0.9)",0.34077391726896167,1.7150425910949707,14.123046875,0.13828893889575172,0.1260053619302949,0.6228775692582663,0.2350312779267203,21.7,0.09358404796980838,0.09814278504430875,0.18648426076482968
/mnt/data/model-ckpts/sam/sam2-hiera-small,ViT-L-16-SigLIP2-384,webli,0.7,0.5,"ThresholdGrid(conf=0.7,mask=0.5)",0.38352319970726967,1.7153911590576172,14.123046875,0.147684783213808,0.13941018766756033,0.7533512064343163,0.25915996425379806,42.12,0.16737799568740105,0.10272125178037529,0.19078689587421283
/mnt/data/model-ckpts/sam/sam2-hiera-small,ViT-L-16-SigLIP2-384,webli,0.7,0.7,"ThresholdGrid(conf=0.7,mask=0.7)",0.37768635665997863,1.7153911590576172,14.123046875,0.147684783213808,0.13941018766756033,0.7533512064343163,0.25915996425379806,42.12,0.16737799568740105,0.10272125178037529,0.19078689587421283
/mnt/data/model-ckpts/sam/sam2-hiera-small,ViT-L-16-SigLIP2-384,webli,0.7,0.9,"ThresholdGrid(conf=0.7,mask=0.9)",0.3373738285154104,1.7150425910949707,14.123046875,0.13828893889575172,0.1260053619302949,0.6228775692582663,0.2350312779267203,21.7,0.09358404796980838,0.09814278504430875,0.18648426076482968
/mnt/data/model-ckpts/sam/sam2-hiera-small,ViT-L-16-SigLIP2-384,webli,0.9,0.5,"ThresholdGrid(conf=0.9,mask=0.5)",0.3452851320616901,1.7150425910949707,14.123046875,0.13828893889575172,0.1260053619302949,0.6228775692582663,0.2350312779267203,21.7,0.09358404796980838,0.09814278504430875,0.18648426076482968
/mnt/data/model-ckpts/sam/sam2-hiera-small,ViT-L-16-SigLIP2-384,webli,0.9,0.7,"ThresholdGrid(conf=0.9,mask=0.7)",0.33838095609098673,1.7150425910949707,14.123046875,0.13828893889575172,0.1260053619302949,0.6228775692582663,0.2350312779267203,21.7,0.09358404796980838,0.09814278504430875,0.18648426076482968
/mnt/data/model-ckpts/sam/sam2-hiera-small,ViT-L-16-SigLIP2-384,webli,0.9,0.9,"ThresholdGrid(conf=0.9,mask=0.9)",0.34156292444095016,1.7150425910949707,14.123046875,0.13828893889575172,0.1260053619302949,0.6228775692582663,0.2350312779267203,21.7,0.09358404796980838,0.09814278504430875,0.18648426076482968
/mnt/data/model-ckpts/sam/sam2-hiera-small,EVA02-B-16,merged2b_s8b_b131k,0.5,0.5,"ThresholdGrid(conf=0.5,mask=0.5)",0.37292071152478456,0.35441160202026367,5.05078125,0.13443182764369183,0.12689901697944594,0.7819481680071493,0.23145665773011617,56.73,0.37365041497452134,0.16576317956103503,0.15661029972627383
/mnt/data/model-ckpts/sam/sam2-hiera-small,EVA02-B-16,merged2b_s8b_b131k,0.5,0.7,"ThresholdGrid(conf=0.5,mask=0.7)",0.36256738007068634,0.3542499542236328,5.05078125,0.13149079058365112,0.12332439678284182,0.7533512064343163,0.21983914209115282,42.12,0.16737799568740105,0.16398565981860028,0.16360379419159113
/mnt/data/model-ckpts/sam/sam2-hiera-small,EVA02-B-16,merged2b_s8b_b131k,0.5,0.9,"ThresholdGrid(conf=0.5,mask=0.9)",0.32752881990745664,0.35407114028930664,5.05078125,0.13106755213118068,0.12064343163538874,0.6228775692582663,0.21805183199285075,21.7,0.09358404796980838,0.16002078903664213,0.1736980331818856
/mnt/data/model-ckpts/sam/sam2-hiera-small,EVA02-B-16,merged2b_s8b_b131k,0.7,0.5,"ThresholdGrid(conf=0.7,mask=0.5)",0.35939266439527273,0.3542499542236328,5.05078125,0.13149079058365112,0.12332439678284182,0.7533512064343163,0.21983914209115282,42.12,0.16737799568740105,0.16398565981860028,0.16360379419159113
/mnt/data/model-ckpts/sam/sam2-hiera-small,EVA02-B-16,merged2b_s8b_b131k,0.7,0.7,"ThresholdGrid(conf=0.7,mask=0.7)",0.3603871539235115,0.3542499542236328,5.05078125,0.13149079058365112,0.12332439678284182,0.7533512064343163,0.21983914209115282,42.12,0.16737799568740105,0.16398565981860028,0.16360379419159113
/mnt/data/model-ckpts/sam/sam2-hiera-small,EVA02-B-16,merged2b_s8b_b131k,0.7,0.9,"ThresholdGrid(conf=0.7,mask=0.9)",0.3254874120466411,0.35407114028930664,5.05078125,0.13106755213118068,0.12064343163538874,0.6228775692582663,0.21805183199285075,21.7,0.09358404796980838,0.16002078903664213,0.1736980331818856
/mnt/data/model-ckpts/sam/sam2-hiera-small,EVA02-B-16,merged2b_s8b_b131k,0.9,0.5,"ThresholdGrid(conf=0.9,mask=0.5)",0.32784869661554694,0.35407114028930664,5.05078125,0.13106755213118068,0.12064343163538874,0.6228775692582663,0.21805183199285075,21.7,0.09358404796980838,0.16002078903664213,0.1736980331818856
/mnt/data/model-ckpts/sam/sam2-hiera-small,EVA02-B-16,merged2b_s8b_b131k,0.9,0.7,"ThresholdGrid(conf=0.9,mask=0.7)",0.33391803270205855,0.35407114028930664,5.05078125,0.13106755213118068,0.12064343163538874,0.6228775692582663,0.21805183199285075,21.7,0.09358404796980838,0.16002078903664213,0.1736980331818856
/mnt/data/model-ckpts/sam/sam2-hiera-small,EVA02-B-16,merged2b_s8b_b131k,0.9,0.9,"ThresholdGrid(conf=0.9,mask=0.9)",0.330460024997592,0.35407114028930664,5.05078125,0.13106755213118068,0.12064343163538874,0.6228775692582663,0.21805183199285075,21.7,0.09358404796980838,0.16002078903664213,0.1736980331818856
/mnt/data/model-ckpts/sam/sam2-hiera-small,EVA02-L-14,merged2b_s4b_b131k,0.5,0.5,"ThresholdGrid(conf=0.5,mask=0.5)",0.3792162495665252,0.8763113021850586,9.154296875,0.13835389215513413,0.12689901697944594,0.7819481680071493,0.25022341376228774,56.73,0.37365041497452134,0.2118935369561036,0.16885682636078161
/mnt/data/model-ckpts/sam/sam2-hiera-small,EVA02-L-14,merged2b_s4b_b131k,0.5,0.7,"ThresholdGrid(conf=0.5,mask=0.7)",0.3687947802245617,0.8760724067687988,9.154296875,0.13219992725924382,0.1224307417336908,0.7533512064343163,0.23324396782841822,42.12,0.16737799568740105,0.20985733206992283,0.17515852521860045
/mnt/data/model-ckpts/sam/sam2-hiera-small,EVA02-L-14,merged2b_s4b_b131k,0.5,0.9,"ThresholdGrid(conf=0.5,mask=0.9)",0.3434193995781243,0.8758087158203125,9.154296875,0.13422138030763225,0.12511170688114387,0.6228775692582663,0.22698838248436104,21.7,0.09358404796980838,0.2047786165205254,0.1825818838587682
/mnt/data/model-ckpts/sam/sam2-hiera-small,EVA02-L-14,merged2b_s4b_b131k,0.7,0.5,"ThresholdGrid(conf=0.7,mask=0.5)",0.3763492894358933,0.8760724067687988,9.154296875,0.13219992725924382,0.1224307417336908,0.7533512064343163,0.23324396782841822,42.12,0.16737799568740105,0.20985733206992283,0.17515852521860045
/mnt/data/model-ckpts/sam/sam2-hiera-small,EVA02-L-14,merged2b_s4b_b131k,0.7,0.7,"ThresholdGrid(conf=0.7,mask=0.7)",0.3736997186206281,0.8760724067687988,9.154296875,0.13219992725924382,0.1224307417336908,0.7533512064343163,0.23324396782841822,42.12,0.16737799568740105,0.20985733206992283,0.17515852521860045
/mnt/data/model-ckpts/sam/sam2-hiera-small,EVA02-L-14,merged2b_s4b_b131k,0.7,0.9,"ThresholdGrid(conf=0.7,mask=0.9)",0.33589255064725876,0.8758087158203125,9.154296875,0.13422138030763225,0.12511170688114387,0.6228775692582663,0.22698838248436104,21.7,0.09358404796980838,0.2047786165205254,0.1825818838587682
/mnt/data/model-ckpts/sam/sam2-hiera-small,EVA02-L-14,merged2b_s4b_b131k,0.9,0.5,"ThresholdGrid(conf=0.9,mask=0.5)",0.33324188785627484,0.8758087158203125,9.154296875,0.13422138030763225,0.12511170688114387,0.6228775692582663,0.22698838248436104,21.7,0.09358404796980838,0.2047786165205254,0.1825818838587682
/mnt/data/model-ckpts/sam/sam2-hiera-small,EVA02-L-14,merged2b_s4b_b131k,0.9,0.7,"ThresholdGrid(conf=0.9,mask=0.7)",0.33499127719551325,0.8758087158203125,9.154296875,0.13422138030763225,0.12511170688114387,0.6228775692582663,0.22698838248436104,21.7,0.09358404796980838,0.2047786165205254,0.1825818838587682
/mnt/data/model-ckpts/sam/sam2-hiera-small,EVA02-L-14,merged2b_s4b_b131k,0.9,0.9,"ThresholdGrid(conf=0.9,mask=0.9)",0.33369380980730057,0.8758087158203125,9.154296875,0.13422138030763225,0.12511170688114387,0.6228775692582663,0.22698838248436104,21.7,0.09358404796980838,0.2047786165205254,0.1825818838587682
/mnt/data/model-ckpts/sam/sam2-hiera-small,ViT-H-14,dfn5b,0.5,0.5,"ThresholdGrid(conf=0.5,mask=0.5)",0.4054086725227535,2.0320258140563965,10.970703125,0.15432267669411018,0.1456657730116175,0.7819481680071493,0.2725647899910634,56.73,0.37365041497452134,0.238801961423458,0.18229779590702572
/mnt/data/model-ckpts/sam/sam2-hiera-small,ViT-H-14,dfn5b,0.5,0.7,"ThresholdGrid(conf=0.5,mask=0.7)",0.3812955948524177,2.031709671020508,10.970703125,0.15233637457519933,0.14387846291331546,0.7533512064343163,0.26273458445040215,42.12,0.16737799568740105,0.23550803611809062,0.19018795602110306
/mnt/data/model-ckpts/sam/sam2-hiera-small,ViT-H-14,dfn5b,0.5,0.9,"ThresholdGrid(conf=0.5,mask=0.9)",0.3453070786781609,2.0313611030578613,10.970703125,0.14757779826368755,0.1447721179624665,0.6228775692582663,0.24128686327077747,21.7,0.09358404796980838,0.2271091904727554,0.1959068496192666
/mnt/data/model-ckpts/sam/sam2-hiera-small,ViT-H-14,dfn5b,0.7,0.5,"ThresholdGrid(conf=0.7,mask=0.5)",0.38114812690764666,2.031709671020508,10.970703125,0.15233637457519933,0.14387846291331546,0.7533512064343163,0.26273458445040215,42.12,0.16737799568740105,0.23550803611809062,0.19018795602110306
/mnt/data/model-ckpts/sam/sam2-hiera-small,ViT-H-14,dfn5b,0.7,0.7,"ThresholdGrid(conf=0.7,mask=0.7)",0.38130001397803426,2.031709671020508,10.970703125,0.15233637457519933,0.14387846291331546,0.7533512064343163,0.26273458445040215,42.12,0.16737799568740105,0.23550803611809062,0.19018795602110306
/mnt/data/model-ckpts/sam/sam2-hiera-small,ViT-H-14,dfn5b,0.7,0.9,"ThresholdGrid(conf=0.7,mask=0.9)",0.34771418664604425,2.0313611030578613,10.970703125,0.14757779826368755,0.1447721179624665,0.6228775692582663,0.24128686327077747,21.7,0.09358404796980838,0.2271091904727554,0.1959068496192666
/mnt/data/model-ckpts/sam/sam2-hiera-small,ViT-H-14,dfn5b,0.9,0.5,"ThresholdGrid(conf=0.9,mask=0.5)",0.3405359201133251,2.0313611030578613,10.970703125,0.14757779826368755,0.1447721179624665,0.6228775692582663,0.24128686327077747,21.7,0.09358404796980838,0.2271091904727554,0.1959068496192666
/mnt/data/model-ckpts/sam/sam2-hiera-small,ViT-H-14,dfn5b,0.9,0.7,"ThresholdGrid(conf=0.9,mask=0.7)",0.3427564655430615,2.0313611030578613,10.970703125,0.14757779826368755,0.1447721179624665,0.6228775692582663,0.24128686327077747,21.7,0.09358404796980838,0.2271091904727554,0.1959068496192666
/mnt/data/model-ckpts/sam/sam2-hiera-small,ViT-H-14,dfn5b,0.9,0.9,"ThresholdGrid(conf=0.9,mask=0.9)",0.34211393212899566,2.0313611030578613,10.970703125,0.14757779826368755,0.1447721179624665,0.6228775692582663,0.24128686327077747,21.7,0.09358404796980838,0.2271091904727554,0.1959068496192666
/mnt/data/model-ckpts/sam/sam2-hiera-small,MobileCLIP-B,datacompdr,0.5,0.5,"ThresholdGrid(conf=0.5,mask=0.5)",0.3707994520664215,0.35599327087402344,4.66796875,0.16315849729763426,0.15192135835567472,0.7819481680071493,0.2931188561215371,56.73,0.37365041497452134,0.1779329999349179,0.19420782640879555
/mnt/data/model-ckpts/sam/sam2-hiera-small,MobileCLIP-B,datacompdr,0.5,0.7,"ThresholdGrid(conf=0.5,mask=0.7)",0.3548879292793572,0.3558316230773926,4.66796875,0.16006522082466093,0.1483467381590706,0.7533512064343163,0.28507596067917784,42.12,0.16737799568740105,0.17514731664413635,0.20171515738466533
/mnt/data/model-ckpts/sam/sam2-hiera-small,MobileCLIP-B,datacompdr,0.5,0.9,"ThresholdGrid(conf=0.5,mask=0.9)",0.3255869308486581,0.3556528091430664,4.66796875,0.1515391240616402,0.1385165326184093,0.6228775692582663,0.25915996425379806,21.7,0.09358404796980838,0.1688330187275007,0.20413418993608307
/mnt/data/model-ckpts/sam/sam2-hiera-small,MobileCLIP-B,datacompdr,0.7,0.5,"ThresholdGrid(conf=0.7,mask=0.5)",0.36517083644866943,0.3558316230773926,4.66796875,0.16006522082466093,0.1483467381590706,0.7533512064343163,0.28507596067917784,42.12,0.16737799568740105,0.17514731664413635,0.20171515738466533
/mnt/data/model-ckpts/sam/sam2-hiera-small,MobileCLIP-B,datacompdr,0.7,0.7,"ThresholdGrid(conf=0.7,mask=0.7)",0.35902446368709207,0.3558316230773926,4.66796875,0.16006522082466093,0.1483467381590706,0.7533512064343163,0.28507596067917784,42.12,0.16737799568740105,0.17514731664413635,0.20171515738466533
/mnt/data/model-ckpts/sam/sam2-hiera-small,MobileCLIP-B,datacompdr,0.7,0.9,"ThresholdGrid(conf=0.7,mask=0.9)",0.32295854529365897,0.3556528091430664,4.66796875,0.1515391240616402,0.1385165326184093,0.6228775692582663,0.25915996425379806,21.7,0.09358404796980838,0.1688330187275007,0.20413418993608307
/mnt/data/model-ckpts/sam/sam2-hiera-small,MobileCLIP-B,datacompdr,0.9,0.5,"ThresholdGrid(conf=0.9,mask=0.5)",0.3266280214302242,0.3556528091430664,4.66796875,0.1515391240616402,0.1385165326184093,0.6228775692582663,0.25915996425379806,21.7,0.09358404796980838,0.1688330187275007,0.20413418993608307
/mnt/data/model-ckpts/sam/sam2-hiera-small,MobileCLIP-B,datacompdr,0.9,0.7,"ThresholdGrid(conf=0.9,mask=0.7)",0.32189713791012764,0.3556528091430664,4.66796875,0.1515391240616402,0.1385165326184093,0.6228775692582663,0.25915996425379806,21.7,0.09358404796980838,0.1688330187275007,0.20413418993608307
/mnt/data/model-ckpts/sam/sam2-hiera-small,MobileCLIP-B,datacompdr,0.9,0.9,"ThresholdGrid(conf=0.9,mask=0.9)",0.31890306854620576,0.3556528091430664,4.66796875,0.1515391240616402,0.1385165326184093,0.6228775692582663,0.25915996425379806,21.7,0.09358404796980838,0.1688330187275007,0.20413418993608307
/mnt/data/model-ckpts/sam/sam2-hiera-small,MobileCLIP2-S0,dfndr2b,0.5,0.5,"ThresholdGrid(conf=0.5,mask=0.5)",0.37200600607320666,0.21148204803466797,9.8359375,0.14871788733319638,0.13941018766756033,0.7819481680071493,0.257372654155496,56.73,0.37365041497452134,0.23811643671201105,0.18714275051034657
/mnt/data/model-ckpts/sam/sam2-hiera-small,MobileCLIP2-S0,dfndr2b,0.5,0.7,"ThresholdGrid(conf=0.5,mask=0.7)",0.3599858842790127,0.2113204002380371,9.8359375,0.15339595675180862,0.14745308310991956,0.7533512064343163,0.2529043789097408,42.12,0.16737799568740105,0.23585330076362535,0.19461003326646956
/mnt/data/model-ckpts/sam/sam2-hiera-small,MobileCLIP2-S0,dfndr2b,0.5,0.9,"ThresholdGrid(conf=0.5,mask=0.9)",0.3203801694326103,0.21114158630371094,9.8359375,0.1472383400556436,0.13941018766756033,0.6228775692582663,0.23681858802502234,21.7,0.09358404796980838,0.2299142817203438,0.19616097225947732
/mnt/data/model-ckpts/sam/sam2-hiera-small,MobileCLIP2-S0,dfndr2b,0.7,0.5,"ThresholdGrid(conf=0.7,mask=0.5)",0.36185185657814145,0.2113204002380371,9.8359375,0.15339595675180862,0.14745308310991956,0.7533512064343163,0.2529043789097408,42.12,0.16737799568740105,0.23585330076362535,0.19461003326646956
/mnt/data/model-ckpts/sam/sam2-hiera-small,MobileCLIP2-S0,dfndr2b,0.7,0.7,"ThresholdGrid(conf=0.7,mask=0.7)",0.3582132956944406,0.2113204002380371,9.8359375,0.15339595675180862,0.14745308310991956,0.7533512064343163,0.2529043789097408,42.12,0.16737799568740105,0.23585330076362535,0.19461003326646956
/mnt/data/model-ckpts/sam/sam2-hiera-small,MobileCLIP2-S0,dfndr2b,0.7,0.9,"ThresholdGrid(conf=0.7,mask=0.9)",0.32325171399861574,0.21114158630371094,9.8359375,0.1472383400556436,0.13941018766756033,0.6228775692582663,0.23681858802502234,21.7,0.09358404796980838,0.2299142817203438,0.19616097225947732
/mnt/data/model-ckpts/sam/sam2-hiera-small,MobileCLIP2-S0,dfndr2b,0.9,0.5,"ThresholdGrid(conf=0.9,mask=0.5)",0.3212302690371871,0.21114158630371094,9.8359375,0.1472383400556436,0.13941018766756033,0.6228775692582663,0.23681858802502234,21.7,0.09358404796980838,0.2299142817203438,0.19616097225947732
/mnt/data/model-ckpts/sam/sam2-hiera-small,MobileCLIP2-S0,dfndr2b,0.9,0.7,"ThresholdGrid(conf=0.9,mask=0.7)",0.32120089046657085,0.21114158630371094,9.8359375,0.1472383400556436,0.13941018766756033,0.6228775692582663,0.23681858802502234,21.7,0.09358404796980838,0.2299142817203438,0.19616097225947732
/mnt/data/model-ckpts/sam/sam2-hiera-small,MobileCLIP2-S0,dfndr2b,0.9,0.9,"ThresholdGrid(conf=0.9,mask=0.9)",0.3228152869269252,0.21114158630371094,9.8359375,0.1472383400556436,0.13941018766756033,0.6228775692582663,0.23681858802502234,21.7,0.09358404796980838,0.2299142817203438,0.19616097225947732
/mnt/data/model-ckpts/sam/sam2-hiera-small,MobileCLIP2-S2,dfndr2b,0.5,0.5,"ThresholdGrid(conf=0.5,mask=0.5)",0.36474076099693775,0.2583956718444824,12.248046875,0.1531912543950987,0.14298480786416443,0.7819481680071493,0.2779267202859696,56.73,0.37365041497452134,0.2614616097963954,0.19033894216031882
/mnt/data/model-ckpts/sam/sam2-hiera-small,MobileCLIP2-S2,dfndr2b,0.5,0.7,"ThresholdGrid(conf=0.5,mask=0.7)",0.3591605764813721,0.25823402404785156,12.248046875,0.1531862288648442,0.14298480786416443,0.7533512064343163,0.26899016979445933,42.12,0.16737799568740105,0.25845207782650337,0.1971588350226904
/mnt/data/model-ckpts/sam/sam2-hiera-small,MobileCLIP2-S2,dfndr2b,0.5,0.9,"ThresholdGrid(conf=0.5,mask=0.9)",0.33277430571615696,0.2580552101135254,12.248046875,0.14887384577217982,0.1385165326184093,0.6228775692582663,0.2511170688114388,21.7,0.09358404796980838,0.25112344638858125,0.20136212619489594
/mnt/data/model-ckpts/sam/sam2-hiera-small,MobileCLIP2-S2,dfndr2b,0.7,0.5,"ThresholdGrid(conf=0.7,mask=0.5)",0.36396400770172477,0.25823402404785156,12.248046875,0.1531862288648442,0.14298480786416443,0.7533512064343163,0.26899016979445933,42.12,0.16737799568740105,0.25845207782650337,0.1971588350226904
/mnt/data/model-ckpts/sam/sam2-hiera-small,MobileCLIP2-S2,dfndr2b,0.7,0.7,"ThresholdGrid(conf=0.7,mask=0.7)",0.3538555046543479,0.25823402404785156,12.248046875,0.1531862288648442,0.14298480786416443,0.7533512064343163,0.26899016979445933,42.12,0.16737799568740105,0.25845207782650337,0.1971588350226904
/mnt/data/model-ckpts/sam/sam2-hiera-small,MobileCLIP2-S2,dfndr2b,0.7,0.9,"ThresholdGrid(conf=0.7,mask=0.9)",0.32571313437074423,0.2580552101135254,12.248046875,0.14887384577217982,0.1385165326184093,0.6228775692582663,0.2511170688114388,21.7,0.09358404796980838,0.25112344638858125,0.20136212619489594
/mnt/data/model-ckpts/sam/sam2-hiera-small,MobileCLIP2-S2,dfndr2b,0.9,0.5,"ThresholdGrid(conf=0.9,mask=0.5)",0.321836587972939,0.2580552101135254,12.248046875,0.14887384577217982,0.1385165326184093,0.6228775692582663,0.2511170688114388,21.7,0.09358404796980838,0.25112344638858125,0.20136212619489594
/mnt/data/model-ckpts/sam/sam2-hiera-small,MobileCLIP2-S2,dfndr2b,0.9,0.7,"ThresholdGrid(conf=0.9,mask=0.7)",0.325184753164649,0.2580552101135254,12.248046875,0.14887384577217982,0.1385165326184093,0.6228775692582663,0.2511170688114388,21.7,0.09358404796980838,0.25112344638858125,0.20136212619489594
/mnt/data/model-ckpts/sam/sam2-hiera-small,MobileCLIP2-S2,dfndr2b,0.9,0.9,"ThresholdGrid(conf=0.9,mask=0.9)",0.3268350544385612,0.2580552101135254,12.248046875,0.14887384577217982,0.1385165326184093,0.6228775692582663,0.2511170688114388,21.7,0.09358404796980838,0.25112344638858125,0.20136212619489594
/mnt/data/model-ckpts/sam/sam2-hiera-small,MobileCLIP2-B,dfndr2b,0.5,0.5,"ThresholdGrid(conf=0.5,mask=0.5)",0.37482389714568853,0.35599327087402344,4.66796875,0.14771215984068095,0.1358355674709562,0.7819481680071493,0.258266309204647,56.73,0.37365041497452134,0.2616574926712984,0.18408841294250425
/mnt/data/model-ckpts/sam/sam2-hiera-small,MobileCLIP2-B,dfndr2b,0.5,0.7,"ThresholdGrid(conf=0.5,mask=0.7)",0.3665207070298493,0.3558316230773926,4.66796875,0.14751048593370975,0.13494191242180517,0.7533512064343163,0.2546916890080429,42.12,0.16737799568740105,0.2580224334314745,0.19369249543827846
/mnt/data/model-ckpts/sam/sam2-hiera-small,MobileCLIP2-B,dfndr2b,0.5,0.9,"ThresholdGrid(conf=0.5,mask=0.9)",0.3190679824911058,0.3556528091430664,4.66796875,0.14142748355908458,0.1322609472743521,0.6228775692582663,0.2359249329758713,21.7,0.09358404796980838,0.24931123561098492,0.19832761063373308
/mnt/data/model-ckpts/sam/sam2-hiera-small,MobileCLIP2-B,dfndr2b,0.7,0.5,"ThresholdGrid(conf=0.7,mask=0.5)",0.35274535650387406,0.3558316230773926,4.66796875,0.14751048593370975,0.13494191242180517,0.7533512064343163,0.2546916890080429,42.12,0.16737799568740105,0.2580224334314745,0.19369249543827846
/mnt/data/model-ckpts/sam/sam2-hiera-small,MobileCLIP2-B,dfndr2b,0.7,0.7,"ThresholdGrid(conf=0.7,mask=0.7)",0.35631432197988033,0.3558316230773926,4.66796875,0.14751048593370975,0.13494191242180517,0.7533512064343163,0.2546916890080429,42.12,0.16737799568740105,0.2580224334314745,0.19369249543827846
/mnt/data/model-ckpts/sam/sam2-hiera-small,MobileCLIP2-B,dfndr2b,0.7,0.9,"ThresholdGrid(conf=0.7,mask=0.9)",0.32193319173529744,0.3556528091430664,4.66796875,0.14142748355908458,0.1322609472743521,0.6228775692582663,0.2359249329758713,21.7,0.09358404796980838,0.24931123561098492,0.19832761063373308
/mnt/data/model-ckpts/sam/sam2-hiera-small,MobileCLIP2-B,dfndr2b,0.9,0.5,"ThresholdGrid(conf=0.9,mask=0.5)",0.31566768884658813,0.3556528091430664,4.66796875,0.14142748355908458,0.1322609472743521,0.6228775692582663,0.2359249329758713,21.7,0.09358404796980838,0.24931123561098492,0.19832761063373308
/mnt/data/model-ckpts/sam/sam2-hiera-small,MobileCLIP2-B,dfndr2b,0.9,0.7,"ThresholdGrid(conf=0.9,mask=0.7)",0.3195502469316125,0.3556528091430664,4.66796875,0.14142748355908458,0.1322609472743521,0.6228775692582663,0.2359249329758713,21.7,0.09358404796980838,0.24931123561098492,0.19832761063373308
/mnt/data/model-ckpts/sam/sam2-hiera-small,MobileCLIP2-B,dfndr2b,0.9,0.9,"ThresholdGrid(conf=0.9,mask=0.9)",0.31618495006114244,0.3556528091430664,4.66796875,0.14142748355908458,0.1322609472743521,0.6228775692582663,0.2359249329758713,21.7,0.09358404796980838,0.24931123561098492,0.19832761063373308
/mnt/data/model-ckpts/sam/sam2-hiera-tiny,ViT-B-32,laion2b_s34b_b79k,0.5,0.5,"ThresholdGrid(conf=0.5,mask=0.5)",0.40003295755013824,0.41065311431884766,2.341796875,0.11073611844469124,0.09919571045576407,0.7828418230563002,0.20107238605898123,60.83,0.3739671015300254,0.2652468144813747,0.13507642363590813
/mnt/data/model-ckpts/sam/sam2-hiera-tiny,ViT-B-32,laion2b_s34b_b79k,0.5,0.7,"ThresholdGrid(conf=0.5,mask=0.7)",0.38857951760292053,0.41051340103149414,2.341796875,0.11372457120451765,0.10277033065236818,0.7542448614834674,0.20196604110813227,44.17,0.14877313739228445,0.26283093276196445,0.14472610768049426
/mnt/data/model-ckpts/sam/sam2-hiera-tiny,ViT-B-32,laion2b_s34b_b79k,0.5,0.9,"ThresholdGrid(conf=0.5,mask=0.9)",0.34247231436893344,0.4102764129638672,2.341796875,0.11816427457995904,0.1126005361930295,0.6148346738159071,0.19839142091152814,21.32,0.08710703420489103,0.2565512994339255,0.16068382313252533
/mnt/data/model-ckpts/sam/sam2-hiera-tiny,ViT-B-32,laion2b_s34b_b79k,0.7,0.5,"ThresholdGrid(conf=0.7,mask=0.5)",0.38628154899924994,0.41051340103149414,2.341796875,0.11372457120451765,0.10277033065236818,0.7542448614834674,0.20196604110813227,44.17,0.14877313739228445,0.26283093276196445,0.14472610768049426
/mnt/data/model-ckpts/sam/sam2-hiera-tiny,ViT-B-32,laion2b_s34b_b79k,0.7,0.7,"ThresholdGrid(conf=0.7,mask=0.7)",0.38720062002539635,0.41051340103149414,2.341796875,0.11372457120451765,0.10277033065236818,0.7542448614834674,0.20196604110813227,44.17,0.14877313739228445,0.26283093276196445,0.14472610768049426
/mnt/data/model-ckpts/sam/sam2-hiera-tiny,ViT-B-32,laion2b_s34b_b79k,0.7,0.9,"ThresholdGrid(conf=0.7,mask=0.9)",0.3505244804546237,0.4102764129638672,2.341796875,0.11816427457995904,0.1126005361930295,0.6148346738159071,0.19839142091152814,21.32,0.08710703420489103,0.2565512994339255,0.16068382313252533
/mnt/data/model-ckpts/sam/sam2-hiera-tiny,ViT-B-32,laion2b_s34b_b79k,0.9,0.5,"ThresholdGrid(conf=0.9,mask=0.5)",0.34785394789651036,0.4102764129638672,2.341796875,0.11816427457995904,0.1126005361930295,0.6148346738159071,0.19839142091152814,21.32,0.08710703420489103,0.2565512994339255,0.16068382313252533
/mnt/data/model-ckpts/sam/sam2-hiera-tiny,ViT-B-32,laion2b_s34b_b79k,0.9,0.7,"ThresholdGrid(conf=0.9,mask=0.7)",0.3509893035516143,0.4102764129638672,2.341796875,0.11816427457995904,0.1126005361930295,0.6148346738159071,0.19839142091152814,21.32,0.08710703420489103,0.2565512994339255,0.16068382313252533
/mnt/data/model-ckpts/sam/sam2-hiera-tiny,ViT-B-32,laion2b_s34b_b79k,0.9,0.9,"ThresholdGrid(conf=0.9,mask=0.9)",0.3497277572751045,0.4102764129638672,2.341796875,0.11816427457995904,0.1126005361930295,0.6148346738159071,0.19839142091152814,21.32,0.08710703420489103,0.2565512994339255,0.16068382313252533
/mnt/data/model-ckpts/sam/sam2-hiera-tiny,ViT-B-32,datacomp_xl_s13b_b90k,0.5,0.5,"ThresholdGrid(conf=0.5,mask=0.5)",0.4000322613865137,0.41065311431884766,2.341796875,0.1029398825070549,0.08936550491510277,0.7828418230563002,0.1966041108132261,60.83,0.3739671015300254,0.2125017025755174,0.12718829290030584
/mnt/data/model-ckpts/sam/sam2-hiera-tiny,ViT-B-32,datacomp_xl_s13b_b90k,0.5,0.7,"ThresholdGrid(conf=0.5,mask=0.7)",0.3888630052097142,0.41051340103149414,2.341796875,0.10280289085349288,0.08936550491510277,0.7542448614834674,0.1903485254691689,44.17,0.14877313739228445,0.2099231074733112,0.13120785691025605
/mnt/data/model-ckpts/sam/sam2-hiera-tiny,ViT-B-32,datacomp_xl_s13b_b90k,0.5,0.9,"ThresholdGrid(conf=0.5,mask=0.9)",0.3478263784199953,0.4102764129638672,2.341796875,0.10010671723858089,0.08847184986595175,0.6148346738159071,0.17873100983020554,21.32,0.08710703420489103,0.20312153118545184,0.14124152633687867
/mnt/data/model-ckpts/sam/sam2-hiera-tiny,ViT-B-32,datacomp_xl_s13b_b90k,0.7,0.5,"ThresholdGrid(conf=0.7,mask=0.5)",0.3893045010045171,0.41051340103149414,2.341796875,0.10280289085349288,0.08936550491510277,0.7542448614834674,0.1903485254691689,44.17,0.14877313739228445,0.2099231074733112,0.13120785691025605
/mnt/data/model-ckpts/sam/sam2-hiera-tiny,ViT-B-32,datacomp_xl_s13b_b90k,0.7,0.7,"ThresholdGrid(conf=0.7,mask=0.7)",0.4002573876641691,0.41051340103149414,2.341796875,0.10280289085349288,0.08936550491510277,0.7542448614834674,0.1903485254691689,44.17,0.14877313739228445,0.2099231074733112,0.13120785691025605
/mnt/data/model-ckpts/sam/sam2-hiera-tiny,ViT-B-32,datacomp_xl_s13b_b90k,0.7,0.9,"ThresholdGrid(conf=0.7,mask=0.9)",0.3590662614442408,0.4102764129638672,2.341796875,0.10010671723858089,0.08847184986595175,0.6148346738159071,0.17873100983020554,21.32,0.08710703420489103,0.20312153118545184,0.14124152633687867
/mnt/data/model-ckpts/sam/sam2-hiera-tiny,ViT-B-32,datacomp_xl_s13b_b90k,0.9,0.5,"ThresholdGrid(conf=0.9,mask=0.5)",0.3610008000396192,0.4102764129638672,2.341796875,0.10010671723858089,0.08847184986595175,0.6148346738159071,0.17873100983020554,21.32,0.08710703420489103,0.20312153118545184,0.14124152633687867
/mnt/data/model-ckpts/sam/sam2-hiera-tiny,ViT-B-32,datacomp_xl_s13b_b90k,0.9,0.7,"ThresholdGrid(conf=0.9,mask=0.7)",0.36314592929556966,0.4102764129638672,2.341796875,0.10010671723858089,0.08847184986595175,0.6148346738159071,0.17873100983020554,21.32,0.08710703420489103,0.20312153118545184,0.14124152633687867
/mnt/data/model-ckpts/sam/sam2-hiera-tiny,ViT-B-32,datacomp_xl_s13b_b90k,0.9,0.9,"ThresholdGrid(conf=0.9,mask=0.9)",0.3647090634331107,0.4102764129638672,2.341796875,0.10010671723858089,0.08847184986595175,0.6148346738159071,0.17873100983020554,21.32,0.08710703420489103,0.20312153118545184,0.14124152633687867
/mnt/data/model-ckpts/sam/sam2-hiera-tiny,ViT-B-16,laion2b_s34b_b88k,0.5,0.5,"ThresholdGrid(conf=0.5,mask=0.5)",0.39505493361502886,0.4092426300048828,4.34765625,0.1091699478647047,0.09830205540661305,0.7828418230563002,0.2064343163538874,60.83,0.3739671015300254,0.24065523166492434,0.13349481695925375
/mnt/data/model-ckpts/sam/sam2-hiera-tiny,ViT-B-16,laion2b_s34b_b88k,0.5,0.7,"ThresholdGrid(conf=0.5,mask=0.7)",0.4715970577672124,0.4091029167175293,4.34765625,0.10596239573627128,0.0902591599642538,0.7542448614834674,0.19481680071492405,44.17,0.14877313739228445,0.23856028795934767,0.13678926817833537
/mnt/data/model-ckpts/sam/sam2-hiera-tiny,ViT-B-16,laion2b_s34b_b88k,0.5,0.9,"ThresholdGrid(conf=0.5,mask=0.9)",0.35017807502299547,0.40886592864990234,4.34765625,0.10602496613260928,0.09651474530831099,0.6148346738159071,0.18141197497765862,21.32,0.08710703420489103,0.23272639893201763,0.14856237231562006
/mnt/data/model-ckpts/sam/sam2-hiera-tiny,ViT-B-16,laion2b_s34b_b88k,0.7,0.5,"ThresholdGrid(conf=0.7,mask=0.5)",0.39021832402795553,0.4091029167175293,4.34765625,0.10596239573627128,0.0902591599642538,0.7542448614834674,0.19481680071492405,44.17,0.14877313739228445,0.23856028795934767,0.13678926817833537
