sam_model,clip_model,clip_pretrained,threshold,mask_threshold,post_processing,avg_speed_ms_per_frame,vram_gb_per_frame,vram_reserved_gb_per_frame,miou,sa_co_f1,recall_obj,precision_hit,avg_masks_per_image,percent_fragmented_masks,avg_clip_score_selected,mAP_retrieval,clip_crop
sam1:sam_vit_b_01ec64.pth,ViT-B-32,laion2b_s34b_b79k,0.9,0.5,"ThresholdGrid(conf=0.9,mask=0.5)",0.37250929911221775,0.3505744934082031,1.9765625,0.2127967736884477,0.2050955414012739,0.9184713375796179,0.34777070063694265,49.128571428571426,0.028359054885467156,0.2657686213019547,0.2851488670469677,bbox_pad_20
sam1:sam_vit_b_01ec64.pth,ViT-B-32,laion2b_s34b_b79k,0.9,0.9,"ThresholdGrid(conf=0.9,mask=0.9)",0.36526703874447514,0.3505406379699707,1.9765625,0.20503045963741898,0.1961783439490446,0.8878980891719745,0.33885350318471336,45.08571428571429,0.025362160734974527,0.2649503856897354,0.272041200887513,bbox_pad_20
sam1:sam_vit_b_01ec64.pth,ViT-B-32,laion2b_s34b_b79k,0.5,0.5,"ThresholdGrid(conf=0.5,mask=0.5)",0.4018307563715747,0.35128116607666016,1.9765625,0.1797820238047989,0.16178343949044585,0.9745222929936306,0.3235668789808917,104.22857142857143,0.042501720661120734,0.2700394979328107,0.2400617262685302,bbox_pad_20
sam1:sam_vit_b_01ec64.pth,ViT-B-32,datacomp_xl_s13b_b90k,0.9,0.5,"ThresholdGrid(conf=0.9,mask=0.5)",0.3579477579998119,0.3502082824707031,1.9765625,0.19580944334656258,0.17961783439490445,0.9184713375796179,0.33503184713375794,49.128571428571426,0.028359054885467156,0.21723646817693285,0.27707672942299694,bbox_pad_20
sam1:sam_vit_b_01ec64.pth,ViT-B-32,datacomp_xl_s13b_b90k,0.9,0.9,"ThresholdGrid(conf=0.9,mask=0.9)",0.36122003636722055,0.3501744270324707,1.9765625,0.189797416015974,0.16942675159235668,0.8878980891719745,0.332484076433121,45.08571428571429,0.025362160734974527,0.2163178649487769,0.26441785687495495,bbox_pad_20
sam1:sam_vit_b_01ec64.pth,ViT-B-32,datacomp_xl_s13b_b90k,0.5,0.5,"ThresholdGrid(conf=0.5,mask=0.5)",0.38764539640396833,0.35091495513916016,1.9765625,0.17657956257610918,0.15286624203821655,0.9745222929936306,0.33375796178343947,104.22857142857143,0.042501720661120734,0.2214473744866195,0.24437331609792998,bbox_pad_20
sam1:sam_vit_b_01ec64.pth,ViT-B-16,laion2b_s34b_b88k,0.9,0.5,"ThresholdGrid(conf=0.9,mask=0.5)",0.36993699613958597,0.3475770950317383,3.533203125,0.22388913604328106,0.20636942675159237,0.9184713375796179,0.37579617834394907,49.128571428571426,0.028359054885467156,0.23921060924697074,0.3004658199645035,bbox_pad_20
sam1:sam_vit_b_01ec64.pth,ViT-B-16,laion2b_s34b_b88k,0.9,0.9,"ThresholdGrid(conf=0.9,mask=0.9)",0.36541320317025694,0.34754323959350586,3.533203125,0.21656337981626222,0.19745222929936307,0.8878980891719745,0.3643312101910828,45.08571428571429,0.025362160734974527,0.2381764130038061,0.2884710418032571,bbox_pad_20
sam1:sam_vit_b_01ec64.pth,ViT-B-16,laion2b_s34b_b88k,0.5,0.5,"ThresholdGrid(conf=0.5,mask=0.5)",0.38917946429657085,0.3482837677001953,3.533203125,0.1903166414032154,0.1681528662420382,0.9745222929936306,0.34267515923566877,104.22857142857143,0.042501720661120734,0.24361345557270536,0.2672380039003521,bbox_pad_20
sam1:sam_vit_b_01ec64.pth,ViT-B-16-SigLIP,webli,0.9,0.5,"ThresholdGrid(conf=0.9,mask=0.5)",0.38531188453946796,0.4014577865600586,2.9921875,0.18662427562428446,0.17834394904458598,0.9184713375796179,0.310828025477707,49.128571428571426,0.028359054885467156,0.07930877889939554,0.26777189865702794,bbox_pad_20
sam1:sam_vit_b_01ec64.pth,ViT-B-16-SigLIP,webli,0.9,0.9,"ThresholdGrid(conf=0.9,mask=0.9)",0.37304986866989304,0.40140771865844727,2.9921875,0.18280177738993122,0.1732484076433121,0.8878980891719745,0.30318471337579617,45.08571428571429,0.025362160734974527,0.07877157176518516,0.2540653703119618,bbox_pad_20
sam1:sam_vit_b_01ec64.pth,ViT-B-16-SigLIP,webli,0.5,0.5,"ThresholdGrid(conf=0.5,mask=0.5)",0.4082188243046403,0.40250205993652344,2.9921875,0.15038505485823367,0.1375796178343949,0.9745222929936306,0.27770700636942675,104.22857142857143,0.042501720661120734,0.08272509883353664,0.22362467955493492,bbox_pad_20
sam1:sam_vit_b_01ec64.pth,ViT-L-14,laion2b_s32b_b82k,0.9,0.5,"ThresholdGrid(conf=0.9,mask=0.5)",0.36865684004234417,0.8969964981079102,6.46484375,0.22188099152329843,0.20382165605095542,0.9184713375796179,0.37070063694267513,49.128571428571426,0.028359054885467156,0.26245713945786664,0.3038249927979848,bbox_pad_20
sam1:sam_vit_b_01ec64.pth,ViT-L-14,laion2b_s32b_b82k,0.9,0.9,"ThresholdGrid(conf=0.9,mask=0.9)",0.3664098513711776,0.8969464302062988,6.46484375,0.21855809222383246,0.2,0.8878980891719745,0.36560509554140125,45.08571428571429,0.025362160734974527,0.26169390460108494,0.2900008624359697,bbox_pad_20
sam1:sam_vit_b_01ec64.pth,ViT-L-14,laion2b_s32b_b82k,0.5,0.5,"ThresholdGrid(conf=0.5,mask=0.5)",0.3974237778623189,0.898040771484375,6.46484375,0.18809192158589239,0.15414012738853503,0.9745222929936306,0.3554140127388535,104.22857142857143,0.042501720661120734,0.26668455183126366,0.2587472295395318,bbox_pad_20
sam1:sam_vit_b_01ec64.pth,ViT-L-14,dfn2b,0.9,0.5,"ThresholdGrid(conf=0.9,mask=0.5)",0.3751716643039669,0.8969964981079102,6.46484375,0.2251189121533408,0.2089171974522293,0.9184713375796179,0.37452229299363055,49.128571428571426,0.028359054885467156,0.22023362175674197,0.30972710575093526,bbox_pad_20
sam1:sam_vit_b_01ec64.pth,ViT-L-14,dfn2b,0.9,0.9,"ThresholdGrid(conf=0.9,mask=0.9)",0.37103758326598574,0.8969464302062988,6.46484375,0.22297289460685576,0.20382165605095542,0.8878980891719745,0.37070063694267513,45.08571428571429,0.025362160734974527,0.21915185969726295,0.3014504484619389,bbox_pad_20
sam1:sam_vit_b_01ec64.pth,ViT-L-14,dfn2b,0.5,0.5,"ThresholdGrid(conf=0.5,mask=0.5)",0.39242663354213747,0.898040771484375,6.46484375,0.19840105187694831,0.17579617834394903,0.9745222929936306,0.3643312101910828,104.22857142857143,0.042501720661120734,0.2247725866972261,0.2754261611353387,bbox_pad_20
sam1:sam_vit_b_01ec64.pth,ViT-L-14,datacomp_xl_s13b_b90k,0.9,0.5,"ThresholdGrid(conf=0.9,mask=0.5)",0.37492766444172176,0.8969964981079102,6.46484375,0.22306060041770429,0.19745222929936307,0.9184713375796179,0.378343949044586,49.128571428571426,0.028359054885467156,0.20732221213305832,0.29711547484867,bbox_pad_20
sam1:sam_vit_b_01ec64.pth,ViT-L-14,datacomp_xl_s13b_b90k,0.9,0.9,"ThresholdGrid(conf=0.9,mask=0.9)",0.372209439852408,0.8969464302062988,6.46484375,0.22073621998056078,0.1961783439490446,0.8878980891719745,0.36942675159235666,45.08571428571429,0.025362160734974527,0.20617911841269512,0.28884621325560406,bbox_pad_20
sam1:sam_vit_b_01ec64.pth,ViT-L-14,datacomp_xl_s13b_b90k,0.5,0.5,"ThresholdGrid(conf=0.5,mask=0.5)",0.3936374559998512,0.898040771484375,6.46484375,0.1974752167617454,0.1643312101910828,0.9745222929936306,0.36942675159235666,104.22857142857143,0.042501720661120734,0.2128058138736494,0.262373313476433,bbox_pad_20
sam1:sam_vit_b_01ec64.pth,MobileCLIP-S1,datacompdr,0.9,0.5,"ThresholdGrid(conf=0.9,mask=0.5)",0.35930442889886244,0.1683812141418457,4.947265625,0.2089618300542464,0.18089171974522292,0.9184713375796179,0.37452229299363055,49.128571428571426,0.028359054885467156,0.24269511749030678,0.29024353359940336,bbox_pad_20
sam1:sam_vit_b_01ec64.pth,MobileCLIP-S1,datacompdr,0.9,0.9,"ThresholdGrid(conf=0.9,mask=0.9)",0.3609770509813513,0.16834735870361328,4.947265625,0.21217983182193484,0.1859872611464968,0.8878980891719745,0.3732484076433121,45.08571428571429,0.025362160734974527,0.24187547982118693,0.2851155380500946,bbox_pad_20
sam1:sam_vit_b_01ec64.pth,MobileCLIP-S1,datacompdr,0.5,0.5,"ThresholdGrid(conf=0.5,mask=0.5)",0.3856134135276079,0.16908788681030273,4.947265625,0.1953908898182674,0.16178343949044585,0.9745222929936306,0.37579617834394907,104.22857142857143,0.042501720661120734,0.24630813602429286,0.2670268767198749,bbox_pad_20
sam1:sam_vit_b_01ec64.pth,MobileCLIP-S2,datacompdr,0.9,0.5,"ThresholdGrid(conf=0.9,mask=0.5)",0.36478552169033457,0.1962432861328125,6.11328125,0.21810026991923312,0.18980891719745224,0.9184713375796179,0.3923566878980892,49.128571428571426,0.028359054885467156,0.24883655340048919,0.29276205022918333,bbox_pad_20
sam1:sam_vit_b_01ec64.pth,MobileCLIP-S2,datacompdr,0.9,0.9,"ThresholdGrid(conf=0.9,mask=0.9)",0.3636992536485195,0.19620943069458008,6.11328125,0.22334426758555465,0.1961783439490446,0.8878980891719745,0.4,45.08571428571429,0.025362160734974527,0.2478693721590528,0.2872547545286484,bbox_pad_20
sam1:sam_vit_b_01ec64.pth,MobileCLIP-S2,datacompdr,0.5,0.5,"ThresholdGrid(conf=0.5,mask=0.5)",0.3864185618502753,0.19694995880126953,6.11328125,0.20181551380197565,0.16178343949044585,0.9745222929936306,0.4,104.22857142857143,0.042501720661120734,0.2529935900762582,0.2655898932982028,bbox_pad_20
sam1:sam_vit_b_01ec64.pth,ViT-H-14,laion2b_s32b_b79k,0.9,0.5,"ThresholdGrid(conf=0.9,mask=0.5)",0.39016100844102247,1.9677867889404297,9.8984375,0.20538031964200346,0.18726114649681527,0.9184713375796179,0.354140127388535,49.128571428571426,0.028359054885467156,0.2660486471880773,0.2783887478345762,bbox_pad_20
sam1:sam_vit_b_01ec64.pth,ViT-H-14,laion2b_s32b_b79k,0.9,0.9,"ThresholdGrid(conf=0.9,mask=0.9)",0.3817253513261676,1.9677205085754395,9.8984375,0.19992281075684032,0.17834394904458598,0.8878980891719745,0.3452229299363057,45.08571428571429,0.025362160734974527,0.26512096714062294,0.2626925987338048,bbox_pad_20
sam1:sam_vit_b_01ec64.pth,ViT-H-14,laion2b_s32b_b79k,0.5,0.5,"ThresholdGrid(conf=0.5,mask=0.5)",0.4379378565187965,1.9699392318725586,9.8984375,0.17556590556450716,0.14904458598726114,0.9745222929936306,0.33885350318471336,104.22857142857143,0.042501720661120734,0.27122612794873063,0.2422125028530389,bbox_pad_20
sam1:sam_vit_b_01ec64.pth,ViT-H-14,metaclip_fullcc,0.9,0.5,"ThresholdGrid(conf=0.9,mask=0.5)",0.3803670672433717,1.9677867889404297,9.8984375,0.26380742141994235,0.2445859872611465,0.9184713375796179,0.45095541401273886,49.128571428571426,0.028359054885467156,0.3283614406160488,0.3408706624102856,bbox_pad_20
sam1:sam_vit_b_01ec64.pth,ViT-H-14,metaclip_fullcc,0.9,0.9,"ThresholdGrid(conf=0.9,mask=0.9)",0.3807548799418977,1.9677205085754395,9.8984375,0.2609367617095408,0.2394904458598726,0.8878980891719745,0.445859872611465,45.08571428571429,0.025362160734974527,0.32776891596757685,0.3271968140289161,bbox_pad_20
sam1:sam_vit_b_01ec64.pth,ViT-H-14,metaclip_fullcc,0.5,0.5,"ThresholdGrid(conf=0.5,mask=0.5)",0.42157492799950497,1.9699392318725586,9.8984375,0.2571348699990159,0.23057324840764332,0.9745222929936306,0.46114649681528663,104.22857142857143,0.042501720661120734,0.3299731963379368,0.32574152084469726,bbox_pad_20
sam1:sam_vit_b_01ec64.pth,ViT-B-16-SigLIP2,webli,0.9,0.5,"ThresholdGrid(conf=0.9,mask=0.5)",0.3683618436168347,0.7220144271850586,3.3125,0.2404822028280804,0.22038216560509555,0.9184713375796179,0.4012738853503185,49.128571428571426,0.028359054885467156,0.11014449342041259,0.31343950573602564,bbox_pad_20
sam1:sam_vit_b_01ec64.pth,ViT-B-16-SigLIP2,webli,0.9,0.9,"ThresholdGrid(conf=0.9,mask=0.9)",0.36801919008472134,0.7219643592834473,3.3125,0.23851933219753277,0.21528662420382166,0.8878980891719745,0.40254777070063696,45.08571428571429,0.025362160734974527,0.10957247882986525,0.30138274292796663,bbox_pad_20
sam1:sam_vit_b_01ec64.pth,ViT-B-16-SigLIP2,webli,0.5,0.5,"ThresholdGrid(conf=0.5,mask=0.5)",0.3973896781514798,0.7230587005615234,3.3125,0.20135326067534803,0.16942675159235668,0.9745222929936306,0.37579617834394907,104.22857142857143,0.042501720661120734,0.11239122539568859,0.2743826512456547,bbox_pad_20
sam1:sam_vit_b_01ec64.pth,ViT-L-16-SigLIP2-384,webli,0.9,0.5,"ThresholdGrid(conf=0.9,mask=0.5)",0.3825702804273793,1.652933120727539,11.025390625,0.27163230521595794,0.25095541401273885,0.9184713375796179,0.4484076433121019,49.128571428571426,0.028359054885467156,0.11352071062584591,0.3378095488219713,bbox_pad_20
sam1:sam_vit_b_01ec64.pth,ViT-L-16-SigLIP2-384,webli,0.9,0.9,"ThresholdGrid(conf=0.9,mask=0.9)",0.3785426395812205,1.6528668403625488,11.025390625,0.25727112709241606,0.23312101910828026,0.8878980891719745,0.4305732484076433,45.08571428571429,0.025362160734974527,0.1127889512308464,0.31630140496951537,bbox_pad_20
sam1:sam_vit_b_01ec64.pth,ViT-L-16-SigLIP2-384,webli,0.5,0.5,"ThresholdGrid(conf=0.5,mask=0.5)",0.4281215269916824,1.6543149948120117,11.025390625,0.25016599011568036,0.2267515923566879,0.9745222929936306,0.445859872611465,104.22857142857143,0.042501720661120734,0.11632535243110292,0.32071888227117745,bbox_pad_20
sam1:sam_vit_b_01ec64.pth,EVA02-B-16,merged2b_s8b_b131k,0.9,0.5,"ThresholdGrid(conf=0.9,mask=0.5)",0.37416189775935244,0.29225921630859375,4.287109375,0.23691143195419945,0.22165605095541402,0.9184713375796179,0.4012738853503185,49.128571428571426,0.028359054885467156,0.17913941296802205,0.3176414808038273,bbox_pad_20
sam1:sam_vit_b_01ec64.pth,EVA02-B-16,merged2b_s8b_b131k,0.9,0.9,"ThresholdGrid(conf=0.9,mask=0.9)",0.3604542962940676,0.29222536087036133,4.287109375,0.23758593829751634,0.2229299363057325,0.8878980891719745,0.39490445859872614,45.08571428571429,0.025362160734974527,0.1782030319522141,0.30678069891985277,bbox_pad_20
sam1:sam_vit_b_01ec64.pth,EVA02-B-16,merged2b_s8b_b131k,0.5,0.5,"ThresholdGrid(conf=0.5,mask=0.5)",0.39937627900924,0.2929658889770508,4.287109375,0.21309468729713957,0.18726114649681527,0.9745222929936306,0.40254777070063696,104.22857142857143,0.042501720661120734,0.18189470426292176,0.28772362594034945,bbox_pad_20
sam1:sam_vit_b_01ec64.pth,EVA02-L-14,merged2b_s4b_b131k,0.9,0.5,"ThresholdGrid(conf=0.9,mask=0.5)",0.3796205490029284,0.8120970726013184,7.978515625,0.224737965398569,0.20127388535031848,0.9184713375796179,0.38089171974522296,49.128571428571426,0.028359054885467156,0.2224515766664675,0.30571201855610053,bbox_pad_20
sam1:sam_vit_b_01ec64.pth,EVA02-L-14,merged2b_s4b_b131k,0.9,0.9,"ThresholdGrid(conf=0.9,mask=0.9)",0.36695204409105436,0.812047004699707,7.978515625,0.22376989501455927,0.20254777070063695,0.8878980891719745,0.38089171974522296,45.08571428571429,0.025362160734974527,0.2217980002711533,0.2964849853097684,bbox_pad_20
sam1:sam_vit_b_01ec64.pth,EVA02-L-14,merged2b_s4b_b131k,0.5,0.5,"ThresholdGrid(conf=0.5,mask=0.5)",0.3983953269198537,0.8131413459777832,7.978515625,0.2131930692107365,0.18471337579617833,0.9745222929936306,0.39490445859872614,104.22857142857143,0.042501720661120734,0.22533223773263822,0.27197488342989756,bbox_pad_20
sam1:sam_vit_b_01ec64.pth,ViT-H-14,dfn5b,0.9,0.5,"ThresholdGrid(conf=0.9,mask=0.5)",0.3807495314893978,1.9677867889404297,9.8984375,0.2167847337471352,0.20127388535031848,0.9184713375796179,0.3554140127388535,49.128571428571426,0.028359054885467156,0.260073959618617,0.2977148776685207,bbox_pad_20
sam1:sam_vit_b_01ec64.pth,ViT-H-14,dfn5b,0.9,0.9,"ThresholdGrid(conf=0.9,mask=0.9)",0.3814087083031024,1.9677205085754395,9.8984375,0.20954474755963776,0.19363057324840766,0.8878980891719745,0.34394904458598724,45.08571428571429,0.025362160734974527,0.25886018912124026,0.2882334586218862,bbox_pad_20
sam1:sam_vit_b_01ec64.pth,ViT-H-14,dfn5b,0.5,0.5,"ThresholdGrid(conf=0.5,mask=0.5)",0.4276661002742393,1.9699392318725586,9.8984375,0.196325275848326,0.17579617834394903,0.9745222929936306,0.3503184713375796,104.22857142857143,0.042501720661120734,0.2647887682459157,0.27350822652646256,bbox_pad_20
sam1:sam_vit_b_01ec64.pth,MobileCLIP-B,datacompdr,0.9,0.5,"ThresholdGrid(conf=0.9,mask=0.5)",0.3646118799224496,0.2943291664123535,3.814453125,0.2360263099914838,0.21273885350318472,0.9184713375796179,0.4178343949044586,49.128571428571426,0.028359054885467156,0.193509746755764,0.31336749636687306,bbox_pad_20
sam1:sam_vit_b_01ec64.pth,MobileCLIP-B,datacompdr,0.9,0.9,"ThresholdGrid(conf=0.9,mask=0.9)",0.3636118789602603,0.2942953109741211,3.814453125,0.23813197926582647,0.21528662420382166,0.8878980891719745,0.4191082802547771,45.08571428571429,0.025362160734974527,0.19286693894559412,0.3072858725276879,bbox_pad_20
sam1:sam_vit_b_01ec64.pth,MobileCLIP-B,datacompdr,0.5,0.5,"ThresholdGrid(conf=0.5,mask=0.5)",0.3879303644810404,0.29503583908081055,3.814453125,0.211352122909956,0.18471337579617833,0.9745222929936306,0.39490445859872614,104.22857142857143,0.042501720661120734,0.19782239244242383,0.28449924461586423,bbox_pad_20
sam1:sam_vit_b_01ec64.pth,MobileCLIP2-S0,dfndr2b,0.9,0.5,"ThresholdGrid(conf=0.9,mask=0.5)",0.3647959824385388,0.14932966232299805,4.916015625,0.22248708538770084,0.2,0.9184713375796179,0.3732484076433121,49.128571428571426,0.028359054885467156,0.2490860808427167,0.30307052455336264,bbox_pad_20
sam1:sam_vit_b_01ec64.pth,MobileCLIP2-S0,dfndr2b,0.9,0.9,"ThresholdGrid(conf=0.9,mask=0.9)",0.3609795422692384,0.14929580688476562,4.916015625,0.22049248613639372,0.1961783439490446,0.8878980891719745,0.3719745222929936,45.08571428571429,0.025362160734974527,0.24810753998103416,0.2911016863940211,bbox_pad_20
sam1:sam_vit_b_01ec64.pth,MobileCLIP2-S0,dfndr2b,0.5,0.5,"ThresholdGrid(conf=0.5,mask=0.5)",0.38775672603930744,0.15003633499145508,4.916015625,0.1834851797275732,0.1464968152866242,0.9745222929936306,0.33885350318471336,104.22857142857143,0.042501720661120734,0.2528151438494397,0.26358060414553036,bbox_pad_20
sam1:sam_vit_b_01ec64.pth,MobileCLIP2-S2,dfndr2b,0.9,0.5,"ThresholdGrid(conf=0.9,mask=0.5)",0.36230021089847597,0.1962432861328125,6.11328125,0.2239562218972862,0.19745222929936307,0.9184713375796179,0.38980891719745225,49.128571428571426,0.028359054885467156,0.2744617666218691,0.3071905672570925,bbox_pad_20
sam1:sam_vit_b_01ec64.pth,MobileCLIP2-S2,dfndr2b,0.9,0.9,"ThresholdGrid(conf=0.9,mask=0.9)",0.3649319355775203,0.19620943069458008,6.11328125,0.22331301406924142,0.19872611464968154,0.8878980891719745,0.3834394904458599,45.08571428571429,0.025362160734974527,0.27332903154336724,0.29869631224893084,bbox_pad_20
sam1:sam_vit_b_01ec64.pth,MobileCLIP2-S2,dfndr2b,0.5,0.5,"ThresholdGrid(conf=0.5,mask=0.5)",0.38918665211115566,0.19694995880126953,6.11328125,0.19674268347683402,0.16305732484076432,0.9745222929936306,0.378343949044586,104.22857142857143,0.042501720661120734,0.2788973962425426,0.2762085313226455,bbox_pad_20
sam1:sam_vit_b_01ec64.pth,MobileCLIP2-B,dfndr2b,0.9,0.5,"ThresholdGrid(conf=0.9,mask=0.5)",0.36599926450955017,0.2943291664123535,3.814453125,0.2616247310584986,0.2394904458598726,0.9184713375796179,0.43312101910828027,49.128571428571426,0.028359054885467156,0.2775095464887133,0.34003673352667474,bbox_pad_20
sam1:sam_vit_b_01ec64.pth,MobileCLIP2-B,dfndr2b,0.9,0.9,"ThresholdGrid(conf=0.9,mask=0.9)",0.3582967910915613,0.2942953109741211,3.814453125,0.2554365045272873,0.23057324840764332,0.8878980891719745,0.4229299363057325,45.08571428571429,0.025362160734974527,0.2762008929708201,0.32529705351967136,bbox_pad_20
sam1:sam_vit_b_01ec64.pth,MobileCLIP2-B,dfndr2b,0.5,0.5,"ThresholdGrid(conf=0.5,mask=0.5)",0.39047894201108385,0.29503583908081055,3.814453125,0.23820814509777383,0.21656050955414013,0.9745222929936306,0.41656050955414015,104.22857142857143,0.042501720661120734,0.2820755748612106,0.31947906102316675,bbox_pad_20
/mnt/data/model-ckpts/sam/sam2-hiera-base-plus,ViT-B-32,laion2b_s34b_b79k,0.9,0.5,"ThresholdGrid(conf=0.9,mask=0.5)",0.3250143158116511,0.4116954803466797,1.8125,0.1466302271257921,0.14522292993630573,0.46878980891719746,0.2318471337579618,16.02857142857143,0.05777355103382092,0.24961825941398644,0.18869224630052656,bbox_pad_20
/mnt/data/model-ckpts/sam/sam2-hiera-base-plus,ViT-B-32,laion2b_s34b_b79k,0.9,0.9,"ThresholdGrid(conf=0.9,mask=0.9)",0.3048098346750651,0.4116954803466797,1.8125,0.1466302271257921,0.14522292993630573,0.46878980891719746,0.2318471337579618,16.02857142857143,0.05777355103382092,0.24961825941398644,0.18869224630052656,bbox_pad_20
/mnt/data/model-ckpts/sam/sam2-hiera-base-plus,ViT-B-32,laion2b_s34b_b79k,0.5,0.5,"ThresholdGrid(conf=0.5,mask=0.5)",0.3526585442679269,0.41190147399902344,1.8125,0.13290433867656204,0.12738853503184713,0.5452229299363057,0.23694267515923567,38.042857142857144,0.3279812534208525,0.25657203237342224,0.16461376223060248,bbox_pad_20
/mnt/data/model-ckpts/sam/sam2-hiera-base-plus,ViT-B-32,datacomp_xl_s13b_b90k,0.9,0.5,"ThresholdGrid(conf=0.9,mask=0.5)",0.30278484004416634,0.4116954803466797,1.8125,0.15456455146458864,0.14394904458598726,0.46878980891719746,0.2484076433121019,16.02857142857143,0.05777355103382092,0.19918062341441015,0.18965996464890195,bbox_pad_20
/mnt/data/model-ckpts/sam/sam2-hiera-base-plus,ViT-B-32,datacomp_xl_s13b_b90k,0.9,0.9,"ThresholdGrid(conf=0.9,mask=0.9)",0.3008607043219464,0.4116954803466797,1.8125,0.15456455146458864,0.14394904458598726,0.46878980891719746,0.2484076433121019,16.02857142857143,0.05777355103382092,0.19918062341441015,0.18965996464890195,bbox_pad_20
/mnt/data/model-ckpts/sam/sam2-hiera-base-plus,ViT-B-32,datacomp_xl_s13b_b90k,0.5,0.5,"ThresholdGrid(conf=0.5,mask=0.5)",0.3533612803689071,0.41190147399902344,1.8125,0.13637089281311318,0.12356687898089172,0.5452229299363057,0.24331210191082803,38.042857142857144,0.3279812534208525,0.20610357375851102,0.16460812579192338,bbox_pad_20
/mnt/data/model-ckpts/sam/sam2-hiera-base-plus,ViT-B-16,laion2b_s34b_b88k,0.9,0.5,"ThresholdGrid(conf=0.9,mask=0.5)",0.3021897581805076,0.40930843353271484,3.060546875,0.1645185392182468,0.16050955414012738,0.46878980891719746,0.2611464968152866,16.02857142857143,0.05777355103382092,0.2212185722342722,0.19908037327182088,bbox_pad_20
/mnt/data/model-ckpts/sam/sam2-hiera-base-plus,ViT-B-16,laion2b_s34b_b88k,0.9,0.9,"ThresholdGrid(conf=0.9,mask=0.9)",0.3001717484689185,0.40930843353271484,3.060546875,0.1645185392182468,0.16050955414012738,0.46878980891719746,0.2611464968152866,16.02857142857143,0.05777355103382092,0.2212185722342722,0.19908037327182088,bbox_pad_20
/mnt/data/model-ckpts/sam/sam2-hiera-base-plus,ViT-B-16,laion2b_s34b_b88k,0.5,0.5,"ThresholdGrid(conf=0.5,mask=0.5)",0.3500621533021331,0.4095144271850586,3.060546875,0.14520319844190985,0.13630573248407643,0.5452229299363057,0.2624203821656051,38.042857142857144,0.3279812534208525,0.22874790862867028,0.17306619096661321,bbox_pad_20
/mnt/data/model-ckpts/sam/sam2-hiera-base-plus,ViT-B-16-SigLIP,webli,0.9,0.5,"ThresholdGrid(conf=0.9,mask=0.5)",0.30740595289639067,0.4625682830810547,2.5625,0.14323491870299415,0.1337579617834395,0.46878980891719746,0.22929936305732485,16.02857142857143,0.05777355103382092,0.06488111517421759,0.1852788477913993,bbox_pad_20
/mnt/data/model-ckpts/sam/sam2-hiera-base-plus,ViT-B-16-SigLIP,webli,0.9,0.9,"ThresholdGrid(conf=0.9,mask=0.9)",0.30969419915761265,0.4625682830810547,2.5625,0.14323491870299415,0.1337579617834395,0.46878980891719746,0.22929936305732485,16.02857142857143,0.05777355103382092,0.06488111517421759,0.1852788477913993,bbox_pad_20
/mnt/data/model-ckpts/sam/sam2-hiera-base-plus,ViT-B-16-SigLIP,webli,0.5,0.5,"ThresholdGrid(conf=0.5,mask=0.5)",0.35470925005418913,0.46287059783935547,2.5625,0.11995282571266956,0.10955414012738854,0.5452229299363057,0.22038216560509555,38.042857142857144,0.3279812534208525,0.07184727490185552,0.15787034480178555,bbox_pad_20
/mnt/data/model-ckpts/sam/sam2-hiera-base-plus,ViT-L-14,laion2b_s32b_b82k,0.9,0.5,"ThresholdGrid(conf=0.9,mask=0.5)",0.3123639151453972,0.9573783874511719,6.294921875,0.16114324633056562,0.15159235668789808,0.46878980891719746,0.2573248407643312,16.02857142857143,0.05777355103382092,0.24347514516798555,0.19508126650977806,bbox_pad_20
/mnt/data/model-ckpts/sam/sam2-hiera-base-plus,ViT-L-14,laion2b_s32b_b82k,0.9,0.9,"ThresholdGrid(conf=0.9,mask=0.9)",0.31219160716448513,0.9573783874511719,6.294921875,0.16114324633056562,0.15159235668789808,0.46878980891719746,0.2573248407643312,16.02857142857143,0.05777355103382092,0.24347514516798555,0.19508126650977806,bbox_pad_20
/mnt/data/model-ckpts/sam/sam2-hiera-base-plus,ViT-L-14,laion2b_s32b_b82k,0.5,0.5,"ThresholdGrid(conf=0.5,mask=0.5)",0.3677728020453027,0.9576807022094727,6.294921875,0.13676603651411276,0.12229299363057325,0.5452229299363057,0.25477707006369427,38.042857142857144,0.3279812534208525,0.2510471845698205,0.1700238343584843,bbox_pad_20
/mnt/data/model-ckpts/sam/sam2-hiera-base-plus,ViT-L-14,dfn2b,0.9,0.5,"ThresholdGrid(conf=0.9,mask=0.5)",0.30695985603545395,0.9573783874511719,6.294921875,0.16539564696403167,0.15796178343949044,0.46878980891719746,0.2585987261146497,16.02857142857143,0.05777355103382092,0.19969932437892174,0.1982286208692207,bbox_pad_20
/mnt/data/model-ckpts/sam/sam2-hiera-base-plus,ViT-L-14,dfn2b,0.9,0.9,"ThresholdGrid(conf=0.9,mask=0.9)",0.30809572033051935,0.9573783874511719,6.294921875,0.16539564696403167,0.15796178343949044,0.46878980891719746,0.2585987261146497,16.02857142857143,0.05777355103382092,0.19969932437892174,0.1982286208692207,bbox_pad_20
/mnt/data/model-ckpts/sam/sam2-hiera-base-plus,ViT-L-14,dfn2b,0.5,0.5,"ThresholdGrid(conf=0.5,mask=0.5)",0.3595472845648016,0.9576807022094727,6.294921875,0.14121405412324314,0.1286624203821656,0.5452229299363057,0.24585987261146497,38.042857142857144,0.3279812534208525,0.20722762785709586,0.170659738941207,bbox_pad_20
/mnt/data/model-ckpts/sam/sam2-hiera-base-plus,ViT-L-14,datacomp_xl_s13b_b90k,0.9,0.5,"ThresholdGrid(conf=0.9,mask=0.5)",0.30723126671676126,0.9573783874511719,6.294921875,0.15629882696460207,0.14522292993630573,0.46878980891719746,0.24968152866242038,16.02857142857143,0.05777355103382092,0.17971285214754426,0.188161572226045,bbox_pad_20
/mnt/data/model-ckpts/sam/sam2-hiera-base-plus,ViT-L-14,datacomp_xl_s13b_b90k,0.9,0.9,"ThresholdGrid(conf=0.9,mask=0.9)",0.31282638000058277,0.9573783874511719,6.294921875,0.15629882696460207,0.14522292993630573,0.46878980891719746,0.24968152866242038,16.02857142857143,0.05777355103382092,0.17971285214754426,0.188161572226045,bbox_pad_20
/mnt/data/model-ckpts/sam/sam2-hiera-base-plus,ViT-L-14,datacomp_xl_s13b_b90k,0.5,0.5,"ThresholdGrid(conf=0.5,mask=0.5)",0.36239609720983673,0.9576807022094727,6.294921875,0.13161683797829404,0.11719745222929936,0.5452229299363057,0.23312101910828026,38.042857142857144,0.3279812534208525,0.18904594051515222,0.1607448514054926,bbox_pad_20
/mnt/data/model-ckpts/sam/sam2-hiera-base-plus,MobileCLIP-S1,datacompdr,0.9,0.5,"ThresholdGrid(conf=0.9,mask=0.5)",0.2974813138800008,0.22962427139282227,4.6015625,0.15491247343736364,0.14140127388535031,0.46878980891719746,0.25987261146496815,16.02857142857143,0.05777355103382092,0.2169846585601758,0.18586033367438287,bbox_pad_20
/mnt/data/model-ckpts/sam/sam2-hiera-base-plus,MobileCLIP-S1,datacompdr,0.9,0.9,"ThresholdGrid(conf=0.9,mask=0.9)",0.2989930200523564,0.22962427139282227,4.6015625,0.15491247343736364,0.14140127388535031,0.46878980891719746,0.25987261146496815,16.02857142857143,0.05777355103382092,0.2169846585601758,0.18586033367438287,bbox_pad_20
/mnt/data/model-ckpts/sam/sam2-hiera-base-plus,MobileCLIP-S1,datacompdr,0.5,0.5,"ThresholdGrid(conf=0.5,mask=0.5)",0.3471606078424624,0.22983026504516602,4.6015625,0.13353659528632658,0.11464968152866242,0.5452229299363057,0.2535031847133758,38.042857142857144,0.3279812534208525,0.22413830466710838,0.15949143163186505,bbox_pad_20
/mnt/data/model-ckpts/sam/sam2-hiera-base-plus,MobileCLIP-S2,datacompdr,0.9,0.5,"ThresholdGrid(conf=0.9,mask=0.5)",0.30387803646070616,0.25895118713378906,5.677734375,0.1444406047816022,0.13121019108280255,0.46878980891719746,0.24585987261146497,16.02857142857143,0.05777355103382092,0.22106941339506464,0.1778905389960034,bbox_pad_20
/mnt/data/model-ckpts/sam/sam2-hiera-base-plus,MobileCLIP-S2,datacompdr,0.9,0.9,"ThresholdGrid(conf=0.9,mask=0.9)",0.30464560591748785,0.25895118713378906,5.677734375,0.1444406047816022,0.13121019108280255,0.46878980891719746,0.24585987261146497,16.02857142857143,0.05777355103382092,0.22106941339506464,0.1778905389960034,bbox_pad_20
/mnt/data/model-ckpts/sam/sam2-hiera-base-plus,MobileCLIP-S2,datacompdr,0.5,0.5,"ThresholdGrid(conf=0.5,mask=0.5)",0.3489872141342078,0.2591571807861328,5.677734375,0.13341523308038025,0.11337579617834395,0.5452229299363057,0.25605095541401274,38.042857142857144,0.3279812534208525,0.2291065464923336,0.1504361305058524,bbox_pad_20
/mnt/data/model-ckpts/sam/sam2-hiera-base-plus,ViT-H-14,laion2b_s32b_b79k,0.9,0.5,"ThresholdGrid(conf=0.9,mask=0.5)",0.3305810869538358,2.0271778106689453,9.046875,0.15946535003998516,0.14904458598726114,0.46878980891719746,0.24968152866242038,16.02857142857143,0.05777355103382092,0.2412606198601662,0.1929800355341757,bbox_pad_20
/mnt/data/model-ckpts/sam/sam2-hiera-base-plus,ViT-H-14,laion2b_s32b_b79k,0.9,0.9,"ThresholdGrid(conf=0.9,mask=0.9)",0.3180443774908781,2.0271778106689453,9.046875,0.15946535003998516,0.14904458598726114,0.46878980891719746,0.24968152866242038,16.02857142857143,0.05777355103382092,0.2412606198601662,0.1929800355341757,bbox_pad_20
/mnt/data/model-ckpts/sam/sam2-hiera-base-plus,ViT-H-14,laion2b_s32b_b79k,0.5,0.5,"ThresholdGrid(conf=0.5,mask=0.5)",0.37323556108666317,2.027576446533203,9.046875,0.13314032183804084,0.12101910828025478,0.5452229299363057,0.2318471337579618,38.042857142857144,0.3279812534208525,0.24969434855849879,0.16430169370642236,bbox_pad_20
/mnt/data/model-ckpts/sam/sam2-hiera-base-plus,ViT-H-14,metaclip_fullcc,0.9,0.5,"ThresholdGrid(conf=0.9,mask=0.5)",0.3168334319655384,2.0271778106689453,9.046875,0.16694660553065216,0.15796178343949044,0.46878980891719746,0.26878980891719745,16.02857142857143,0.05777355103382092,0.3188658233660801,0.20154685776735232,bbox_pad_20
/mnt/data/model-ckpts/sam/sam2-hiera-base-plus,ViT-H-14,metaclip_fullcc,0.9,0.9,"ThresholdGrid(conf=0.9,mask=0.9)",0.31854791034545216,2.0271778106689453,9.046875,0.16694660553065216,0.15796178343949044,0.46878980891719746,0.26878980891719745,16.02857142857143,0.05777355103382092,0.3188658233660801,0.20154685776735232,bbox_pad_20
/mnt/data/model-ckpts/sam/sam2-hiera-base-plus,ViT-H-14,metaclip_fullcc,0.5,0.5,"ThresholdGrid(conf=0.5,mask=0.5)",0.36724252360207693,2.027576446533203,9.046875,0.14879376398551272,0.13503184713375796,0.5452229299363057,0.2700636942675159,38.042857142857144,0.3279812534208525,0.321585460073629,0.18307933361861717,bbox_pad_20
/mnt/data/model-ckpts/sam/sam2-hiera-base-plus,ViT-B-16-SigLIP2,webli,0.9,0.5,"ThresholdGrid(conf=0.9,mask=0.5)",0.3085712669417262,0.7839794158935547,2.8828125,0.17456123615849395,0.16687898089171974,0.46878980891719746,0.2751592356687898,16.02857142857143,0.05777355103382092,0.09889297117093566,0.20554923798576025,bbox_pad_20
/mnt/data/model-ckpts/sam/sam2-hiera-base-plus,ViT-B-16-SigLIP2,webli,0.9,0.9,"ThresholdGrid(conf=0.9,mask=0.9)",0.31098376161285807,0.7839794158935547,2.8828125,0.17456123615849395,0.16687898089171974,0.46878980891719746,0.2751592356687898,16.02857142857143,0.05777355103382092,0.09889297117093566,0.20554923798576025,bbox_pad_20
/mnt/data/model-ckpts/sam/sam2-hiera-base-plus,ViT-B-16-SigLIP2,webli,0.5,0.5,"ThresholdGrid(conf=0.5,mask=0.5)",0.36104266265673296,0.7842817306518555,2.8828125,0.14840769951676133,0.13630573248407643,0.5452229299363057,0.2700636942675159,38.042857142857144,0.3279812534208525,0.10332606680643787,0.17535479581561791,bbox_pad_20
/mnt/data/model-ckpts/sam/sam2-hiera-base-plus,ViT-L-16-SigLIP2-384,webli,0.9,0.5,"ThresholdGrid(conf=0.9,mask=0.5)",0.3191166823463781,1.7148876190185547,10.568359375,0.17248506399042224,0.16050955414012738,0.46878980891719746,0.2764331210191083,16.02857142857143,0.05777355103382092,0.10025319303771493,0.1993555580664886,bbox_pad_20
/mnt/data/model-ckpts/sam/sam2-hiera-base-plus,ViT-L-16-SigLIP2-384,webli,0.9,0.9,"ThresholdGrid(conf=0.9,mask=0.9)",0.3294274044622268,1.7148876190185547,10.568359375,0.17248506399042224,0.16050955414012738,0.46878980891719746,0.2764331210191083,16.02857142857143,0.05777355103382092,0.10025319303771493,0.1993555580664886,bbox_pad_20
/mnt/data/model-ckpts/sam/sam2-hiera-base-plus,ViT-L-16-SigLIP2-384,webli,0.5,0.5,"ThresholdGrid(conf=0.5,mask=0.5)",0.3690267014982445,1.7152862548828125,10.568359375,0.14157623674458716,0.12101910828025478,0.5452229299363057,0.2585987261146497,38.042857142857144,0.3279812534208525,0.10542214745359056,0.17048122057469522,bbox_pad_20
/mnt/data/model-ckpts/sam/sam2-hiera-base-plus,EVA02-B-16,merged2b_s8b_b131k,0.9,0.5,"ThresholdGrid(conf=0.9,mask=0.5)",0.3012296510860324,0.3535022735595703,3.5234375,0.16965897277869957,0.16178343949044585,0.46878980891719746,0.2662420382165605,16.02857142857143,0.05777355103382092,0.16735863154101524,0.20079709879894259,bbox_pad_20
/mnt/data/model-ckpts/sam/sam2-hiera-base-plus,EVA02-B-16,merged2b_s8b_b131k,0.9,0.9,"ThresholdGrid(conf=0.9,mask=0.9)",0.3068483600925122,0.3535022735595703,3.5234375,0.16965897277869957,0.16178343949044585,0.46878980891719746,0.2662420382165605,16.02857142857143,0.05777355103382092,0.16735863154101524,0.20079709879894259,bbox_pad_20
/mnt/data/model-ckpts/sam/sam2-hiera-base-plus,EVA02-B-16,merged2b_s8b_b131k,0.5,0.5,"ThresholdGrid(conf=0.5,mask=0.5)",0.3515345709664481,0.35370826721191406,3.5234375,0.14534707113995493,0.1337579617834395,0.5452229299363057,0.2624203821656051,38.042857142857144,0.3279812534208525,0.17212368310636775,0.17643151784869113,bbox_pad_20
/mnt/data/model-ckpts/sam/sam2-hiera-base-plus,EVA02-L-14,merged2b_s4b_b131k,0.9,0.5,"ThresholdGrid(conf=0.9,mask=0.5)",0.3060156047078116,0.8750462532043457,6.455078125,0.1684871630033829,0.16305732484076432,0.46878980891719746,0.26496815286624203,16.02857142857143,0.05777355103382092,0.2079784210889962,0.20709750456237905,bbox_pad_20
/mnt/data/model-ckpts/sam/sam2-hiera-base-plus,EVA02-L-14,merged2b_s4b_b131k,0.9,0.9,"ThresholdGrid(conf=0.9,mask=0.9)",0.3124358697927424,0.8750462532043457,6.455078125,0.1684871630033829,0.16305732484076432,0.46878980891719746,0.26496815286624203,16.02857142857143,0.05777355103382092,0.2079784210889962,0.20709750456237905,bbox_pad_20
/mnt/data/model-ckpts/sam/sam2-hiera-base-plus,EVA02-L-14,merged2b_s4b_b131k,0.5,0.5,"ThresholdGrid(conf=0.5,mask=0.5)",0.3575924418068358,0.8753485679626465,6.455078125,0.1450128849209044,0.13630573248407643,0.5452229299363057,0.25987261146496815,38.042857142857144,0.3279812534208525,0.21305313892425246,0.179285261190613,bbox_pad_20
/mnt/data/model-ckpts/sam/sam2-hiera-base-plus,ViT-H-14,dfn5b,0.9,0.5,"ThresholdGrid(conf=0.9,mask=0.5)",0.3150995654453124,2.0271778106689453,9.046875,0.15593457489407214,0.1503184713375796,0.46878980891719746,0.2484076433121019,16.02857142857143,0.05777355103382092,0.23654011632226835,0.19544023772844443,bbox_pad_20
/mnt/data/model-ckpts/sam/sam2-hiera-base-plus,ViT-H-14,dfn5b,0.9,0.9,"ThresholdGrid(conf=0.9,mask=0.9)",0.314591040036508,2.0271778106689453,9.046875,0.15593457489407214,0.1503184713375796,0.46878980891719746,0.2484076433121019,16.02857142857143,0.05777355103382092,0.23654011632226835,0.19544023772844443,bbox_pad_20
/mnt/data/model-ckpts/sam/sam2-hiera-base-plus,ViT-H-14,dfn5b,0.5,0.5,"ThresholdGrid(conf=0.5,mask=0.5)",0.37358089882348267,2.027576446533203,9.046875,0.12756772673600067,0.12229299363057325,0.5452229299363057,0.23312101910828026,38.042857142857144,0.3279812534208525,0.2451212331178082,0.1654224762347689,bbox_pad_20
/mnt/data/model-ckpts/sam/sam2-hiera-base-plus,MobileCLIP-B,datacompdr,0.9,0.5,"ThresholdGrid(conf=0.9,mask=0.5)",0.3001890943518707,0.3544735908508301,3.3671875,0.1657707034812033,0.15668789808917197,0.46878980891719746,0.2713375796178344,16.02857142857143,0.05777355103382092,0.1664158087389864,0.19447564377267454,bbox_pad_20
/mnt/data/model-ckpts/sam/sam2-hiera-base-plus,MobileCLIP-B,datacompdr,0.9,0.9,"ThresholdGrid(conf=0.9,mask=0.9)",0.3054017833034907,0.3544735908508301,3.3671875,0.1657707034812033,0.15668789808917197,0.46878980891719746,0.2713375796178344,16.02857142857143,0.05777355103382092,0.1664158087389864,0.19447564377267454,bbox_pad_20
/mnt/data/model-ckpts/sam/sam2-hiera-base-plus,MobileCLIP-B,datacompdr,0.5,0.5,"ThresholdGrid(conf=0.5,mask=0.5)",0.36192727607807945,0.35467958450317383,3.3671875,0.1381718322127258,0.1159235668789809,0.5452229299363057,0.26369426751592356,38.042857142857144,0.3279812534208525,0.173807604587192,0.16266458421761928,bbox_pad_20
/mnt/data/model-ckpts/sam/sam2-hiera-base-plus,MobileCLIP2-S0,dfndr2b,0.9,0.5,"ThresholdGrid(conf=0.9,mask=0.5)",0.29906899934368475,0.2105727195739746,4.591796875,0.1717075096191435,0.16178343949044585,0.46878980891719746,0.2624203821656051,16.02857142857143,0.05777355103382092,0.22942227594032408,0.200165056793313,bbox_pad_20
/mnt/data/model-ckpts/sam/sam2-hiera-base-plus,MobileCLIP2-S0,dfndr2b,0.9,0.9,"ThresholdGrid(conf=0.9,mask=0.9)",0.2983616166082876,0.2105727195739746,4.591796875,0.1717075096191435,0.16178343949044585,0.46878980891719746,0.2624203821656051,16.02857142857143,0.05777355103382092,0.22942227594032408,0.200165056793313,bbox_pad_20
/mnt/data/model-ckpts/sam/sam2-hiera-base-plus,MobileCLIP2-S0,dfndr2b,0.5,0.5,"ThresholdGrid(conf=0.5,mask=0.5)",0.34960341041109394,0.21077871322631836,4.591796875,0.13844785618712807,0.12611464968152866,0.5452229299363057,0.2445859872611465,38.042857142857144,0.3279812534208525,0.2372289874181626,0.16672753128577902,bbox_pad_20
/mnt/data/model-ckpts/sam/sam2-hiera-base-plus,MobileCLIP2-S2,dfndr2b,0.9,0.5,"ThresholdGrid(conf=0.9,mask=0.5)",0.3025197656825185,0.25895118713378906,5.677734375,0.1630782295345217,0.15159235668789808,0.46878980891719746,0.2611464968152866,16.02857142857143,0.05777355103382092,0.25098195706203485,0.19237520824424018,bbox_pad_20
/mnt/data/model-ckpts/sam/sam2-hiera-base-plus,MobileCLIP2-S2,dfndr2b,0.9,0.9,"ThresholdGrid(conf=0.9,mask=0.9)",0.3029037533061845,0.25895118713378906,5.677734375,0.1630782295345217,0.15159235668789808,0.46878980891719746,0.2611464968152866,16.02857142857143,0.05777355103382092,0.25098195706203485,0.19237520824424018,bbox_pad_20
/mnt/data/model-ckpts/sam/sam2-hiera-base-plus,MobileCLIP2-S2,dfndr2b,0.5,0.5,"ThresholdGrid(conf=0.5,mask=0.5)",0.3528332670352289,0.2591571807861328,5.677734375,0.12671303883168974,0.11337579617834395,0.5452229299363057,0.24331210191082803,38.042857142857144,0.3279812534208525,0.2593109320493261,0.1625935052769722,bbox_pad_20
/mnt/data/model-ckpts/sam/sam2-hiera-base-plus,MobileCLIP2-B,dfndr2b,0.9,0.5,"ThresholdGrid(conf=0.9,mask=0.5)",0.3049217663439257,0.3544735908508301,3.3671875,0.17210307220821586,0.16305732484076432,0.46878980891719746,0.2751592356687898,16.02857142857143,0.05777355103382092,0.24926827033613896,0.20497706296873056,bbox_pad_20
/mnt/data/model-ckpts/sam/sam2-hiera-base-plus,MobileCLIP2-B,dfndr2b,0.9,0.9,"ThresholdGrid(conf=0.9,mask=0.9)",0.3041556736986552,0.3544735908508301,3.3671875,0.17210307220821586,0.16305732484076432,0.46878980891719746,0.2751592356687898,16.02857142857143,0.05777355103382092,0.24926827033613896,0.20497706296873056,bbox_pad_20
/mnt/data/model-ckpts/sam/sam2-hiera-base-plus,MobileCLIP2-B,dfndr2b,0.5,0.5,"ThresholdGrid(conf=0.5,mask=0.5)",0.3540126806391137,0.35467958450317383,3.3671875,0.1468456350808706,0.13121019108280255,0.5452229299363057,0.2624203821656051,38.042857142857144,0.3279812534208525,0.25847934228219804,0.1800339673790979,bbox_pad_20
/mnt/data/model-ckpts/sam/sam2-hiera-large,ViT-B-32,laion2b_s34b_b79k,0.9,0.5,"ThresholdGrid(conf=0.9,mask=0.5)",0.3104058826076133,0.4093961715698242,2.041015625,0.13807203116142733,0.12738853503184713,0.44331210191082804,0.22802547770700637,16.114285714285714,0.08100082543704112,0.2481551206985097,0.1711755694710646,bbox_pad_20
/mnt/data/model-ckpts/sam/sam2-hiera-large,ViT-B-32,laion2b_s34b_b79k,0.9,0.9,"ThresholdGrid(conf=0.9,mask=0.9)",0.31017714978328775,0.4093961715698242,2.041015625,0.13807203116142733,0.12738853503184713,0.44331210191082804,0.22802547770700637,16.114285714285714,0.08100082543704112,0.2481551206985097,0.1711755694710646,bbox_pad_20
/mnt/data/model-ckpts/sam/sam2-hiera-large,ViT-B-32,laion2b_s34b_b79k,0.5,0.5,"ThresholdGrid(conf=0.5,mask=0.5)",0.35893089204494444,0.4095773696899414,2.041015625,0.11784477377334078,0.10955414012738854,0.5515923566878981,0.21019108280254778,39.857142857142854,0.3630719882822808,0.25703620143756745,0.15885829767939008,bbox_pad_20
/mnt/data/model-ckpts/sam/sam2-hiera-large,ViT-B-32,datacomp_xl_s13b_b90k,0.9,0.5,"ThresholdGrid(conf=0.9,mask=0.5)",0.3093731556353824,0.4093961715698242,2.041015625,0.1488340498801369,0.1337579617834395,0.44331210191082804,0.24076433121019108,16.114285714285714,0.08100082543704112,0.1975185467748885,0.17763373892147727,bbox_pad_20
/mnt/data/model-ckpts/sam/sam2-hiera-large,ViT-B-32,datacomp_xl_s13b_b90k,0.9,0.9,"ThresholdGrid(conf=0.9,mask=0.9)",0.31390422622540165,0.4093961715698242,2.041015625,0.1488340498801369,0.1337579617834395,0.44331210191082804,0.24076433121019108,16.114285714285714,0.08100082543704112,0.1975185467748885,0.17763373892147727,bbox_pad_20
/mnt/data/model-ckpts/sam/sam2-hiera-large,ViT-B-32,datacomp_xl_s13b_b90k,0.5,0.5,"ThresholdGrid(conf=0.5,mask=0.5)",0.3631432939852987,0.4095773696899414,2.041015625,0.13797697688564992,0.12101910828025478,0.5515923566878981,0.2535031847133758,39.857142857142854,0.3630719882822808,0.20696208731384033,0.16316216872313666,bbox_pad_20
/mnt/data/model-ckpts/sam/sam2-hiera-large,ViT-B-16,laion2b_s34b_b88k,0.9,0.5,"ThresholdGrid(conf=0.9,mask=0.5)",0.30577894898929764,0.4071311950683594,3.095703125,0.15585072450520585,0.14522292993630573,0.44331210191082804,0.2535031847133758,16.114285714285714,0.08100082543704112,0.22010125887052268,0.1831161721939187,bbox_pad_20
/mnt/data/model-ckpts/sam/sam2-hiera-large,ViT-B-16,laion2b_s34b_b88k,0.9,0.9,"ThresholdGrid(conf=0.9,mask=0.9)",0.3013923897274903,0.4071311950683594,3.095703125,0.15585072450520585,0.14522292993630573,0.44331210191082804,0.2535031847133758,16.114285714285714,0.08100082543704112,0.22010125887052268,0.1831161721939187,bbox_pad_20
/mnt/data/model-ckpts/sam/sam2-hiera-large,ViT-B-16,laion2b_s34b_b88k,0.5,0.5,"ThresholdGrid(conf=0.5,mask=0.5)",0.35886119585484266,0.40731239318847656,3.095703125,0.14457515707303445,0.13503184713375796,0.5515923566878981,0.2611464968152866,39.857142857142854,0.3630719882822808,0.22946183030392714,0.1758414388520632,bbox_pad_20
/mnt/data/model-ckpts/sam/sam2-hiera-large,ViT-B-16-SigLIP,webli,0.9,0.5,"ThresholdGrid(conf=0.9,mask=0.5)",0.308429216966033,0.4622325897216797,2.810546875,0.14385784876098678,0.13503184713375796,0.44331210191082804,0.23057324840764332,16.114285714285714,0.08100082543704112,0.06443589438274977,0.17360431839731202,bbox_pad_20
/mnt/data/model-ckpts/sam/sam2-hiera-large,ViT-B-16-SigLIP,webli,0.9,0.9,"ThresholdGrid(conf=0.9,mask=0.9)",0.31169410794973373,0.4622325897216797,2.810546875,0.14385784876098678,0.13503184713375796,0.44331210191082804,0.23057324840764332,16.114285714285714,0.08100082543704112,0.06443589438274977,0.17360431839731202,bbox_pad_20
/mnt/data/model-ckpts/sam/sam2-hiera-large,ViT-B-16-SigLIP,webli,0.5,0.5,"ThresholdGrid(conf=0.5,mask=0.5)",0.3622454990233694,0.4624977111816406,2.810546875,0.12536466771796537,0.1197452229299363,0.5515923566878981,0.21273885350318472,39.857142857142854,0.3630719882822808,0.071942002898094,0.16104682980091825,bbox_pad_20
/mnt/data/model-ckpts/sam/sam2-hiera-large,ViT-L-14,laion2b_s32b_b82k,0.9,0.5,"ThresholdGrid(conf=0.9,mask=0.5)",0.3135253409189837,0.9581375122070312,5.734375,0.1610520859015027,0.14777070063694267,0.44331210191082804,0.267515923566879,16.114285714285714,0.08100082543704112,0.241591449964578,0.18578488979125912,bbox_pad_20
/mnt/data/model-ckpts/sam/sam2-hiera-large,ViT-L-14,laion2b_s32b_b82k,0.9,0.9,"ThresholdGrid(conf=0.9,mask=0.9)",0.31892648631972925,0.9581375122070312,5.734375,0.1610520859015027,0.14777070063694267,0.44331210191082804,0.267515923566879,16.114285714285714,0.08100082543704112,0.241591449964578,0.18578488979125912,bbox_pad_20
/mnt/data/model-ckpts/sam/sam2-hiera-large,ViT-L-14,laion2b_s32b_b82k,0.5,0.5,"ThresholdGrid(conf=0.5,mask=0.5)",0.3748618598495211,0.9584026336669922,5.734375,0.1484855781373674,0.14012738853503184,0.5515923566878981,0.2624203821656051,39.857142857142854,0.3630719882822808,0.2508612249877043,0.17703007688330452,bbox_pad_20
/mnt/data/model-ckpts/sam/sam2-hiera-large,ViT-L-14,dfn2b,0.9,0.5,"ThresholdGrid(conf=0.9,mask=0.5)",0.31222168555749313,0.9581375122070312,5.734375,0.1576929334558026,0.14394904458598726,0.44331210191082804,0.25095541401273885,16.114285714285714,0.08100082543704112,0.1992522003069805,0.18149210623543027,bbox_pad_20
/mnt/data/model-ckpts/sam/sam2-hiera-large,ViT-L-14,dfn2b,0.9,0.9,"ThresholdGrid(conf=0.9,mask=0.9)",0.3113136227641787,0.9581375122070312,5.734375,0.1576929334558026,0.14394904458598726,0.44331210191082804,0.25095541401273885,16.114285714285714,0.08100082543704112,0.1992522003069805,0.18149210623543027,bbox_pad_20
/mnt/data/model-ckpts/sam/sam2-hiera-large,ViT-L-14,dfn2b,0.5,0.5,"ThresholdGrid(conf=0.5,mask=0.5)",0.3657733156744923,0.9584026336669922,5.734375,0.14309384087871208,0.1286624203821656,0.5515923566878981,0.2535031847133758,39.857142857142854,0.3630719882822808,0.20778655358560524,0.17144608216807122,bbox_pad_20
/mnt/data/model-ckpts/sam/sam2-hiera-large,ViT-L-14,datacomp_xl_s13b_b90k,0.9,0.5,"ThresholdGrid(conf=0.9,mask=0.5)",0.32094583979674746,0.9581375122070312,5.734375,0.1582483687996557,0.14267515923566879,0.44331210191082804,0.25477707006369427,16.114285714285714,0.08100082543704112,0.1772225411739319,0.17939723303671767,bbox_pad_20
/mnt/data/model-ckpts/sam/sam2-hiera-large,ViT-L-14,datacomp_xl_s13b_b90k,0.9,0.9,"ThresholdGrid(conf=0.9,mask=0.9)",0.31836588002209154,0.9581375122070312,5.734375,0.1582483687996557,0.14267515923566879,0.44331210191082804,0.25477707006369427,16.114285714285714,0.08100082543704112,0.1772225411739319,0.17939723303671767,bbox_pad_20
/mnt/data/model-ckpts/sam/sam2-hiera-large,ViT-L-14,datacomp_xl_s13b_b90k,0.5,0.5,"ThresholdGrid(conf=0.5,mask=0.5)",0.37016612144985367,0.9584026336669922,5.734375,0.13980726951914169,0.12738853503184713,0.5515923566878981,0.2394904458598726,39.857142857142854,0.3630719882822808,0.18953995007997865,0.1655119318492404,bbox_pad_20
/mnt/data/model-ckpts/sam/sam2-hiera-large,MobileCLIP-S1,datacompdr,0.9,0.5,"ThresholdGrid(conf=0.9,mask=0.5)",0.30961460433900356,0.2301325798034668,5.0703125,0.15211925349293434,0.13630573248407643,0.44331210191082804,0.2535031847133758,16.114285714285714,0.08100082543704112,0.21538487753480862,0.1714564898354511,bbox_pad_20
/mnt/data/model-ckpts/sam/sam2-hiera-large,MobileCLIP-S1,datacompdr,0.9,0.9,"ThresholdGrid(conf=0.9,mask=0.9)",0.302259687201253,0.2301325798034668,5.0703125,0.15211925349293434,0.13630573248407643,0.44331210191082804,0.2535031847133758,16.114285714285714,0.08100082543704112,0.21538487753480862,0.1714564898354511,bbox_pad_20
/mnt/data/model-ckpts/sam/sam2-hiera-large,MobileCLIP-S1,datacompdr,0.5,0.5,"ThresholdGrid(conf=0.5,mask=0.5)",0.35159291167344364,0.23031377792358398,5.0703125,0.13600458283813796,0.11719745222929936,0.5515923566878981,0.2585987261146497,39.857142857142854,0.3630719882822808,0.22486948968878218,0.1621414023341909,bbox_pad_20
/mnt/data/model-ckpts/sam/sam2-hiera-large,MobileCLIP-S2,datacompdr,0.9,0.5,"ThresholdGrid(conf=0.9,mask=0.5)",0.30163489947361605,0.2584829330444336,6.234375,0.14588205917686403,0.12993630573248408,0.44331210191082804,0.25605095541401274,16.114285714285714,0.08100082543704112,0.21953605134396037,0.16773434040012297,bbox_pad_20
/mnt/data/model-ckpts/sam/sam2-hiera-large,MobileCLIP-S2,datacompdr,0.9,0.9,"ThresholdGrid(conf=0.9,mask=0.9)",0.30654119660279583,0.2584829330444336,6.234375,0.14588205917686403,0.12993630573248408,0.44331210191082804,0.25605095541401274,16.114285714285714,0.08100082543704112,0.21953605134396037,0.16773434040012297,bbox_pad_20
/mnt/data/model-ckpts/sam/sam2-hiera-large,MobileCLIP-S2,datacompdr,0.5,0.5,"ThresholdGrid(conf=0.5,mask=0.5)",0.3509487590885588,0.2586641311645508,6.234375,0.14515778972003085,0.1286624203821656,0.5515923566878981,0.28152866242038216,39.857142857142854,0.3630719882822808,0.2290828864570636,0.16355987173204042,bbox_pad_20
/mnt/data/model-ckpts/sam/sam2-hiera-large,ViT-H-14,laion2b_s32b_b79k,0.9,0.5,"ThresholdGrid(conf=0.9,mask=0.5)",0.31812746144299,2.030636787414551,9.00390625,0.15212711199606074,0.14140127388535031,0.44331210191082804,0.24585987261146497,16.114285714285714,0.08100082543704112,0.2385420348424061,0.17386819963548342,bbox_pad_20
/mnt/data/model-ckpts/sam/sam2-hiera-large,ViT-H-14,laion2b_s32b_b79k,0.9,0.9,"ThresholdGrid(conf=0.9,mask=0.9)",0.32346008478530813,2.030636787414551,9.00390625,0.15212711199606074,0.14140127388535031,0.44331210191082804,0.24585987261146497,16.114285714285714,0.08100082543704112,0.2385420348424061,0.17386819963548342,bbox_pad_20
/mnt/data/model-ckpts/sam/sam2-hiera-large,ViT-H-14,laion2b_s32b_b79k,0.5,0.5,"ThresholdGrid(conf=0.5,mask=0.5)",0.3783246069880469,2.0309858322143555,9.00390625,0.13469320595956707,0.12611464968152866,0.5515923566878981,0.2356687898089172,39.857142857142854,0.3630719882822808,0.2501564938171654,0.16207028998191245,bbox_pad_20
/mnt/data/model-ckpts/sam/sam2-hiera-large,ViT-H-14,metaclip_fullcc,0.9,0.5,"ThresholdGrid(conf=0.9,mask=0.5)",0.32001850195229053,2.030636787414551,9.00390625,0.16063115938343947,0.1503184713375796,0.44331210191082804,0.267515923566879,16.114285714285714,0.08100082543704112,0.31797836472274393,0.18779537547408734,bbox_pad_20
/mnt/data/model-ckpts/sam/sam2-hiera-large,ViT-H-14,metaclip_fullcc,0.9,0.9,"ThresholdGrid(conf=0.9,mask=0.9)",0.31845798449856894,2.030636787414551,9.00390625,0.16063115938343947,0.1503184713375796,0.44331210191082804,0.267515923566879,16.114285714285714,0.08100082543704112,0.31797836472274393,0.18779537547408734,bbox_pad_20
/mnt/data/model-ckpts/sam/sam2-hiera-large,ViT-H-14,metaclip_fullcc,0.5,0.5,"ThresholdGrid(conf=0.5,mask=0.5)",0.3718890615605882,2.0309858322143555,9.00390625,0.1514585194939057,0.13630573248407643,0.5515923566878981,0.27388535031847133,39.857142857142854,0.3630719882822808,0.3218737016437919,0.18471477503430797,bbox_pad_20
/mnt/data/model-ckpts/sam/sam2-hiera-large,ViT-B-16-SigLIP2,webli,0.9,0.5,"ThresholdGrid(conf=0.9,mask=0.5)",0.305157494066017,0.7819347381591797,3.130859375,0.16617961873501247,0.14904458598726114,0.44331210191082804,0.2751592356687898,16.114285714285714,0.08100082543704112,0.09824301567237088,0.18743562853098464,bbox_pad_20
/mnt/data/model-ckpts/sam/sam2-hiera-large,ViT-B-16-SigLIP2,webli,0.9,0.9,"ThresholdGrid(conf=0.9,mask=0.9)",0.3070108060325895,0.7819347381591797,3.130859375,0.16617961873501247,0.14904458598726114,0.44331210191082804,0.2751592356687898,16.114285714285714,0.08100082543704112,0.09824301567237088,0.18743562853098464,bbox_pad_20
/mnt/data/model-ckpts/sam/sam2-hiera-large,ViT-B-16-SigLIP2,webli,0.5,0.5,"ThresholdGrid(conf=0.5,mask=0.5)",0.35749891041112797,0.7821998596191406,3.130859375,0.1539023068903882,0.13885350318471337,0.5515923566878981,0.27770700636942675,39.857142857142854,0.3630719882822808,0.10369036627138496,0.1806066834152699,bbox_pad_20
/mnt/data/model-ckpts/sam/sam2-hiera-large,ViT-L-16-SigLIP2-384,webli,0.9,0.5,"ThresholdGrid(conf=0.9,mask=0.5)",0.3112855566931622,1.7149286270141602,10.095703125,0.1664426119678216,0.1503184713375796,0.44331210191082804,0.27388535031847133,16.114285714285714,0.08100082543704112,0.09974986202777571,0.18619860101614177,bbox_pad_20
/mnt/data/model-ckpts/sam/sam2-hiera-large,ViT-L-16-SigLIP2-384,webli,0.9,0.9,"ThresholdGrid(conf=0.9,mask=0.9)",0.32430231305105345,1.7149286270141602,10.095703125,0.1664426119678216,0.1503184713375796,0.44331210191082804,0.27388535031847133,16.114285714285714,0.08100082543704112,0.09974986202777571,0.18619860101614177,bbox_pad_20
/mnt/data/model-ckpts/sam/sam2-hiera-large,ViT-L-16-SigLIP2-384,webli,0.5,0.5,"ThresholdGrid(conf=0.5,mask=0.5)",0.3830974389399801,1.7152776718139648,10.095703125,0.15279768299263993,0.13121019108280255,0.5515923566878981,0.267515923566879,39.857142857142854,0.3630719882822808,0.10556134584413213,0.17287435767132006,bbox_pad_20
/mnt/data/model-ckpts/sam/sam2-hiera-large,EVA02-B-16,merged2b_s8b_b131k,0.9,0.5,"ThresholdGrid(conf=0.9,mask=0.5)",0.302432500757277,0.35401058197021484,3.640625,0.15368897332862252,0.13885350318471337,0.44331210191082804,0.2484076433121019,16.114285714285714,0.08100082543704112,0.16630884972727222,0.17542484814116666,bbox_pad_20
/mnt/data/model-ckpts/sam/sam2-hiera-large,EVA02-B-16,merged2b_s8b_b131k,0.9,0.9,"ThresholdGrid(conf=0.9,mask=0.9)",0.30485368001141716,0.35401058197021484,3.640625,0.15368897332862252,0.13885350318471337,0.44331210191082804,0.2484076433121019,16.114285714285714,0.08100082543704112,0.16630884972727222,0.17542484814116666,bbox_pad_20
/mnt/data/model-ckpts/sam/sam2-hiera-large,EVA02-B-16,merged2b_s8b_b131k,0.5,0.5,"ThresholdGrid(conf=0.5,mask=0.5)",0.35431500457759413,0.35419178009033203,3.640625,0.13857082286616224,0.12611464968152866,0.5515923566878981,0.24713375796178344,39.857142857142854,0.3630719882822808,0.1718298706279439,0.16602220601000142,bbox_pad_20
/mnt/data/model-ckpts/sam/sam2-hiera-large,EVA02-L-14,merged2b_s4b_b131k,0.9,0.5,"ThresholdGrid(conf=0.9,mask=0.5)",0.3097138700208494,0.874870777130127,7.15625,0.16267556619908982,0.15286624203821655,0.44331210191082804,0.267515923566879,16.114285714285714,0.08100082543704112,0.20700593252850186,0.18916810813777318,bbox_pad_20
/mnt/data/model-ckpts/sam/sam2-hiera-large,EVA02-L-14,merged2b_s4b_b131k,0.9,0.9,"ThresholdGrid(conf=0.9,mask=0.9)",0.3136977453583053,0.874870777130127,7.15625,0.16267556619908982,0.15286624203821655,0.44331210191082804,0.267515923566879,16.114285714285714,0.08100082543704112,0.20700593252850186,0.18916810813777318,bbox_pad_20
/mnt/data/model-ckpts/sam/sam2-hiera-large,EVA02-L-14,merged2b_s4b_b131k,0.5,0.5,"ThresholdGrid(conf=0.5,mask=0.5)",0.36781784812254564,0.8751358985900879,7.15625,0.15119724761759312,0.14267515923566879,0.5515923566878981,0.26878980891719745,39.857142857142854,0.3630719882822808,0.21297567959424038,0.1823778530666016,bbox_pad_20
/mnt/data/model-ckpts/sam/sam2-hiera-large,ViT-H-14,dfn5b,0.9,0.5,"ThresholdGrid(conf=0.9,mask=0.5)",0.32910266891121864,2.030636787414551,9.00390625,0.15202602920448402,0.14140127388535031,0.44331210191082804,0.24968152866242038,16.114285714285714,0.08100082543704112,0.23553782217441852,0.1769621918889336,bbox_pad_20
/mnt/data/model-ckpts/sam/sam2-hiera-large,ViT-H-14,dfn5b,0.9,0.9,"ThresholdGrid(conf=0.9,mask=0.9)",0.3225744968014104,2.030636787414551,9.00390625,0.15202602920448402,0.14140127388535031,0.44331210191082804,0.24968152866242038,16.114285714285714,0.08100082543704112,0.23553782217441852,0.1769621918889336,bbox_pad_20
/mnt/data/model-ckpts/sam/sam2-hiera-large,ViT-H-14,dfn5b,0.5,0.5,"ThresholdGrid(conf=0.5,mask=0.5)",0.39204585565520184,2.0309858322143555,9.00390625,0.13528834684056712,0.12101910828025478,0.5515923566878981,0.25095541401273885,39.857142857142854,0.3630719882822808,0.24594026405340547,0.1661975619732991,bbox_pad_20
/mnt/data/model-ckpts/sam/sam2-hiera-large,MobileCLIP-B,datacompdr,0.9,0.5,"ThresholdGrid(conf=0.9,mask=0.5)",0.3069917970736112,0.3535170555114746,3.08984375,0.1523387798990416,0.1375796178343949,0.44331210191082804,0.2624203821656051,16.114285714285714,0.08100082543704112,0.16452986615573525,0.1772659369444033,bbox_pad_20
/mnt/data/model-ckpts/sam/sam2-hiera-large,MobileCLIP-B,datacompdr,0.9,0.9,"ThresholdGrid(conf=0.9,mask=0.9)",0.30551531152533634,0.3535170555114746,3.08984375,0.1523387798990416,0.1375796178343949,0.44331210191082804,0.2624203821656051,16.114285714285714,0.08100082543704112,0.16452986615573525,0.1772659369444033,bbox_pad_20
/mnt/data/model-ckpts/sam/sam2-hiera-large,MobileCLIP-B,datacompdr,0.5,0.5,"ThresholdGrid(conf=0.5,mask=0.5)",0.359953790237861,0.3536982536315918,3.08984375,0.14211807509334068,0.12611464968152866,0.5515923566878981,0.26878980891719745,39.857142857142854,0.3630719882822808,0.17398410277192,0.17187085613665867,bbox_pad_20
/mnt/data/model-ckpts/sam/sam2-hiera-large,MobileCLIP2-S0,dfndr2b,0.9,0.5,"ThresholdGrid(conf=0.9,mask=0.5)",0.29716493362294777,0.21108102798461914,5.041015625,0.15439184339068257,0.14012738853503184,0.44331210191082804,0.24713375796178344,16.114285714285714,0.08100082543704112,0.22855025462474032,0.1810609983932291,bbox_pad_20
/mnt/data/model-ckpts/sam/sam2-hiera-large,MobileCLIP2-S0,dfndr2b,0.9,0.9,"ThresholdGrid(conf=0.9,mask=0.9)",0.30834479590079616,0.21108102798461914,5.041015625,0.15439184339068257,0.14012738853503184,0.44331210191082804,0.24713375796178344,16.114285714285714,0.08100082543704112,0.22855025462474032,0.1810609983932291,bbox_pad_20
/mnt/data/model-ckpts/sam/sam2-hiera-large,MobileCLIP2-S0,dfndr2b,0.5,0.5,"ThresholdGrid(conf=0.5,mask=0.5)",0.3492885235963123,0.21126222610473633,5.041015625,0.14310191522893442,0.12738853503184713,0.5515923566878981,0.2484076433121019,39.857142857142854,0.3630719882822808,0.2378069913501193,0.17114897824013142,bbox_pad_20
/mnt/data/model-ckpts/sam/sam2-hiera-large,MobileCLIP2-S2,dfndr2b,0.9,0.5,"ThresholdGrid(conf=0.9,mask=0.5)",0.3056660826717104,0.2584829330444336,6.234375,0.16381642010409622,0.14904458598726114,0.44331210191082804,0.26369426751592356,16.114285714285714,0.08100082543704112,0.2496788163948211,0.18614672783059036,bbox_pad_20
/mnt/data/model-ckpts/sam/sam2-hiera-large,MobileCLIP2-S2,dfndr2b,0.9,0.9,"ThresholdGrid(conf=0.9,mask=0.9)",0.3040135671783771,0.2584829330444336,6.234375,0.16381642010409622,0.14904458598726114,0.44331210191082804,0.26369426751592356,16.114285714285714,0.08100082543704112,0.2496788163948211,0.18614672783059036,bbox_pad_20
/mnt/data/model-ckpts/sam/sam2-hiera-large,MobileCLIP2-S2,dfndr2b,0.5,0.5,"ThresholdGrid(conf=0.5,mask=0.5)",0.35594604310712646,0.2586641311645508,6.234375,0.13974722004453385,0.12356687898089172,0.5515923566878981,0.25605095541401274,39.857142857142854,0.3630719882822808,0.25951846524788313,0.17021452090603098,bbox_pad_20
/mnt/data/model-ckpts/sam/sam2-hiera-large,MobileCLIP2-B,dfndr2b,0.9,0.5,"ThresholdGrid(conf=0.9,mask=0.5)",0.30100748408585787,0.3535170555114746,3.08984375,0.1643026696285419,0.1503184713375796,0.44331210191082804,0.26496815286624203,16.114285714285714,0.08100082543704112,0.2472762788177296,0.18921581637053453,bbox_pad_20
/mnt/data/model-ckpts/sam/sam2-hiera-large,MobileCLIP2-B,dfndr2b,0.9,0.9,"ThresholdGrid(conf=0.9,mask=0.9)",0.30526797553258284,0.3535170555114746,3.08984375,0.1643026696285419,0.1503184713375796,0.44331210191082804,0.26496815286624203,16.114285714285714,0.08100082543704112,0.2472762788177296,0.18921581637053453,bbox_pad_20
/mnt/data/model-ckpts/sam/sam2-hiera-large,MobileCLIP2-B,dfndr2b,0.5,0.5,"ThresholdGrid(conf=0.5,mask=0.5)",0.3483039326965809,0.3536982536315918,3.08984375,0.1531226619477766,0.14012738853503184,0.5515923566878981,0.2713375796178344,39.857142857142854,0.3630719882822808,0.25890992352157643,0.1843783363692802,bbox_pad_20
/mnt/data/model-ckpts/sam/sam2-hiera-small,ViT-B-32,laion2b_s34b_b79k,0.9,0.5,"ThresholdGrid(conf=0.9,mask=0.5)",0.3090144900072898,0.4103665351867676,2.123046875,0.14130434654557963,0.13503184713375796,0.44331210191082804,0.2229299363057325,16.0,0.07544769589678058,0.24820598935245708,0.1739136334296601,bbox_pad_20
/mnt/data/model-ckpts/sam/sam2-hiera-small,ViT-B-32,laion2b_s34b_b79k,0.9,0.9,"ThresholdGrid(conf=0.9,mask=0.9)",0.31480646825262476,0.4103665351867676,2.123046875,0.14130434654557963,0.13503184713375796,0.44331210191082804,0.2229299363057325,16.0,0.07544769589678058,0.24820598935245708,0.1739136334296601,bbox_pad_20
/mnt/data/model-ckpts/sam/sam2-hiera-small,ViT-B-32,laion2b_s34b_b79k,0.5,0.5,"ThresholdGrid(conf=0.5,mask=0.5)",0.36947152444294523,0.41056299209594727,2.123046875,0.11881020267697434,0.10445859872611465,0.5503184713375796,0.21273885350318472,40.57142857142857,0.341334372699757,0.2567358942927828,0.1497300478411943,bbox_pad_20
/mnt/data/model-ckpts/sam/sam2-hiera-small,ViT-B-32,datacomp_xl_s13b_b90k,0.9,0.5,"ThresholdGrid(conf=0.9,mask=0.5)",0.303223286755383,0.4103665351867676,2.123046875,0.15000574513401815,0.14394904458598726,0.44331210191082804,0.2318471337579618,16.0,0.07544769589678058,0.1984491481333022,0.18086411275507328,bbox_pad_20
/mnt/data/model-ckpts/sam/sam2-hiera-small,ViT-B-32,datacomp_xl_s13b_b90k,0.9,0.9,"ThresholdGrid(conf=0.9,mask=0.9)",0.3062227075653417,0.4103665351867676,2.123046875,0.15000574513401815,0.14394904458598726,0.44331210191082804,0.2318471337579618,16.0,0.07544769589678058,0.1984491481333022,0.18086411275507328,bbox_pad_20
/mnt/data/model-ckpts/sam/sam2-hiera-small,ViT-B-32,datacomp_xl_s13b_b90k,0.5,0.5,"ThresholdGrid(conf=0.5,mask=0.5)",0.36434432092521873,0.41056299209594727,2.123046875,0.14124195757052985,0.13121019108280255,0.5503184713375796,0.2445859872611465,40.57142857142857,0.341334372699757,0.20734034573576252,0.1641689255760299,bbox_pad_20
/mnt/data/model-ckpts/sam/sam2-hiera-small,ViT-B-16,laion2b_s34b_b88k,0.9,0.5,"ThresholdGrid(conf=0.9,mask=0.5)",0.2991518305082406,0.40895605087280273,3.345703125,0.1534148219133415,0.14394904458598726,0.44331210191082804,0.24331210191082803,16.0,0.07544769589678058,0.22011897599051714,0.1782075679203139,bbox_pad_20
/mnt/data/model-ckpts/sam/sam2-hiera-small,ViT-B-16,laion2b_s34b_b88k,0.9,0.9,"ThresholdGrid(conf=0.9,mask=0.9)",0.3083005946661745,0.40895605087280273,3.345703125,0.1534148219133415,0.14394904458598726,0.44331210191082804,0.24331210191082803,16.0,0.07544769589678058,0.22011897599051714,0.1782075679203139,bbox_pad_20
/mnt/data/model-ckpts/sam/sam2-hiera-small,ViT-B-16,laion2b_s34b_b88k,0.5,0.5,"ThresholdGrid(conf=0.5,mask=0.5)",0.36141114375953165,0.4091525077819824,3.345703125,0.14331071099928339,0.1375796178343949,0.5503184713375796,0.2484076433121019,40.57142857142857,0.341334372699757,0.2294035242241659,0.1683923718850245,bbox_pad_20
/mnt/data/model-ckpts/sam/sam2-hiera-small,ViT-B-16-SigLIP,webli,0.9,0.5,"ThresholdGrid(conf=0.9,mask=0.5)",0.3426725543769343,0.4614901542663574,2.841796875,0.13945365546161162,0.12993630573248408,0.44331210191082804,0.2229299363057325,16.0,0.07544769589678058,0.06453811818122816,0.16986747647257197,bbox_pad_20
/mnt/data/model-ckpts/sam/sam2-hiera-small,ViT-B-16-SigLIP,webli,0.9,0.9,"ThresholdGrid(conf=0.9,mask=0.9)",0.3158291568979621,0.4614901542663574,2.841796875,0.13945365546161162,0.12993630573248408,0.44331210191082804,0.2229299363057325,16.0,0.07544769589678058,0.06453811818122816,0.16986747647257197,bbox_pad_20
/mnt/data/model-ckpts/sam/sam2-hiera-small,ViT-B-16-SigLIP,webli,0.5,0.5,"ThresholdGrid(conf=0.5,mask=0.5)",0.36692843838993994,0.46178102493286133,2.841796875,0.12411216239671888,0.11210191082802548,0.5503184713375796,0.2229299363057325,40.57142857142857,0.341334372699757,0.07253941469914785,0.15453779478958024,bbox_pad_20
/mnt/data/model-ckpts/sam/sam2-hiera-small,ViT-L-14,laion2b_s32b_b82k,0.9,0.5,"ThresholdGrid(conf=0.9,mask=0.5)",0.3145187926877822,0.9576430320739746,6.6484375,0.1560882695412195,0.14012738853503184,0.44331210191082804,0.2662420382165605,16.0,0.07544769589678058,0.2416649391981447,0.1820113979872218,bbox_pad_20
/mnt/data/model-ckpts/sam/sam2-hiera-small,ViT-L-14,laion2b_s32b_b82k,0.9,0.9,"ThresholdGrid(conf=0.9,mask=0.9)",0.31853027841342346,0.9576430320739746,6.6484375,0.1560882695412195,0.14012738853503184,0.44331210191082804,0.2662420382165605,16.0,0.07544769589678058,0.2416649391981447,0.1820113979872218,bbox_pad_20
/mnt/data/model-ckpts/sam/sam2-hiera-small,ViT-L-14,laion2b_s32b_b82k,0.5,0.5,"ThresholdGrid(conf=0.5,mask=0.5)",0.3648310134719525,0.9579339027404785,6.6484375,0.142862675724407,0.12484076433121019,0.5503184713375796,0.26878980891719745,40.57142857142857,0.341334372699757,0.25107286078914715,0.16389268041716734,bbox_pad_20
/mnt/data/model-ckpts/sam/sam2-hiera-small,ViT-L-14,dfn2b,0.9,0.5,"ThresholdGrid(conf=0.9,mask=0.5)",0.31521835563970463,0.955564022064209,6.6484375,0.1463687814583617,0.13503184713375796,0.44331210191082804,0.23439490445859873,16.0,0.07544769589678058,0.1982618791092733,0.17627100627751427,bbox_pad_20
/mnt/data/model-ckpts/sam/sam2-hiera-small,ViT-L-14,dfn2b,0.9,0.9,"ThresholdGrid(conf=0.9,mask=0.9)",0.3141163482463786,0.955564022064209,6.6484375,0.1463687814583617,0.13503184713375796,0.44331210191082804,0.23439490445859873,16.0,0.07544769589678058,0.1982618791092733,0.17627100627751427,bbox_pad_20
/mnt/data/model-ckpts/sam/sam2-hiera-small,ViT-L-14,dfn2b,0.5,0.5,"ThresholdGrid(conf=0.5,mask=0.5)",0.3684394560488207,0.9558548927307129,6.6484375,0.13776018135913762,0.12356687898089172,0.5503184713375796,0.24585987261146497,40.57142857142857,0.341334372699757,0.20764767191592295,0.16336465220845584,bbox_pad_20
/mnt/data/model-ckpts/sam/sam2-hiera-small,ViT-L-14,datacomp_xl_s13b_b90k,0.9,0.5,"ThresholdGrid(conf=0.9,mask=0.5)",0.31614782554762705,0.955564022064209,6.6484375,0.1508269702095666,0.13885350318471337,0.44331210191082804,0.2394904458598726,16.0,0.07544769589678058,0.17852902932531514,0.1781385990718039,bbox_pad_20
/mnt/data/model-ckpts/sam/sam2-hiera-small,ViT-L-14,datacomp_xl_s13b_b90k,0.9,0.9,"ThresholdGrid(conf=0.9,mask=0.9)",0.3192183229007891,0.955564022064209,6.6484375,0.1508269702095666,0.13885350318471337,0.44331210191082804,0.2394904458598726,16.0,0.07544769589678058,0.17852902932531514,0.1781385990718039,bbox_pad_20
/mnt/data/model-ckpts/sam/sam2-hiera-small,ViT-L-14,datacomp_xl_s13b_b90k,0.5,0.5,"ThresholdGrid(conf=0.5,mask=0.5)",0.37064212041773964,0.9558548927307129,6.6484375,0.1322732849837997,0.1159235668789809,0.5503184713375796,0.24076433121019108,40.57142857142857,0.341334372699757,0.19014548693492914,0.1569468419688779,bbox_pad_20
/mnt/data/model-ckpts/sam/sam2-hiera-small,MobileCLIP-S1,datacompdr,0.9,0.5,"ThresholdGrid(conf=0.9,mask=0.5)",0.30423978210559915,0.23012638092041016,5.15625,0.1489685477808483,0.13121019108280255,0.44331210191082804,0.2535031847133758,16.0,0.07544769589678058,0.2153005312297754,0.1700842711251519,bbox_pad_20
/mnt/data/model-ckpts/sam/sam2-hiera-small,MobileCLIP-S1,datacompdr,0.9,0.9,"ThresholdGrid(conf=0.9,mask=0.9)",0.3074305132031441,0.23012638092041016,5.15625,0.1489685477808483,0.13121019108280255,0.44331210191082804,0.2535031847133758,16.0,0.07544769589678058,0.2153005312297754,0.1700842711251519,bbox_pad_20
/mnt/data/model-ckpts/sam/sam2-hiera-small,MobileCLIP-S1,datacompdr,0.5,0.5,"ThresholdGrid(conf=0.5,mask=0.5)",0.359923838238631,0.23032283782958984,5.15625,0.13381141107595776,0.11847133757961784,0.5503184713375796,0.24076433121019108,40.57142857142857,0.341334372699757,0.22476601781928615,0.15885719478804833,bbox_pad_20
/mnt/data/model-ckpts/sam/sam2-hiera-small,MobileCLIP-S2,datacompdr,0.9,0.5,"ThresholdGrid(conf=0.9,mask=0.5)",0.301676888817123,0.25798845291137695,6.36328125,0.14673164327289787,0.1286624203821656,0.44331210191082804,0.2624203821656051,16.0,0.07544769589678058,0.21929277025020805,0.16787535064505996,bbox_pad_20
/mnt/data/model-ckpts/sam/sam2-hiera-small,MobileCLIP-S2,datacompdr,0.9,0.9,"ThresholdGrid(conf=0.9,mask=0.9)",0.310852491695966,0.25798845291137695,6.36328125,0.14673164327289787,0.1286624203821656,0.44331210191082804,0.2624203821656051,16.0,0.07544769589678058,0.21929277025020805,0.16787535064505996,bbox_pad_20
/mnt/data/model-ckpts/sam/sam2-hiera-small,MobileCLIP-S2,datacompdr,0.5,0.5,"ThresholdGrid(conf=0.5,mask=0.5)",0.35598912675465855,0.25818490982055664,6.36328125,0.14185239466552269,0.12229299363057325,0.5503184713375796,0.26369426751592356,40.57142857142857,0.341334372699757,0.22954982700431423,0.15705509283077188,bbox_pad_20
/mnt/data/model-ckpts/sam/sam2-hiera-small,ViT-H-14,laion2b_s32b_b79k,0.9,0.5,"ThresholdGrid(conf=0.9,mask=0.5)",0.3127374653039234,2.031233310699463,9.712890625,0.1422969712474047,0.13121019108280255,0.44331210191082804,0.23694267515923567,16.0,0.07544769589678058,0.2392023494099356,0.16993827167037323,bbox_pad_20
/mnt/data/model-ckpts/sam/sam2-hiera-small,ViT-H-14,laion2b_s32b_b79k,0.9,0.9,"ThresholdGrid(conf=0.9,mask=0.9)",0.31655588785984684,2.031233310699463,9.712890625,0.1422969712474047,0.13121019108280255,0.44331210191082804,0.23694267515923567,16.0,0.07544769589678058,0.2392023494099356,0.16993827167037323,bbox_pad_20
/mnt/data/model-ckpts/sam/sam2-hiera-small,ViT-H-14,laion2b_s32b_b79k,0.5,0.5,"ThresholdGrid(conf=0.5,mask=0.5)",0.37481044086494614,2.031618595123291,9.712890625,0.12852401369903624,0.11464968152866242,0.5503184713375796,0.24076433121019108,40.57142857142857,0.341334372699757,0.25039183953005795,0.1529954705415857,bbox_pad_20
/mnt/data/model-ckpts/sam/sam2-hiera-small,ViT-H-14,metaclip_fullcc,0.9,0.5,"ThresholdGrid(conf=0.9,mask=0.5)",0.31824581591146334,2.031233310699463,9.712890625,0.1633840008170891,0.1503184713375796,0.44331210191082804,0.2751592356687898,16.0,0.07544769589678058,0.3179070650392277,0.1881260372446033,bbox_pad_20
/mnt/data/model-ckpts/sam/sam2-hiera-small,ViT-H-14,metaclip_fullcc,0.9,0.9,"ThresholdGrid(conf=0.9,mask=0.9)",0.3150320179494364,2.031233310699463,9.712890625,0.1633840008170891,0.1503184713375796,0.44331210191082804,0.2751592356687898,16.0,0.07544769589678058,0.3179070650392277,0.1881260372446033,bbox_pad_20
/mnt/data/model-ckpts/sam/sam2-hiera-small,ViT-H-14,metaclip_fullcc,0.5,0.5,"ThresholdGrid(conf=0.5,mask=0.5)",0.37680742596941336,2.031618595123291,9.712890625,0.15544628178068862,0.13630573248407643,0.5503184713375796,0.2929936305732484,40.57142857142857,0.341334372699757,0.32186827560898607,0.1776064215376422,bbox_pad_20
/mnt/data/model-ckpts/sam/sam2-hiera-small,ViT-B-16-SigLIP2,webli,0.9,0.5,"ThresholdGrid(conf=0.9,mask=0.5)",0.31960625534078907,0.7837557792663574,3.162109375,0.16357686617497308,0.15286624203821655,0.44331210191082804,0.267515923566879,16.0,0.07544769589678058,0.09829266363648093,0.18873144449468085,bbox_pad_20
/mnt/data/model-ckpts/sam/sam2-hiera-small,ViT-B-16-SigLIP2,webli,0.9,0.9,"ThresholdGrid(conf=0.9,mask=0.9)",0.303290574811399,0.7837557792663574,3.162109375,0.16357686617497308,0.15286624203821655,0.44331210191082804,0.267515923566879,16.0,0.07544769589678058,0.09829266363648093,0.18873144449468085,bbox_pad_20
/mnt/data/model-ckpts/sam/sam2-hiera-small,ViT-B-16-SigLIP2,webli,0.5,0.5,"ThresholdGrid(conf=0.5,mask=0.5)",0.3588630518476878,0.7840466499328613,3.162109375,0.1576619891224962,0.14267515923566879,0.5503184713375796,0.2840764331210191,40.57142857142857,0.341334372699757,0.10379725989357681,0.18057764474508473,bbox_pad_20
/mnt/data/model-ckpts/sam/sam2-hiera-small,ViT-L-16-SigLIP2-384,webli,0.9,0.5,"ThresholdGrid(conf=0.9,mask=0.5)",0.3162316113178219,1.7149147987365723,11.908203125,0.15606431129204035,0.14394904458598726,0.44331210191082804,0.25477707006369427,16.0,0.07544769589678058,0.09949918218953595,0.1801731132026088,bbox_pad_20
/mnt/data/model-ckpts/sam/sam2-hiera-small,ViT-L-16-SigLIP2-384,webli,0.9,0.9,"ThresholdGrid(conf=0.9,mask=0.9)",0.3242283294509564,1.7149147987365723,11.908203125,0.15606431129204035,0.14394904458598726,0.44331210191082804,0.25477707006369427,16.0,0.07544769589678058,0.09949918218953595,0.1801731132026088,bbox_pad_20
/mnt/data/model-ckpts/sam/sam2-hiera-small,ViT-L-16-SigLIP2-384,webli,0.5,0.5,"ThresholdGrid(conf=0.5,mask=0.5)",0.37497442348727156,1.7153000831604004,11.908203125,0.149154859475881,0.13121019108280255,0.5503184713375796,0.26878980891719745,40.57142857142857,0.341334372699757,0.10563260210547477,0.16771014692536765,bbox_pad_20
/mnt/data/model-ckpts/sam/sam2-hiera-small,EVA02-B-16,merged2b_s8b_b131k,0.9,0.5,"ThresholdGrid(conf=0.9,mask=0.5)",0.30166025140455793,0.3540043830871582,3.921875,0.15327355281750388,0.14267515923566879,0.44331210191082804,0.2522292993630573,16.0,0.07544769589678058,0.16631001991451166,0.18026590486621347,bbox_pad_20
/mnt/data/model-ckpts/sam/sam2-hiera-small,EVA02-B-16,merged2b_s8b_b131k,0.9,0.9,"ThresholdGrid(conf=0.9,mask=0.9)",0.294512024681483,0.3540043830871582,3.921875,0.15327355281750388,0.14267515923566879,0.44331210191082804,0.2522292993630573,16.0,0.07544769589678058,0.16631001991451166,0.18026590486621347,bbox_pad_20
/mnt/data/model-ckpts/sam/sam2-hiera-small,EVA02-B-16,merged2b_s8b_b131k,0.5,0.5,"ThresholdGrid(conf=0.5,mask=0.5)",0.3543344525886433,0.3542008399963379,3.921875,0.1442638508809745,0.1286624203821656,0.5503184713375796,0.25605095541401274,40.57142857142857,0.341334372699757,0.1722362931841498,0.16397628421678348,bbox_pad_20
/mnt/data/model-ckpts/sam/sam2-hiera-small,EVA02-L-14,merged2b_s4b_b131k,0.9,0.5,"ThresholdGrid(conf=0.9,mask=0.5)",0.3115130222535559,0.8757114410400391,7.17578125,0.16093993554852856,0.1464968152866242,0.44331210191082804,0.26369426751592356,16.0,0.07544769589678058,0.20684177886908223,0.18638188137438794,bbox_pad_20
/mnt/data/model-ckpts/sam/sam2-hiera-small,EVA02-L-14,merged2b_s4b_b131k,0.9,0.9,"ThresholdGrid(conf=0.9,mask=0.9)",0.30934620715145555,0.8757114410400391,7.17578125,0.16093993554852856,0.1464968152866242,0.44331210191082804,0.26369426751592356,16.0,0.07544769589678058,0.20684177886908223,0.18638188137438794,bbox_pad_20
/mnt/data/model-ckpts/sam/sam2-hiera-small,EVA02-L-14,merged2b_s4b_b131k,0.5,0.5,"ThresholdGrid(conf=0.5,mask=0.5)",0.35432939351137194,0.876002311706543,7.17578125,0.14313167514546044,0.13248407643312102,0.5503184713375796,0.2585987261146497,40.57142857142857,0.341334372699757,0.21340687284424048,0.16967490276003333,bbox_pad_20
/mnt/data/model-ckpts/sam/sam2-hiera-small,ViT-H-14,dfn5b,0.9,0.5,"ThresholdGrid(conf=0.9,mask=0.5)",0.3161742950656584,2.031233310699463,9.712890625,0.14571629188934374,0.13503184713375796,0.44331210191082804,0.23439490445859873,16.0,0.07544769589678058,0.2355083145913045,0.17314740102535156,bbox_pad_20
/mnt/data/model-ckpts/sam/sam2-hiera-small,ViT-H-14,dfn5b,0.9,0.9,"ThresholdGrid(conf=0.9,mask=0.9)",0.3181263039420758,2.031233310699463,9.712890625,0.14571629188934374,0.13503184713375796,0.44331210191082804,0.23439490445859873,16.0,0.07544769589678058,0.2355083145913045,0.17314740102535156,bbox_pad_20
/mnt/data/model-ckpts/sam/sam2-hiera-small,ViT-H-14,dfn5b,0.5,0.5,"ThresholdGrid(conf=0.5,mask=0.5)",0.3814594254695943,2.031618595123291,9.712890625,0.12696725782496443,0.11337579617834395,0.5503184713375796,0.24076433121019108,40.57142857142857,0.341334372699757,0.24577426999617535,0.1598185373255524,bbox_pad_20
/mnt/data/model-ckpts/sam/sam2-hiera-small,MobileCLIP-B,datacompdr,0.9,0.5,"ThresholdGrid(conf=0.9,mask=0.5)",0.29974773060530424,0.35558605194091797,3.75390625,0.14988882941111062,0.1337579617834395,0.44331210191082804,0.2522292993630573,16.0,0.07544769589678058,0.1645122437150615,0.17638558875751992,bbox_pad_20
/mnt/data/model-ckpts/sam/sam2-hiera-small,MobileCLIP-B,datacompdr,0.9,0.9,"ThresholdGrid(conf=0.9,mask=0.9)",0.30072081967123915,0.35558605194091797,3.75390625,0.14988882941111062,0.1337579617834395,0.44331210191082804,0.2522292993630573,16.0,0.07544769589678058,0.1645122437150615,0.17638558875751992,bbox_pad_20
/mnt/data/model-ckpts/sam/sam2-hiera-small,MobileCLIP-B,datacompdr,0.5,0.5,"ThresholdGrid(conf=0.5,mask=0.5)",0.35152397051985773,0.35578250885009766,3.75390625,0.14368398400866705,0.12611464968152866,0.5503184713375796,0.2662420382165605,40.57142857142857,0.341334372699757,0.1738311836911235,0.16514469935913464,bbox_pad_20
/mnt/data/model-ckpts/sam/sam2-hiera-small,MobileCLIP2-S0,dfndr2b,0.9,0.5,"ThresholdGrid(conf=0.9,mask=0.5)",0.29739506343113525,0.2110748291015625,5.125,0.14380105424560025,0.12993630573248408,0.44331210191082804,0.2318471337579618,16.0,0.07544769589678058,0.22838044514891448,0.17523347923887253,bbox_pad_20
/mnt/data/model-ckpts/sam/sam2-hiera-small,MobileCLIP2-S0,dfndr2b,0.9,0.9,"ThresholdGrid(conf=0.9,mask=0.9)",0.3059395821765065,0.2110748291015625,5.125,0.14380105424560025,0.12993630573248408,0.44331210191082804,0.2318471337579618,16.0,0.07544769589678058,0.22838044514891448,0.17523347923887253,bbox_pad_20
/mnt/data/model-ckpts/sam/sam2-hiera-small,MobileCLIP2-S0,dfndr2b,0.5,0.5,"ThresholdGrid(conf=0.5,mask=0.5)",0.3546676764796887,0.2112712860107422,5.125,0.12691911791465615,0.10955414012738854,0.5503184713375796,0.23312101910828026,40.57142857142857,0.341334372699757,0.23742085956274325,0.15964772186035317,bbox_pad_20
/mnt/data/model-ckpts/sam/sam2-hiera-small,MobileCLIP2-S2,dfndr2b,0.9,0.5,"ThresholdGrid(conf=0.9,mask=0.5)",0.297122192569077,0.25798845291137695,6.36328125,0.14977813417469804,0.13885350318471337,0.44331210191082804,0.24203821656050956,16.0,0.07544769589678058,0.2493484881653148,0.17829497060524513,bbox_pad_20
/mnt/data/model-ckpts/sam/sam2-hiera-small,MobileCLIP2-S2,dfndr2b,0.9,0.9,"ThresholdGrid(conf=0.9,mask=0.9)",0.3006218433646219,0.25798845291137695,6.36328125,0.14977813417469804,0.13885350318471337,0.44331210191082804,0.24203821656050956,16.0,0.07544769589678058,0.2493484881653148,0.17829497060524513,bbox_pad_20
/mnt/data/model-ckpts/sam/sam2-hiera-small,MobileCLIP2-S2,dfndr2b,0.5,0.5,"ThresholdGrid(conf=0.5,mask=0.5)",0.35857827668743475,0.25818490982055664,6.36328125,0.13402559232667347,0.11464968152866242,0.5503184713375796,0.25095541401273885,40.57142857142857,0.341334372699757,0.25922407357935695,0.16016361692773204,bbox_pad_20
/mnt/data/model-ckpts/sam/sam2-hiera-small,MobileCLIP2-B,dfndr2b,0.9,0.5,"ThresholdGrid(conf=0.9,mask=0.5)",0.30019758601805996,0.35558605194091797,3.75390625,0.16895116603108504,0.1554140127388535,0.44331210191082804,0.267515923566879,16.0,0.07544769589678058,0.2478270292661752,0.18988221505983927,bbox_pad_20
/mnt/data/model-ckpts/sam/sam2-hiera-small,MobileCLIP2-B,dfndr2b,0.9,0.9,"ThresholdGrid(conf=0.9,mask=0.9)",0.30576944617288454,0.35558605194091797,3.75390625,0.16895116603108504,0.1554140127388535,0.44331210191082804,0.267515923566879,16.0,0.07544769589678058,0.2478270292661752,0.18988221505983927,bbox_pad_20
/mnt/data/model-ckpts/sam/sam2-hiera-small,MobileCLIP2-B,dfndr2b,0.5,0.5,"ThresholdGrid(conf=0.5,mask=0.5)",0.36371435770498856,0.35578250885009766,3.75390625,0.15808360848896363,0.13885350318471337,0.5503184713375796,0.2840764331210191,40.57142857142857,0.341334372699757,0.2588762482829914,0.17859328294560214,bbox_pad_20
/mnt/data/model-ckpts/sam/sam2-hiera-tiny,ViT-B-32,laion2b_s34b_b79k,0.9,0.5,"ThresholdGrid(conf=0.9,mask=0.5)",0.2970494596021516,0.4109659194946289,1.875,0.14870905726639932,0.1464968152866242,0.44713375796178345,0.23439490445859873,14.114285714285714,0.058713057536346556,0.2470491375797873,0.18180828825183065,bbox_pad_20
/mnt/data/model-ckpts/sam/sam2-hiera-tiny,ViT-B-32,laion2b_s34b_b79k,0.9,0.9,"ThresholdGrid(conf=0.9,mask=0.9)",0.29978282150945496,0.4109659194946289,1.875,0.14870905726639932,0.1464968152866242,0.44713375796178345,0.23439490445859873,14.114285714285714,0.058713057536346556,0.2470491375797873,0.18180828825183065,bbox_pad_20
/mnt/data/model-ckpts/sam/sam2-hiera-tiny,ViT-B-32,laion2b_s34b_b79k,0.5,0.5,"ThresholdGrid(conf=0.5,mask=0.5)",0.3654660424217582,0.41115570068359375,1.875,0.13351164337257676,0.12738853503184713,0.5515923566878981,0.23439490445859873,36.25714285714286,0.3592279727710009,0.25595714018982685,0.171356616488577,bbox_pad_20
/mnt/data/model-ckpts/sam/sam2-hiera-tiny,ViT-B-32,datacomp_xl_s13b_b90k,0.9,0.5,"ThresholdGrid(conf=0.9,mask=0.5)",0.301759979421539,0.4109659194946289,1.875,0.16506343562842743,0.1592356687898089,0.44713375796178345,0.25987261146496815,14.114285714285714,0.058713057536346556,0.197109856318896,0.18999644545260883,bbox_pad_20
/mnt/data/model-ckpts/sam/sam2-hiera-tiny,ViT-B-32,datacomp_xl_s13b_b90k,0.9,0.9,"ThresholdGrid(conf=0.9,mask=0.9)",0.29726780485361814,0.4109659194946289,1.875,0.16506343562842743,0.1592356687898089,0.44713375796178345,0.25987261146496815,14.114285714285714,0.058713057536346556,0.197109856318896,0.18999644545260883,bbox_pad_20
/mnt/data/model-ckpts/sam/sam2-hiera-tiny,ViT-B-32,datacomp_xl_s13b_b90k,0.5,0.5,"ThresholdGrid(conf=0.5,mask=0.5)",0.3580940554716757,0.41115570068359375,1.875,0.15156696929895683,0.14140127388535031,0.5515923566878981,0.2624203821656051,36.25714285714286,0.3592279727710009,0.2064461072159421,0.1769733503005629,bbox_pad_20
/mnt/data/model-ckpts/sam/sam2-hiera-tiny,ViT-B-16,laion2b_s34b_b88k,0.9,0.5,"ThresholdGrid(conf=0.9,mask=0.5)",0.3018694696947932,0.40979957580566406,3.181640625,0.17058731575559344,0.1643312101910828,0.44713375796178345,0.2700636942675159,14.114285714285714,0.058713057536346556,0.21959240457434562,0.19634655408183835,bbox_pad_20
/mnt/data/model-ckpts/sam/sam2-hiera-tiny,ViT-B-16,laion2b_s34b_b88k,0.9,0.9,"ThresholdGrid(conf=0.9,mask=0.9)",0.30126262323132585,0.40979957580566406,3.181640625,0.17058731575559344,0.1643312101910828,0.44713375796178345,0.2700636942675159,14.114285714285714,0.058713057536346556,0.21959240457434562,0.19634655408183835,bbox_pad_20
/mnt/data/model-ckpts/sam/sam2-hiera-tiny,ViT-B-16,laion2b_s34b_b88k,0.5,0.5,"ThresholdGrid(conf=0.5,mask=0.5)",0.352549459785223,0.4099893569946289,3.181640625,0.14865596014587826,0.14394904458598726,0.5515923566878981,0.2662420382165605,36.25714285714286,0.3592279727710009,0.22856502897420505,0.18282035006557398,bbox_pad_20
/mnt/data/model-ckpts/sam/sam2-hiera-tiny,ViT-B-16-SigLIP,webli,0.9,0.5,"ThresholdGrid(conf=0.9,mask=0.5)",0.3010522075263517,0.4614744186401367,2.716796875,0.1538291831464999,0.14394904458598726,0.44713375796178345,0.2445859872611465,14.114285714285714,0.058713057536346556,0.06366870028387969,0.18499948211731654,bbox_pad_20
/mnt/data/model-ckpts/sam/sam2-hiera-tiny,ViT-B-16-SigLIP,webli,0.9,0.9,"ThresholdGrid(conf=0.9,mask=0.9)",0.30843651121748344,0.4614744186401367,2.716796875,0.1538291831464999,0.14394904458598726,0.44713375796178345,0.2445859872611465,14.114285714285714,0.058713057536346556,0.06366870028387969,0.18499948211731654,bbox_pad_20
/mnt/data/model-ckpts/sam/sam2-hiera-tiny,ViT-B-16-SigLIP,webli,0.5,0.5,"ThresholdGrid(conf=0.5,mask=0.5)",0.36302151358021156,0.46175193786621094,2.716796875,0.13599841613909874,0.1337579617834395,0.5515923566878981,0.22929936305732485,36.25714285714286,0.3592279727710009,0.07127966807716211,0.17274446327667892,bbox_pad_20
/mnt/data/model-ckpts/sam/sam2-hiera-tiny,ViT-L-14,laion2b_s32b_b82k,0.9,0.5,"ThresholdGrid(conf=0.9,mask=0.5)",0.3077730835814561,0.9555482864379883,6.00390625,0.1638205198494879,0.1554140127388535,0.44713375796178345,0.2611464968152866,14.114285714285714,0.058713057536346556,0.24097854931643053,0.1934937687085984,bbox_pad_20
/mnt/data/model-ckpts/sam/sam2-hiera-tiny,ViT-L-14,laion2b_s32b_b82k,0.9,0.9,"ThresholdGrid(conf=0.9,mask=0.9)",0.3106006221579654,0.9555482864379883,6.00390625,0.1638205198494879,0.1554140127388535,0.44713375796178345,0.2611464968152866,14.114285714285714,0.058713057536346556,0.24097854931643053,0.1934937687085984,bbox_pad_20
/mnt/data/model-ckpts/sam/sam2-hiera-tiny,ViT-L-14,laion2b_s32b_b82k,0.5,0.5,"ThresholdGrid(conf=0.5,mask=0.5)",0.36458096333912443,0.9558258056640625,6.00390625,0.15370121147255164,0.14140127388535031,0.5515923566878981,0.27388535031847133,36.25714285714286,0.3592279727710009,0.2505789376368189,0.1834464903186769,bbox_pad_20
/mnt/data/model-ckpts/sam/sam2-hiera-tiny,ViT-L-14,dfn2b,0.9,0.5,"ThresholdGrid(conf=0.9,mask=0.5)",0.3076376127345221,0.9555482864379883,6.00390625,0.17153512307077393,0.16178343949044585,0.44713375796178345,0.26496815286624203,14.114285714285714,0.058713057536346556,0.19722228389067256,0.19626687592292194,bbox_pad_20
/mnt/data/model-ckpts/sam/sam2-hiera-tiny,ViT-L-14,dfn2b,0.9,0.9,"ThresholdGrid(conf=0.9,mask=0.9)",0.311894974272166,0.9555482864379883,6.00390625,0.17153512307077393,0.16178343949044585,0.44713375796178345,0.26496815286624203,14.114285714285714,0.058713057536346556,0.19722228389067256,0.19626687592292194,bbox_pad_20
/mnt/data/model-ckpts/sam/sam2-hiera-tiny,ViT-L-14,dfn2b,0.5,0.5,"ThresholdGrid(conf=0.5,mask=0.5)",0.3721430498574461,0.9558258056640625,6.00390625,0.15065950242777829,0.14140127388535031,0.5515923566878981,0.27261146496815286,36.25714285714286,0.3592279727710009,0.20684624170042148,0.18180021867363128,bbox_pad_20
/mnt/data/model-ckpts/sam/sam2-hiera-tiny,ViT-L-14,datacomp_xl_s13b_b90k,0.9,0.5,"ThresholdGrid(conf=0.9,mask=0.5)",0.3192254708015493,0.9555482864379883,6.00390625,0.15603605590526795,0.14267515923566879,0.44713375796178345,0.2522292993630573,14.114285714285714,0.058713057536346556,0.17603885001817327,0.18244292230672896,bbox_pad_20
/mnt/data/model-ckpts/sam/sam2-hiera-tiny,ViT-L-14,datacomp_xl_s13b_b90k,0.9,0.9,"ThresholdGrid(conf=0.9,mask=0.9)",0.30867084195571287,0.9555482864379883,6.00390625,0.15603605590526795,0.14267515923566879,0.44713375796178345,0.2522292993630573,14.114285714285714,0.058713057536346556,0.17603885001817327,0.18244292230672896,bbox_pad_20
/mnt/data/model-ckpts/sam/sam2-hiera-tiny,ViT-L-14,datacomp_xl_s13b_b90k,0.5,0.5,"ThresholdGrid(conf=0.5,mask=0.5)",0.3732616181618401,0.9558258056640625,6.00390625,0.13636789601282276,0.11210191082802548,0.5515923566878981,0.25477707006369427,36.25714285714286,0.3592279727710009,0.18815021348796832,0.1658218815248652,bbox_pad_20
/mnt/data/model-ckpts/sam/sam2-hiera-tiny,MobileCLIP-S1,datacompdr,0.9,0.5,"ThresholdGrid(conf=0.9,mask=0.5)",0.29066646405096563,0.23011541366577148,4.83984375,0.15642293602228546,0.14394904458598726,0.44713375796178345,0.2573248407643312,14.114285714285714,0.058713057536346556,0.21424089356023035,0.18070322366322739,bbox_pad_20
/mnt/data/model-ckpts/sam/sam2-hiera-tiny,MobileCLIP-S1,datacompdr,0.9,0.9,"ThresholdGrid(conf=0.9,mask=0.9)",0.29056144079991747,0.23011541366577148,4.83984375,0.15642293602228546,0.14394904458598726,0.44713375796178345,0.2573248407643312,14.114285714285714,0.058713057536346556,0.21424089356023035,0.18070322366322739,bbox_pad_20
/mnt/data/model-ckpts/sam/sam2-hiera-tiny,MobileCLIP-S1,datacompdr,0.5,0.5,"ThresholdGrid(conf=0.5,mask=0.5)",0.35007746358002934,0.23030519485473633,4.83984375,0.14569847787599088,0.1375796178343949,0.5515923566878981,0.25605095541401274,36.25714285714286,0.3592279727710009,0.22360551927689534,0.1758988608779367,bbox_pad_20
/mnt/data/model-ckpts/sam/sam2-hiera-tiny,MobileCLIP-S2,datacompdr,0.9,0.5,"ThresholdGrid(conf=0.9,mask=0.5)",0.29413855435060604,0.2579774856567383,5.970703125,0.15076146543122157,0.14012738853503184,0.44713375796178345,0.2535031847133758,14.114285714285714,0.058713057536346556,0.218599457326968,0.17778607394437293,bbox_pad_20
/mnt/data/model-ckpts/sam/sam2-hiera-tiny,MobileCLIP-S2,datacompdr,0.9,0.9,"ThresholdGrid(conf=0.9,mask=0.9)",0.2967886926074113,0.2579774856567383,5.970703125,0.15076146543122157,0.14012738853503184,0.44713375796178345,0.2535031847133758,14.114285714285714,0.058713057536346556,0.218599457326968,0.17778607394437293,bbox_pad_20
/mnt/data/model-ckpts/sam/sam2-hiera-tiny,MobileCLIP-S2,datacompdr,0.5,0.5,"ThresholdGrid(conf=0.5,mask=0.5)",0.35521885978856255,0.2581672668457031,5.970703125,0.13096671852531,0.1159235668789809,0.5515923566878981,0.2445859872611465,36.25714285714286,0.3592279727710009,0.22841701517059546,0.16382443376955005,bbox_pad_20
/mnt/data/model-ckpts/sam/sam2-hiera-tiny,ViT-H-14,laion2b_s32b_b79k,0.9,0.5,"ThresholdGrid(conf=0.9,mask=0.5)",0.31761592919273035,2.03121280670166,9.375,0.14680577053982763,0.13885350318471337,0.44713375796178345,0.2356687898089172,14.114285714285714,0.058713057536346556,0.23790275184971513,0.17820345224558312,bbox_pad_20
/mnt/data/model-ckpts/sam/sam2-hiera-tiny,ViT-H-14,laion2b_s32b_b79k,0.9,0.9,"ThresholdGrid(conf=0.9,mask=0.9)",0.3168930299580097,2.03121280670166,9.375,0.14680577053982763,0.13885350318471337,0.44713375796178345,0.2356687898089172,14.114285714285714,0.058713057536346556,0.23790275184971513,0.17820345224558312,bbox_pad_20
/mnt/data/model-ckpts/sam/sam2-hiera-tiny,ViT-H-14,laion2b_s32b_b79k,0.5,0.5,"ThresholdGrid(conf=0.5,mask=0.5)",0.37444367605660644,2.0315780639648438,9.375,0.13946779350301663,0.13248407643312102,0.5515923566878981,0.2356687898089172,36.25714285714286,0.3592279727710009,0.2493605758164339,0.16881096586251634,bbox_pad_20
/mnt/data/model-ckpts/sam/sam2-hiera-tiny,ViT-H-14,metaclip_fullcc,0.9,0.5,"ThresholdGrid(conf=0.9,mask=0.5)",0.3144829800086362,2.03121280670166,9.375,0.165399902166616,0.15286624203821655,0.44713375796178345,0.2764331210191083,14.114285714285714,0.058713057536346556,0.317851384961681,0.19435755537497765,bbox_pad_20
/mnt/data/model-ckpts/sam/sam2-hiera-tiny,ViT-H-14,metaclip_fullcc,0.9,0.9,"ThresholdGrid(conf=0.9,mask=0.9)",0.3188939000080739,2.03121280670166,9.375,0.165399902166616,0.15286624203821655,0.44713375796178345,0.2764331210191083,14.114285714285714,0.058713057536346556,0.317851384961681,0.19435755537497765,bbox_pad_20
/mnt/data/model-ckpts/sam/sam2-hiera-tiny,ViT-H-14,metaclip_fullcc,0.5,0.5,"ThresholdGrid(conf=0.5,mask=0.5)",0.3699151599513633,2.0315780639648438,9.375,0.16283309401507298,0.1503184713375796,0.5515923566878981,0.2968152866242038,36.25714285714286,0.3592279727710009,0.3213472741424658,0.19527581869478855,bbox_pad_20
/mnt/data/model-ckpts/sam/sam2-hiera-tiny,ViT-B-16-SigLIP2,webli,0.9,0.5,"ThresholdGrid(conf=0.9,mask=0.5)",0.30732728274805204,0.7837400436401367,3.037109375,0.1700269901954409,0.16305732484076432,0.44713375796178345,0.27261146496815286,14.114285714285714,0.058713057536346556,0.09775458163801272,0.19775093581050868,bbox_pad_20
/mnt/data/model-ckpts/sam/sam2-hiera-tiny,ViT-B-16-SigLIP2,webli,0.9,0.9,"ThresholdGrid(conf=0.9,mask=0.9)",0.30662325942622765,0.7837400436401367,3.037109375,0.1700269901954409,0.16305732484076432,0.44713375796178345,0.27261146496815286,14.114285714285714,0.058713057536346556,0.09775458163801272,0.19775093581050868,bbox_pad_20
/mnt/data/model-ckpts/sam/sam2-hiera-tiny,ViT-B-16-SigLIP2,webli,0.5,0.5,"ThresholdGrid(conf=0.5,mask=0.5)",0.3613435896113515,0.7840175628662109,3.037109375,0.1535098425052744,0.14140127388535031,0.5515923566878981,0.2802547770700637,36.25714285714286,0.3592279727710009,0.10357459879889609,0.18707169404648255,bbox_pad_20
/mnt/data/model-ckpts/sam/sam2-hiera-tiny,ViT-L-16-SigLIP2-384,webli,0.9,0.5,"ThresholdGrid(conf=0.9,mask=0.5)",0.3129608396972929,1.7148942947387695,9.880859375,0.17005321407548432,0.16178343949044585,0.44713375796178345,0.26878980891719745,14.114285714285714,0.058713057536346556,0.0990571522859821,0.19420185917076138,bbox_pad_20
/mnt/data/model-ckpts/sam/sam2-hiera-tiny,ViT-L-16-SigLIP2-384,webli,0.9,0.9,"ThresholdGrid(conf=0.9,mask=0.9)",0.3147022898441979,1.7148942947387695,9.880859375,0.17005321407548432,0.16178343949044585,0.44713375796178345,0.26878980891719745,14.114285714285714,0.058713057536346556,0.0990571522859821,0.19420185917076138,bbox_pad_20
/mnt/data/model-ckpts/sam/sam2-hiera-tiny,ViT-L-16-SigLIP2-384,webli,0.5,0.5,"ThresholdGrid(conf=0.5,mask=0.5)",0.36244309573833433,1.7152595520019531,9.880859375,0.15496914011274218,0.13885350318471337,0.5515923566878981,0.2713375796178344,36.25714285714286,0.3592279727710009,0.10525793429867478,0.18138903670066175,bbox_pad_20
/mnt/data/model-ckpts/sam/sam2-hiera-tiny,EVA02-B-16,merged2b_s8b_b131k,0.9,0.5,"ThresholdGrid(conf=0.9,mask=0.5)",0.2966855885460973,0.35399341583251953,3.66015625,0.1591530272647534,0.15159235668789808,0.44713375796178345,0.2535031847133758,14.114285714285714,0.058713057536346556,0.16596913204830924,0.18664476905634642,bbox_pad_20
/mnt/data/model-ckpts/sam/sam2-hiera-tiny,EVA02-B-16,merged2b_s8b_b131k,0.9,0.9,"ThresholdGrid(conf=0.9,mask=0.9)",0.2988282956981233,0.35399341583251953,3.66015625,0.1591530272647534,0.15159235668789808,0.44713375796178345,0.2535031847133758,14.114285714285714,0.058713057536346556,0.16596913204830924,0.18664476905634642,bbox_pad_20
/mnt/data/model-ckpts/sam/sam2-hiera-tiny,EVA02-B-16,merged2b_s8b_b131k,0.5,0.5,"ThresholdGrid(conf=0.5,mask=0.5)",0.3514903098610895,0.3541831970214844,3.66015625,0.13683384457100292,0.12356687898089172,0.5515923566878981,0.24713375796178344,36.25714285714286,0.3592279727710009,0.17190435215546068,0.16813239561471746,bbox_pad_20
/mnt/data/model-ckpts/sam/sam2-hiera-tiny,EVA02-L-14,merged2b_s4b_b131k,0.9,0.5,"ThresholdGrid(conf=0.9,mask=0.5)",0.3047620744577476,0.8756957054138184,6.880859375,0.17051654801503718,0.16560509554140126,0.44713375796178345,0.26878980891719745,14.114285714285714,0.058713057536346556,0.20660694336435598,0.2008500408397275,bbox_pad_20
/mnt/data/model-ckpts/sam/sam2-hiera-tiny,EVA02-L-14,merged2b_s4b_b131k,0.9,0.9,"ThresholdGrid(conf=0.9,mask=0.9)",0.30949911036129507,0.8756957054138184,6.880859375,0.17051654801503718,0.16560509554140126,0.44713375796178345,0.26878980891719745,14.114285714285714,0.058713057536346556,0.20660694336435598,0.2008500408397275,bbox_pad_20
/mnt/data/model-ckpts/sam/sam2-hiera-tiny,EVA02-L-14,merged2b_s4b_b131k,0.5,0.5,"ThresholdGrid(conf=0.5,mask=0.5)",0.3561216040647456,0.8759732246398926,6.880859375,0.16468402577634672,0.15668789808917197,0.5515923566878981,0.2878980891719745,36.25714285714286,0.3592279727710009,0.21271458182744918,0.19220313494515318,bbox_pad_20
/mnt/data/model-ckpts/sam/sam2-hiera-tiny,ViT-H-14,dfn5b,0.9,0.5,"ThresholdGrid(conf=0.9,mask=0.5)",0.3107270358928612,2.03121280670166,9.375,0.16985719259312843,0.16178343949044585,0.44713375796178345,0.26369426751592356,14.114285714285714,0.058713057536346556,0.23376584836062353,0.19332045336260398,bbox_pad_20
/mnt/data/model-ckpts/sam/sam2-hiera-tiny,ViT-H-14,dfn5b,0.9,0.9,"ThresholdGrid(conf=0.9,mask=0.9)",0.31840430040444645,2.03121280670166,9.375,0.16985719259312843,0.16178343949044585,0.44713375796178345,0.26369426751592356,14.114285714285714,0.058713057536346556,0.23376584836062353,0.19332045336260398,bbox_pad_20
/mnt/data/model-ckpts/sam/sam2-hiera-tiny,ViT-H-14,dfn5b,0.5,0.5,"ThresholdGrid(conf=0.5,mask=0.5)",0.37051907940102474,2.0315780639648438,9.375,0.14291676944171708,0.13630573248407643,0.5515923566878981,0.25987261146496815,36.25714285714286,0.3592279727710009,0.245034177629811,0.17991479275666167,bbox_pad_20
/mnt/data/model-ckpts/sam/sam2-hiera-tiny,MobileCLIP-B,datacompdr,0.9,0.5,"ThresholdGrid(conf=0.9,mask=0.5)",0.29017726025943247,0.3555750846862793,3.509765625,0.15861286134168198,0.14777070063694267,0.44713375796178345,0.25987261146496815,14.114285714285714,0.058713057536346556,0.16385089940610964,0.18786283760506312,bbox_pad_20
/mnt/data/model-ckpts/sam/sam2-hiera-tiny,MobileCLIP-B,datacompdr,0.9,0.9,"ThresholdGrid(conf=0.9,mask=0.9)",0.29318987924073425,0.3555750846862793,3.509765625,0.15861286134168198,0.14777070063694267,0.44713375796178345,0.25987261146496815,14.114285714285714,0.058713057536346556,0.16385089940610964,0.18786283760506312,bbox_pad_20
/mnt/data/model-ckpts/sam/sam2-hiera-tiny,MobileCLIP-B,datacompdr,0.5,0.5,"ThresholdGrid(conf=0.5,mask=0.5)",0.35602730100176166,0.35576486587524414,3.509765625,0.14702006173515467,0.13248407643312102,0.5515923566878981,0.2700636942675159,36.25714285714286,0.3592279727710009,0.1731298709561111,0.17909049272599312,bbox_pad_20
/mnt/data/model-ckpts/sam/sam2-hiera-tiny,MobileCLIP2-S0,dfndr2b,0.9,0.5,"ThresholdGrid(conf=0.9,mask=0.5)",0.29083301446267534,0.21106386184692383,4.810546875,0.16065728845573987,0.15414012738853503,0.44713375796178345,0.2445859872611465,14.114285714285714,0.058713057536346556,0.22727758448784519,0.1917224888747931,bbox_pad_20
/mnt/data/model-ckpts/sam/sam2-hiera-tiny,MobileCLIP2-S0,dfndr2b,0.9,0.9,"ThresholdGrid(conf=0.9,mask=0.9)",0.29371565407408134,0.21106386184692383,4.810546875,0.16065728845573987,0.15414012738853503,0.44713375796178345,0.2445859872611465,14.114285714285714,0.058713057536346556,0.22727758448784519,0.1917224888747931,bbox_pad_20
/mnt/data/model-ckpts/sam/sam2-hiera-tiny,MobileCLIP2-S0,dfndr2b,0.5,0.5,"ThresholdGrid(conf=0.5,mask=0.5)",0.3461327071168593,0.21125364303588867,4.810546875,0.13913016368713102,0.1337579617834395,0.5515923566878981,0.23821656050955414,36.25714285714286,0.3592279727710009,0.23602338085888297,0.17884346511606528,bbox_pad_20
/mnt/data/model-ckpts/sam/sam2-hiera-tiny,MobileCLIP2-S2,dfndr2b,0.9,0.5,"ThresholdGrid(conf=0.9,mask=0.5)",0.2875919021399958,0.2579774856567383,5.970703125,0.1661561539483044,0.1592356687898089,0.44713375796178345,0.25987261146496815,14.114285714285714,0.058713057536346556,0.2480681931327103,0.19379732856821655,bbox_pad_20
/mnt/data/model-ckpts/sam/sam2-hiera-tiny,MobileCLIP2-S2,dfndr2b,0.9,0.9,"ThresholdGrid(conf=0.9,mask=0.9)",0.3024627354794315,0.2579774856567383,5.970703125,0.1661561539483044,0.1592356687898089,0.44713375796178345,0.25987261146496815,14.114285714285714,0.058713057536346556,0.2480681931327103,0.19379732856821655,bbox_pad_20
/mnt/data/model-ckpts/sam/sam2-hiera-tiny,MobileCLIP2-S2,dfndr2b,0.5,0.5,"ThresholdGrid(conf=0.5,mask=0.5)",0.35943841295582907,0.2581672668457031,5.970703125,0.14860945232128028,0.1375796178343949,0.5515923566878981,0.2662420382165605,36.25714285714286,0.3592279727710009,0.2581938593061107,0.178380348826568,bbox_pad_20
/mnt/data/model-ckpts/sam/sam2-hiera-tiny,MobileCLIP2-B,dfndr2b,0.9,0.5,"ThresholdGrid(conf=0.9,mask=0.5)",0.296569086744317,0.3555750846862793,3.509765625,0.1708514636001304,0.16050955414012738,0.44713375796178345,0.27388535031847133,14.114285714285714,0.058713057536346556,0.246045685165627,0.19964434167056871,bbox_pad_20
/mnt/data/model-ckpts/sam/sam2-hiera-tiny,MobileCLIP2-B,dfndr2b,0.9,0.9,"ThresholdGrid(conf=0.9,mask=0.9)",0.29393438515918596,0.3555750846862793,3.509765625,0.1708514636001304,0.16050955414012738,0.44713375796178345,0.27388535031847133,14.114285714285714,0.058713057536346556,0.246045685165627,0.19964434167056871,bbox_pad_20
/mnt/data/model-ckpts/sam/sam2-hiera-tiny,MobileCLIP2-B,dfndr2b,0.5,0.5,"ThresholdGrid(conf=0.5,mask=0.5)",0.35507118196359705,0.35576486587524414,3.509765625,0.15400701444484155,0.13885350318471337,0.5515923566878981,0.2764331210191083,36.25714285714286,0.3592279727710009,0.2577657725400985,0.1900138125064075,bbox_pad_20
/mnt/data/model-ckpts/sam/sam3,ViT-B-32,laion2b_s34b_b79k,0.9,0.5,"ThresholdGrid(conf=0.9,mask=0.5)",0.32701064233801197,0.519439697265625,2.07421875,0.12831770550320742,0.11719745222929936,0.4305732484076433,0.20382165605095542,20.642857142857142,0.09416954997544699,0.2512981772612614,0.15297124109479784,bbox_pad_20
/mnt/data/model-ckpts/sam/sam3,ViT-B-32,laion2b_s34b_b79k,0.9,0.9,"ThresholdGrid(conf=0.9,mask=0.9)",0.3276137435542686,0.519439697265625,2.07421875,0.12831770550320742,0.11719745222929936,0.4305732484076433,0.20382165605095542,20.642857142857142,0.09416954997544699,0.2512981772612614,0.15297124109479784,bbox_pad_20
/mnt/data/model-ckpts/sam/sam3,ViT-B-32,laion2b_s34b_b79k,0.5,0.5,"ThresholdGrid(conf=0.5,mask=0.5)",0.3819098396758948,0.5196423530578613,2.07421875,0.11586446306887505,0.10191082802547771,0.5503184713375796,0.21146496815286625,52.785714285714285,0.3762949560261367,0.25938050883590796,0.13850752903449964,bbox_pad_20
/mnt/data/model-ckpts/sam/sam3,ViT-B-32,datacomp_xl_s13b_b90k,0.9,0.5,"ThresholdGrid(conf=0.9,mask=0.5)",0.3301193904397743,0.519439697265625,2.07421875,0.1344887434506744,0.12229299363057325,0.4305732484076433,0.21019108280254778,20.642857142857142,0.09416954997544699,0.1998998827140802,0.15796628525232026,bbox_pad_20
/mnt/data/model-ckpts/sam/sam3,ViT-B-32,datacomp_xl_s13b_b90k,0.9,0.9,"ThresholdGrid(conf=0.9,mask=0.9)",0.3358416325811829,0.519439697265625,2.07421875,0.1344887434506744,0.12229299363057325,0.4305732484076433,0.21019108280254778,20.642857142857142,0.09416954997544699,0.1998998827140802,0.15796628525232026,bbox_pad_20
/mnt/data/model-ckpts/sam/sam3,ViT-B-32,datacomp_xl_s13b_b90k,0.5,0.5,"ThresholdGrid(conf=0.5,mask=0.5)",0.37887704758239643,0.5196423530578613,2.07421875,0.12548879089256257,0.11082802547770701,0.5503184713375796,0.23312101910828026,52.785714285714285,0.3762949560261367,0.20911689262101604,0.14559936692175005,bbox_pad_20
/mnt/data/model-ckpts/sam/sam3,ViT-B-16,laion2b_s34b_b88k,0.9,0.5,"ThresholdGrid(conf=0.9,mask=0.5)",0.32475376169064213,0.5163202285766602,4.044921875,0.1435619464337377,0.13248407643312102,0.4305732484076433,0.23439490445859873,20.642857142857142,0.09416954997544699,0.222561034275468,0.16631725733914035,bbox_pad_20
/mnt/data/model-ckpts/sam/sam3,ViT-B-16,laion2b_s34b_b88k,0.9,0.9,"ThresholdGrid(conf=0.9,mask=0.9)",0.32815078073846443,0.5163202285766602,4.044921875,0.1435619464337377,0.13248407643312102,0.4305732484076433,0.23439490445859873,20.642857142857142,0.09416954997544699,0.222561034275468,0.16631725733914035,bbox_pad_20
/mnt/data/model-ckpts/sam/sam3,ViT-B-16,laion2b_s34b_b88k,0.5,0.5,"ThresholdGrid(conf=0.5,mask=0.5)",0.37576333353562014,0.5165228843688965,4.044921875,0.1284341734000246,0.11464968152866242,0.5503184713375796,0.23439490445859873,52.785714285714285,0.3762949560261367,0.23077482106579336,0.15405620751686344,bbox_pad_20
/mnt/data/model-ckpts/sam/sam3,ViT-B-16-SigLIP,webli,0.9,0.5,"ThresholdGrid(conf=0.9,mask=0.5)",0.3291817914162363,0.5690832138061523,3.82421875,0.12487178091829629,0.11464968152866242,0.4305732484076433,0.2,20.642857142857142,0.09416954997544699,0.06680113004674768,0.14845702438047834,bbox_pad_20
/mnt/data/model-ckpts/sam/sam3,ViT-B-16-SigLIP,webli,0.9,0.9,"ThresholdGrid(conf=0.9,mask=0.9)",0.3320086481315749,0.5690832138061523,3.82421875,0.12487178091829629,0.11464968152866242,0.4305732484076433,0.2,20.642857142857142,0.09416954997544699,0.06680113004674768,0.14845702438047834,bbox_pad_20
/mnt/data/model-ckpts/sam/sam3,ViT-B-16-SigLIP,webli,0.5,0.5,"ThresholdGrid(conf=0.5,mask=0.5)",0.37978372337030514,0.5693831443786621,3.82421875,0.1105708115562245,0.09936305732484077,0.5503184713375796,0.19745222929936307,52.785714285714285,0.3762949560261367,0.07359653289435776,0.13865928628086396,bbox_pad_20
/mnt/data/model-ckpts/sam/sam3,ViT-L-14,laion2b_s32b_b82k,0.9,0.5,"ThresholdGrid(conf=0.9,mask=0.5)",0.3360497299581766,1.060746192932129,6.68359375,0.14596811371268115,0.13503184713375796,0.4305732484076433,0.23821656050955414,20.642857142857142,0.09416954997544699,0.2447135179475614,0.16741818514681597,bbox_pad_20
/mnt/data/model-ckpts/sam/sam3,ViT-L-14,laion2b_s32b_b82k,0.9,0.9,"ThresholdGrid(conf=0.9,mask=0.9)",0.3347307277311172,1.060746192932129,6.68359375,0.14596811371268115,0.13503184713375796,0.4305732484076433,0.23821656050955414,20.642857142857142,0.09416954997544699,0.2447135179475614,0.16741818514681597,bbox_pad_20
/mnt/data/model-ckpts/sam/sam3,ViT-L-14,laion2b_s32b_b82k,0.5,0.5,"ThresholdGrid(conf=0.5,mask=0.5)",0.3806952121002333,1.0610461235046387,6.68359375,0.13820829296366824,0.12611464968152866,0.5503184713375796,0.26369426751592356,52.785714285714285,0.3762949560261367,0.25344289803201225,0.15304830997916208,bbox_pad_20
/mnt/data/model-ckpts/sam/sam3,ViT-L-14,dfn2b,0.9,0.5,"ThresholdGrid(conf=0.9,mask=0.5)",0.3317463444545865,1.060746192932129,6.68359375,0.14413602738947126,0.12738853503184713,0.4305732484076433,0.23694267515923567,20.642857142857142,0.09416954997544699,0.2005836070153364,0.16318152810856154,bbox_pad_20
/mnt/data/model-ckpts/sam/sam3,ViT-L-14,dfn2b,0.9,0.9,"ThresholdGrid(conf=0.9,mask=0.9)",0.33425026506717714,1.060746192932129,6.68359375,0.14413602738947126,0.12738853503184713,0.4305732484076433,0.23694267515923567,20.642857142857142,0.09416954997544699,0.2005836070153364,0.16318152810856154,bbox_pad_20
/mnt/data/model-ckpts/sam/sam3,ViT-L-14,dfn2b,0.5,0.5,"ThresholdGrid(conf=0.5,mask=0.5)",0.38479018424238476,1.0610461235046387,6.68359375,0.12364701117196793,0.1070063694267516,0.5503184713375796,0.2318471337579618,52.785714285714285,0.3762949560261367,0.21018127264680375,0.15041234738403575,bbox_pad_20
/mnt/data/model-ckpts/sam/sam3,ViT-L-14,datacomp_xl_s13b_b90k,0.9,0.5,"ThresholdGrid(conf=0.9,mask=0.5)",0.33406909289104597,1.060746192932129,6.68359375,0.13801260982844088,0.12229299363057325,0.4305732484076433,0.22165605095541402,20.642857142857142,0.09416954997544699,0.18136691480495368,0.15994228072187514,bbox_pad_20
/mnt/data/model-ckpts/sam/sam3,ViT-L-14,datacomp_xl_s13b_b90k,0.9,0.9,"ThresholdGrid(conf=0.9,mask=0.9)",0.33831821555005653,1.060746192932129,6.68359375,0.13801260982844088,0.12229299363057325,0.4305732484076433,0.22165605095541402,20.642857142857142,0.09416954997544699,0.18136691480495368,0.15994228072187514,bbox_pad_20
/mnt/data/model-ckpts/sam/sam3,ViT-L-14,datacomp_xl_s13b_b90k,0.5,0.5,"ThresholdGrid(conf=0.5,mask=0.5)",0.3865655977278948,1.0610461235046387,6.68359375,0.1301399870633236,0.11719745222929936,0.5503184713375796,0.2394904458598726,52.785714285714285,0.3762949560261367,0.1923734586709624,0.15127930929910902,bbox_pad_20
/mnt/data/model-ckpts/sam/sam3,MobileCLIP-S1,datacompdr,0.9,0.5,"ThresholdGrid(conf=0.9,mask=0.5)",0.31560651093189207,0.3361172676086426,8.435546875,0.1367132337797796,0.12356687898089172,0.4305732484076433,0.22802547770700637,20.642857142857142,0.09416954997544699,0.21756013626125967,0.15529418447743523,bbox_pad_20
/mnt/data/model-ckpts/sam/sam3,MobileCLIP-S1,datacompdr,0.9,0.9,"ThresholdGrid(conf=0.9,mask=0.9)",0.31620459963700603,0.3361172676086426,8.435546875,0.1367132337797796,0.12356687898089172,0.4305732484076433,0.22802547770700637,20.642857142857142,0.09416954997544699,0.21756013626125967,0.15529418447743523,bbox_pad_20
/mnt/data/model-ckpts/sam/sam3,MobileCLIP-S1,datacompdr,0.5,0.5,"ThresholdGrid(conf=0.5,mask=0.5)",0.3691108531451651,0.3363199234008789,8.435546875,0.1256275824558264,0.1070063694267516,0.5503184713375796,0.24585987261146497,52.785714285714285,0.3762949560261367,0.22655561688789136,0.1433908455969771,bbox_pad_20
/mnt/data/model-ckpts/sam/sam3,MobileCLIP-S2,datacompdr,0.9,0.5,"ThresholdGrid(conf=0.9,mask=0.5)",0.3145276302737849,0.3659324645996094,10.40625,0.13582811748153537,0.12356687898089172,0.4305732484076433,0.2318471337579618,20.642857142857142,0.09416954997544699,0.22127243967572596,0.15184471351499704,bbox_pad_20
/mnt/data/model-ckpts/sam/sam3,MobileCLIP-S2,datacompdr,0.9,0.9,"ThresholdGrid(conf=0.9,mask=0.9)",0.3186310109283243,0.3659324645996094,10.40625,0.13582811748153537,0.12356687898089172,0.4305732484076433,0.2318471337579618,20.642857142857142,0.09416954997544699,0.22127243967572596,0.15184471351499704,bbox_pad_20
/mnt/data/model-ckpts/sam/sam3,MobileCLIP-S2,datacompdr,0.5,0.5,"ThresholdGrid(conf=0.5,mask=0.5)",0.36737019129629644,0.3661351203918457,10.40625,0.12238762202278489,0.0980891719745223,0.5503184713375796,0.24713375796178344,52.785714285714285,0.3762949560261367,0.23054112199765103,0.1362491631173997,bbox_pad_20
/mnt/data/model-ckpts/sam/sam3,ViT-H-14,laion2b_s32b_b79k,0.9,0.5,"ThresholdGrid(conf=0.9,mask=0.5)",0.33212093569870504,2.1373767852783203,10.22265625,0.12887957459721502,0.1159235668789809,0.4305732484076433,0.2140127388535032,20.642857142857142,0.09416954997544699,0.24289659252212306,0.14956063895225222,bbox_pad_20
/mnt/data/model-ckpts/sam/sam3,ViT-H-14,laion2b_s32b_b79k,0.9,0.9,"ThresholdGrid(conf=0.9,mask=0.9)",0.33638631658894674,2.1373767852783203,10.22265625,0.12887957459721502,0.1159235668789809,0.4305732484076433,0.2140127388535032,20.642857142857142,0.09416954997544699,0.24289659252212306,0.14956063895225222,bbox_pad_20
/mnt/data/model-ckpts/sam/sam3,ViT-H-14,laion2b_s32b_b79k,0.5,0.5,"ThresholdGrid(conf=0.5,mask=0.5)",0.39745259564369917,2.1377739906311035,10.22265625,0.1208807019791983,0.10445859872611465,0.5503184713375796,0.22802547770700637,52.785714285714285,0.3762949560261367,0.25235626297012254,0.14019541279243325,bbox_pad_20
/mnt/data/model-ckpts/sam/sam3,ViT-H-14,metaclip_fullcc,0.9,0.5,"ThresholdGrid(conf=0.9,mask=0.5)",0.340050645172596,2.1373767852783203,10.22265625,0.14554662892198061,0.12484076433121019,0.4305732484076433,0.24713375796178344,20.642857142857142,0.09416954997544699,0.3187352713126286,0.16418262741574519,bbox_pad_20
/mnt/data/model-ckpts/sam/sam3,ViT-H-14,metaclip_fullcc,0.9,0.9,"ThresholdGrid(conf=0.9,mask=0.9)",0.340635801798531,2.1373767852783203,10.22265625,0.14554662892198061,0.12484076433121019,0.4305732484076433,0.24713375796178344,20.642857142857142,0.09416954997544699,0.3187352713126286,0.16418262741574519,bbox_pad_20
/mnt/data/model-ckpts/sam/sam3,ViT-H-14,metaclip_fullcc,0.5,0.5,"ThresholdGrid(conf=0.5,mask=0.5)",0.40875268833977835,2.1377739906311035,10.22265625,0.15023702262283495,0.13630573248407643,0.5503184713375796,0.2751592356687898,52.785714285714285,0.3762949560261367,0.32268133493745405,0.16995234388066344,bbox_pad_20
/mnt/data/model-ckpts/sam/sam3,ViT-B-16-SigLIP2,webli,0.9,0.5,"ThresholdGrid(conf=0.9,mask=0.5)",0.3293923501457487,0.8896398544311523,4.14453125,0.1459241239603403,0.13248407643312102,0.4305732484076433,0.2394904458598726,20.642857142857142,0.09416954997544699,0.09933420859134881,0.16811622933538747,bbox_pad_20
/mnt/data/model-ckpts/sam/sam3,ViT-B-16-SigLIP2,webli,0.9,0.9,"ThresholdGrid(conf=0.9,mask=0.9)",0.32118989287742544,0.8896398544311523,4.14453125,0.1459241239603403,0.13248407643312102,0.4305732484076433,0.2394904458598726,20.642857142857142,0.09416954997544699,0.09933420859134881,0.16811622933538747,bbox_pad_20
/mnt/data/model-ckpts/sam/sam3,ViT-B-16-SigLIP2,webli,0.5,0.5,"ThresholdGrid(conf=0.5,mask=0.5)",0.3643583373299667,0.8899397850036621,4.14453125,0.1260387761444517,0.10573248407643313,0.5503184713375796,0.24331210191082803,52.785714285714285,0.3762949560261367,0.10461940604030706,0.15118404645815914,bbox_pad_20
/mnt/data/model-ckpts/sam/sam3,ViT-L-16-SigLIP2-384,webli,0.9,0.5,"ThresholdGrid(conf=0.9,mask=0.5)",0.33161444922110866,1.8224010467529297,12.66015625,0.14682970458145844,0.12993630573248408,0.4305732484076433,0.24203821656050956,20.642857142857142,0.09416954997544699,0.1008391047454184,0.16121558982697468,bbox_pad_20
/mnt/data/model-ckpts/sam/sam3,ViT-L-16-SigLIP2-384,webli,0.9,0.9,"ThresholdGrid(conf=0.9,mask=0.9)",0.3358957623796804,1.8224010467529297,12.66015625,0.14682970458145844,0.12993630573248408,0.4305732484076433,0.24203821656050956,20.642857142857142,0.09416954997544699,0.1008391047454184,0.16121558982697468,bbox_pad_20
/mnt/data/model-ckpts/sam/sam3,ViT-L-16-SigLIP2-384,webli,0.5,0.5,"ThresholdGrid(conf=0.5,mask=0.5)",0.3898724281628217,1.822798252105713,12.66015625,0.1414736845118638,0.1197452229299363,0.5503184713375796,0.25605095541401274,52.785714285714285,0.3762949560261367,0.10677464368047228,0.15360638910426702,bbox_pad_20
/mnt/data/model-ckpts/sam/sam3,EVA02-B-16,merged2b_s8b_b131k,0.9,0.5,"ThresholdGrid(conf=0.9,mask=0.5)",0.31689322287482874,0.4614601135253906,4.478515625,0.14024626428537607,0.12738853503184713,0.4305732484076433,0.22165605095541402,20.642857142857142,0.09416954997544699,0.16775551325386498,0.1587021691440337,bbox_pad_20
/mnt/data/model-ckpts/sam/sam3,EVA02-B-16,merged2b_s8b_b131k,0.9,0.9,"ThresholdGrid(conf=0.9,mask=0.9)",0.3190886362322739,0.4614601135253906,4.478515625,0.14024626428537607,0.12738853503184713,0.4305732484076433,0.22165605095541402,20.642857142857142,0.09416954997544699,0.16775551325386498,0.1587021691440337,bbox_pad_20
/mnt/data/model-ckpts/sam/sam3,EVA02-B-16,merged2b_s8b_b131k,0.5,0.5,"ThresholdGrid(conf=0.5,mask=0.5)",0.3684766823425889,0.46166276931762695,4.478515625,0.12730441733405046,0.11082802547770701,0.5503184713375796,0.23057324840764332,52.785714285714285,0.3762949560261367,0.17351167552220595,0.1446751001405575,bbox_pad_20
/mnt/data/model-ckpts/sam/sam3,EVA02-L-14,merged2b_s4b_b131k,0.9,0.5,"ThresholdGrid(conf=0.9,mask=0.5)",0.3290672886318394,0.981473445892334,8.33984375,0.1469273746483222,0.1337579617834395,0.4305732484076433,0.24203821656050956,20.642857142857142,0.09416954997544699,0.20841961922539268,0.16419012108015676,bbox_pad_20
/mnt/data/model-ckpts/sam/sam3,EVA02-L-14,merged2b_s4b_b131k,0.9,0.9,"ThresholdGrid(conf=0.9,mask=0.9)",0.3295154377285923,0.981473445892334,8.33984375,0.1469273746483222,0.1337579617834395,0.4305732484076433,0.24203821656050956,20.642857142857142,0.09416954997544699,0.20841961922539268,0.16419012108015676,bbox_pad_20
/mnt/data/model-ckpts/sam/sam3,EVA02-L-14,merged2b_s4b_b131k,0.5,0.5,"ThresholdGrid(conf=0.5,mask=0.5)",0.38246052406196085,0.9817733764648438,8.33984375,0.1321355105370834,0.1197452229299363,0.5503184713375796,0.24713375796178344,52.785714285714285,0.3762949560261367,0.21472800112074347,0.15769534028164808,bbox_pad_20
/mnt/data/model-ckpts/sam/sam3,ViT-H-14,dfn5b,0.9,0.5,"ThresholdGrid(conf=0.9,mask=0.5)",0.3432884379955275,2.1373767852783203,10.22265625,0.13901536437790296,0.12993630573248408,0.4305732484076433,0.21528662420382166,20.642857142857142,0.09416954997544699,0.23845255225896836,0.16128627348685468,bbox_pad_20
/mnt/data/model-ckpts/sam/sam3,ViT-H-14,dfn5b,0.9,0.9,"ThresholdGrid(conf=0.9,mask=0.9)",0.3372304474136659,2.1373767852783203,10.22265625,0.13901536437790296,0.12993630573248408,0.4305732484076433,0.21528662420382166,20.642857142857142,0.09416954997544699,0.23845255225896836,0.16128627348685468,bbox_pad_20
/mnt/data/model-ckpts/sam/sam3,ViT-H-14,dfn5b,0.5,0.5,"ThresholdGrid(conf=0.5,mask=0.5)",0.39450377891106264,2.1377739906311035,10.22265625,0.12336875154834274,0.1159235668789809,0.5503184713375796,0.2178343949044586,52.785714285714285,0.3762949560261367,0.24844481648912856,0.1544909908483455,bbox_pad_20
/mnt/data/model-ckpts/sam/sam3,MobileCLIP-B,datacompdr,0.9,0.5,"ThresholdGrid(conf=0.9,mask=0.5)",0.32837868867708103,0.4620652198791504,3.75390625,0.14552149422706637,0.12229299363057325,0.4305732484076433,0.2535031847133758,20.642857142857142,0.09416954997544699,0.16651175418856798,0.16000711477519064,bbox_pad_20
/mnt/data/model-ckpts/sam/sam3,MobileCLIP-B,datacompdr,0.9,0.9,"ThresholdGrid(conf=0.9,mask=0.9)",0.32507089365805897,0.4620652198791504,3.75390625,0.14552149422706637,0.12229299363057325,0.4305732484076433,0.2535031847133758,20.642857142857142,0.09416954997544699,0.16651175418856798,0.16000711477519064,bbox_pad_20
/mnt/data/model-ckpts/sam/sam3,MobileCLIP-B,datacompdr,0.5,0.5,"ThresholdGrid(conf=0.5,mask=0.5)",0.3721533775595682,0.4622678756713867,3.75390625,0.12726756014569507,0.10191082802547771,0.5503184713375796,0.24331210191082803,52.785714285714285,0.3762949560261367,0.17543347409576368,0.14836114479270734,bbox_pad_20
/mnt/data/model-ckpts/sam/sam3,MobileCLIP2-S0,dfndr2b,0.9,0.5,"ThresholdGrid(conf=0.9,mask=0.5)",0.31557210854121615,0.3185305595397949,8.40625,0.13165245084143404,0.11847133757961784,0.4305732484076433,0.2140127388535032,20.642857142857142,0.09416954997544699,0.23117657526852978,0.1579541997832282,bbox_pad_20
/mnt/data/model-ckpts/sam/sam3,MobileCLIP2-S0,dfndr2b,0.9,0.9,"ThresholdGrid(conf=0.9,mask=0.9)",0.31861806221838507,0.3185305595397949,8.40625,0.13165245084143404,0.11847133757961784,0.4305732484076433,0.2140127388535032,20.642857142857142,0.09416954997544699,0.23117657526852978,0.1579541997832282,bbox_pad_20
/mnt/data/model-ckpts/sam/sam3,MobileCLIP2-S0,dfndr2b,0.5,0.5,"ThresholdGrid(conf=0.5,mask=0.5)",0.4168303616877113,0.31873321533203125,8.40625,0.12309930546262789,0.10573248407643313,0.5503184713375796,0.22929936305732485,52.785714285714285,0.3762949560261367,0.23888943662309342,0.14730494916255496,bbox_pad_20
/mnt/data/model-ckpts/sam/sam3,MobileCLIP2-S2,dfndr2b,0.9,0.5,"ThresholdGrid(conf=0.9,mask=0.5)",0.3256547697154539,0.3659324645996094,10.40625,0.1487584747548994,0.13121019108280255,0.4305732484076433,0.24203821656050956,20.642857142857142,0.09416954997544699,0.25252529834486115,0.16549352557530148,bbox_pad_20
/mnt/data/model-ckpts/sam/sam3,MobileCLIP2-S2,dfndr2b,0.9,0.9,"ThresholdGrid(conf=0.9,mask=0.9)",0.3199874024306025,0.3659324645996094,10.40625,0.1487584747548994,0.13121019108280255,0.4305732484076433,0.24203821656050956,20.642857142857142,0.09416954997544699,0.25252529834486115,0.16549352557530148,bbox_pad_20
/mnt/data/model-ckpts/sam/sam3,MobileCLIP2-S2,dfndr2b,0.5,0.5,"ThresholdGrid(conf=0.5,mask=0.5)",0.3728556346946529,0.3661351203918457,10.40625,0.11602780041380754,0.0929936305732484,0.5503184713375796,0.22420382165605096,52.785714285714285,0.3762949560261367,0.2614558359050447,0.14318877569712257,bbox_pad_20
/mnt/data/model-ckpts/sam/sam3,MobileCLIP2-B,dfndr2b,0.9,0.5,"ThresholdGrid(conf=0.9,mask=0.5)",0.31500590432967457,0.4620652198791504,3.75390625,0.15184491491697769,0.13630573248407643,0.4305732484076433,0.24331210191082803,20.642857142857142,0.09416954997544699,0.2501552648035584,0.17019721001106033,bbox_pad_20
/mnt/data/model-ckpts/sam/sam3,MobileCLIP2-B,dfndr2b,0.9,0.9,"ThresholdGrid(conf=0.9,mask=0.9)",0.3204604544277702,0.4620652198791504,3.75390625,0.15184491491697769,0.13630573248407643,0.4305732484076433,0.24331210191082803,20.642857142857142,0.09416954997544699,0.2501552648035584,0.17019721001106033,bbox_pad_20
/mnt/data/model-ckpts/sam/sam3,MobileCLIP2-B,dfndr2b,0.5,0.5,"ThresholdGrid(conf=0.5,mask=0.5)",0.3606249511774097,0.4622678756713867,3.75390625,0.13904207251731035,0.12484076433121019,0.5503184713375796,0.2445859872611465,52.785714285714285,0.3762949560261367,0.260795307728895,0.16399866631743737,bbox_pad_20
